{"data":[{"Properties":{"name":"USER@PANTHEON.GOD","highvalue":false,"Template Name":"User","Display Name":"User","Certificate Authorities":["PANTHEON-DC01-CA"],"Enabled":true,"Client Authentication":true,"Enrollment Agent":false,"Any Purpose":false,"Enrollee Supplies Subject":false,"Certificate Name Flag":["SubjectAltRequireUpn","SubjectAltRequireEmail","SubjectRequireEmail","SubjectRequireDirectoryPath"],"Enrollment Flag":["IncludeSymmetricAlgorithms","PublishToDs","AutoEnrollment"],"Private Key Flag":["ExportableKey","AttestNone"],"Extended Key Usage":["Encrypting File System","Secure Email","Client Authentication"],"Requires Manager Approval":false,"Requires Key Archival":false,"Authorized Signatures Required":0,"Validity Period":"1 year","Renewal Period":"6 weeks","domain":"PANTHEON.GOD"},"ObjectIdentifier":"3D6C6FCF-1E7B-4A54-ABF2-A3FE21B9C737","Aces":[{"RightName":"Owns","IsInherited":false,"PrincipalSID":"S-1-5-21-3516374454-2761537032-415496107-519","PrincipalType":"Group"},{"RightName":"Enroll","IsInherited":false,"PrincipalSID":"S-1-5-21-3516374454-2761537032-415496107-512","PrincipalType":"Group"},{"RightName":"Enroll","IsInherited":false,"PrincipalSID":"S-1-5-21-3516374454-2761537032-415496107-513","PrincipalType":"Group"},{"RightName":"Enroll","IsInherited":false,"PrincipalSID":"S-1-5-21-3516374454-2761537032-415496107-519","PrincipalType":"Group"},{"RightName":"GenericWrite","IsInherited":false,"PrincipalSID":"S-1-5-21-3516374454-2761537032-415496107-512","PrincipalType":"Group"},{"RightName":"WriteOwner","IsInherited":false,"PrincipalSID":"S-1-5-21-3516374454-2761537032-415496107-512","PrincipalType":"Group"},{"RightName":"WriteDacl","IsInherited":false,"PrincipalSID":"S-1-5-21-3516374454-2761537032-415496107-512","PrincipalType":"Group"},{"RightName":"GenericWrite","IsInherited":false,"PrincipalSID":"S-1-5-21-3516374454-2761537032-415496107-519","PrincipalType":"Group"},{"RightName":"WriteOwner","IsInherited":false,"PrincipalSID":"S-1-5-21-3516374454-2761537032-415496107-519","PrincipalType":"Group"},{"RightName":"WriteDacl","IsInherited":false,"PrincipalSID":"S-1-5-21-3516374454-2761537032-415496107-519","PrincipalType":"Group"}],"cas_ids":["E30AB0AF-EC69-47E0-BBAC-84F0B7CAE084"]},{"Properties":{"name":"USERSIGNATURE@PANTHEON.GOD","highvalue":false,"Template Name":"UserSignature","Display Name":"User Signature Only","Certificate Authorities":[],"Enabled":false,"Client Authentication":true,"Enrollment Agent":false,"Any Purpose":false,"Enrollee Supplies Subject":false,"Certificate Name Flag":["SubjectAltRequireUpn","SubjectAltRequireEmail","SubjectRequireEmail","SubjectRequireDirectoryPath"],"Enrollment Flag":["AutoEnrollment"],"Private Key Flag":["AttestNone"],"Extended Key Usage":["Secure Email","Client Authentication"],"Requires Manager Approval":false,"Requires Key Archival":false,"Authorized Signatures Required":0,"Validity Period":"1 year","Renewal Period":"6 weeks","domain":"PANTHEON.GOD"},"ObjectIdentifier":"28D90590-96D2-4562-973D-0B307322580C","Aces":[{"RightName":"Owns","IsInherited":false,"PrincipalSID":"S-1-5-21-3516374454-2761537032-415496107-519","PrincipalType":"Group"},{"RightName":"Enroll","IsInherited":false,"PrincipalSID":"S-1-5-21-3516374454-2761537032-415496107-512","PrincipalType":"Group"},{"RightName":"Enroll","IsInherited":false,"PrincipalSID":"S-1-5-21-3516374454-2761537032-415496107-513","PrincipalType":"Group"},{"RightName":"Enroll","IsInherited":false,"PrincipalSID":"S-1-5-21-3516374454-2761537032-415496107-519","PrincipalType":"Group"},{"RightName":"GenericWrite","IsInherited":false,"PrincipalSID":"S-1-5-21-3516374454-2761537032-415496107-512","PrincipalType":"Group"},{"RightName":"WriteOwner","IsInherited":false,"PrincipalSID":"S-1-5-21-3516374454-2761537032-415496107-512","PrincipalType":"Group"},{"RightName":"WriteDacl","IsInherited":false,"PrincipalSID":"S-1-5-21-3516374454-2761537032-415496107-512","PrincipalType":"Group"},{"RightName":"GenericWrite","IsInherited":false,"PrincipalSID":"S-1-5-21-3516374454-2761537032-415496107-519","PrincipalType":"Group"},{"RightName":"WriteOwner","IsInherited":false,"PrincipalSID":"S-1-5-21-3516374454-2761537032-415496107-519","PrincipalType":"Group"},{"RightName":"WriteDacl","IsInherited":false,"PrincipalSID":"S-1-5-21-3516374454-2761537032-415496107-519","PrincipalType":"Group"}]},{"Properties":{"name":"SMARTCARDUSER@PANTHEON.GOD","highvalue":false,"Template Name":"SmartcardUser","Display Name":"Smartcard User","Certificate Authorities":[],"Enabled":false,"Client Authentication":true,"Enrollment Agent":false,"Any Purpose":false,"Enrollee Supplies Subject":false,"Certificate Name Flag":["SubjectAltRequireUpn","SubjectAltRequireEmail","SubjectRequireEmail","SubjectRequireDirectoryPath"],"Enrollment Flag":["IncludeSymmetricAlgorithms","PublishToDs"],"Private Key Flag":["AttestNone"],"Extended Key Usage":["Secure Email","Client Authentication","Smart Card Logon"],"Requires Manager Approval":false,"Requires Key Archival":false,"Authorized Signatures Required":0,"Validity Period":"1 year","Renewal Period":"6 weeks","domain":"PANTHEON.GOD"},"ObjectIdentifier":"D53BEF31-917B-431F-B56B-86326CF5E303","Aces":[{"RightName":"Owns","IsInherited":false,"PrincipalSID":"S-1-5-21-3516374454-2761537032-415496107-519","PrincipalType":"Group"},{"RightName":"Enroll","IsInherited":false,"PrincipalSID":"S-1-5-21-3516374454-2761537032-415496107-512","PrincipalType":"Group"},{"RightName":"Enroll","IsInherited":false,"PrincipalSID":"S-1-5-21-3516374454-2761537032-415496107-519","PrincipalType":"Group"},{"RightName":"GenericWrite","IsInherited":false,"PrincipalSID":"S-1-5-21-3516374454-2761537032-415496107-512","PrincipalType":"Group"},{"RightName":"WriteOwner","IsInherited":false,"PrincipalSID":"S-1-5-21-3516374454-2761537032-415496107-512","PrincipalType":"Group"},{"RightName":"WriteDacl","IsInherited":false,"PrincipalSID":"S-1-5-21-3516374454-2761537032-415496107-512","PrincipalType":"Group"},{"RightName":"GenericWrite","IsInherited":false,"PrincipalSID":"S-1-5-21-3516374454-2761537032-415496107-519","PrincipalType":"Group"},{"RightName":"WriteOwner","IsInherited":false,"PrincipalSID":"S-1-5-21-3516374454-2761537032-415496107-519","PrincipalType":"Group"},{"RightName":"WriteDacl","IsInherited":false,"PrincipalSID":"S-1-5-21-3516374454-2761537032-415496107-519","PrincipalType":"Group"}]},{"Properties":{"name":"CLIENTAUTH@PANTHEON.GOD","highvalue":false,"Template Name":"ClientAuth","Display Name":"Authenticated Session","Certificate Authorities":[],"Enabled":false,"Client Authentication":true,"Enrollment Agent":false,"Any Purpose":false,"Enrollee Supplies Subject":false,"Certificate Name Flag":["SubjectAltRequireUpn","SubjectRequireDirectoryPath"],"Enrollment Flag":["AutoEnrollment"],"Private Key Flag":["AttestNone"],"Extended Key Usage":["Client Authentication"],"Requires Manager Approval":false,"Requires Key Archival":false,"Authorized Signatures Required":0,"Validity Period":"1 year","Renewal Period":"6 weeks","domain":"PANTHEON.GOD"},"ObjectIdentifier":"4FD517F5-8CA9-47F3-930C-A56349DCF421","Aces":[{"RightName":"Owns","IsInherited":false,"PrincipalSID":"S-1-5-21-3516374454-2761537032-415496107-519","PrincipalType":"Group"},{"RightName":"Enroll","IsInherited":false,"PrincipalSID":"S-1-5-21-3516374454-2761537032-415496107-512","PrincipalType":"Group"},{"RightName":"Enroll","IsInherited":false,"PrincipalSID":"S-1-5-21-3516374454-2761537032-415496107-513","PrincipalType":"Group"},{"RightName":"Enroll","IsInherited":false,"PrincipalSID":"S-1-5-21-3516374454-2761537032-415496107-519","PrincipalType":"Group"},{"RightName":"GenericWrite","IsInherited":false,"PrincipalSID":"S-1-5-21-3516374454-2761537032-415496107-512","PrincipalType":"Group"},{"RightName":"WriteOwner","IsInherited":false,"PrincipalSID":"S-1-5-21-3516374454-2761537032-415496107-512","PrincipalType":"Group"},{"RightName":"WriteDacl","IsInherited":false,"PrincipalSID":"S-1-5-21-3516374454-2761537032-415496107-512","PrincipalType":"Group"},{"RightName":"GenericWrite","IsInherited":false,"PrincipalSID":"S-1-5-21-3516374454-2761537032-415496107-519","PrincipalType":"Group"},{"RightName":"WriteOwner","IsInherited":false,"PrincipalSID":"S-1-5-21-3516374454-2761537032-415496107-519","PrincipalType":"Group"},{"RightName":"WriteDacl","IsInherited":false,"PrincipalSID":"S-1-5-21-3516374454-2761537032-415496107-519","PrincipalType":"Group"}]},{"Properties":{"name":"SMARTCARDLOGON@PANTHEON.GOD","highvalue":false,"Template Name":"SmartcardLogon","Display Name":"Smartcard Logon","Certificate Authorities":[],"Enabled":false,"Client Authentication":true,"Enrollment Agent":false,"Any Purpose":false,"Enrollee Supplies Subject":false,"Certificate Name Flag":["SubjectAltRequireUpn","SubjectRequireDirectoryPath"],"Enrollment Flag":[],"Private Key Flag":["AttestNone"],"Extended Key Usage":["Client Authentication","Smart Card Logon"],"Requires Manager Approval":false,"Requires Key Archival":false,"Authorized Signatures Required":0,"Validity Period":"1 year","Renewal Period":"6 weeks","domain":"PANTHEON.GOD"},"ObjectIdentifier":"D6D75AB6-19D5-4072-AAB2-3E5B3A49B3FF","Aces":[{"RightName":"Owns","IsInherited":false,"PrincipalSID":"S-1-5-21-3516374454-2761537032-415496107-519","PrincipalType":"Group"},{"RightName":"Enroll","IsInherited":false,"PrincipalSID":"S-1-5-21-3516374454-2761537032-415496107-512","PrincipalType":"Group"},{"RightName":"Enroll","IsInherited":false,"PrincipalSID":"S-1-5-21-3516374454-2761537032-415496107-519","PrincipalType":"Group"},{"RightName":"GenericWrite","IsInherited":false,"PrincipalSID":"S-1-5-21-3516374454-2761537032-415496107-512","PrincipalType":"Group"},{"RightName":"WriteOwner","IsInherited":false,"PrincipalSID":"S-1-5-21-3516374454-2761537032-415496107-512","PrincipalType":"Group"},{"RightName":"WriteDacl","IsInherited":false,"PrincipalSID":"S-1-5-21-3516374454-2761537032-415496107-512","PrincipalType":"Group"},{"RightName":"GenericWrite","IsInherited":false,"PrincipalSID":"S-1-5-21-3516374454-2761537032-415496107-519","PrincipalType":"Group"},{"RightName":"WriteOwner","IsInherited":false,"PrincipalSID":"S-1-5-21-3516374454-2761537032-415496107-519","PrincipalType":"Group"},{"RightName":"WriteDacl","IsInherited":false,"PrincipalSID":"S-1-5-21-3516374454-2761537032-415496107-519","PrincipalType":"Group"}]},{"Properties":{"name":"EFS@PANTHEON.GOD","highvalue":false,"Template Name":"EFS","Display Name":"Basic EFS","Certificate Authorities":[],"Enabled":false,"Client Authentication":false,"Enrollment Agent":false,"Any Purpose":false,"Enrollee Supplies Subject":false,"Certificate Name Flag":["SubjectAltRequireUpn","SubjectRequireDirectoryPath"],"Enrollment Flag":["IncludeSymmetricAlgorithms","PublishToDs","AutoEnrollment"],"Private Key Flag":["ExportableKey","AttestNone"],"Extended Key Usage":["Encrypting File System"],"Requires Manager Approval":false,"Requires Key Archival":false,"Authorized Signatures Required":0,"Validity Period":"1 year","Renewal Period":"6 weeks","domain":"PANTHEON.GOD"},"ObjectIdentifier":"F966BFF8-60FC-4405-AF8B-642454467977","Aces":[{"RightName":"Owns","IsInherited":false,"PrincipalSID":"S-1-5-21-3516374454-2761537032-415496107-519","PrincipalType":"Group"},{"RightName":"Enroll","IsInherited":false,"PrincipalSID":"S-1-5-21-3516374454-2761537032-415496107-512","PrincipalType":"Group"},{"RightName":"Enroll","IsInherited":false,"PrincipalSID":"S-1-5-21-3516374454-2761537032-415496107-513","PrincipalType":"Group"},{"RightName":"Enroll","IsInherited":false,"PrincipalSID":"S-1-5-21-3516374454-2761537032-415496107-519","PrincipalType":"Group"},{"RightName":"GenericWrite","IsInherited":false,"PrincipalSID":"S-1-5-21-3516374454-2761537032-415496107-512","PrincipalType":"Group"},{"RightName":"WriteOwner","IsInherited":false,"PrincipalSID":"S-1-5-21-3516374454-2761537032-415496107-512","PrincipalType":"Group"},{"RightName":"WriteDacl","IsInherited":false,"PrincipalSID":"S-1-5-21-3516374454-2761537032-415496107-512","PrincipalType":"Group"},{"RightName":"GenericWrite","IsInherited":false,"PrincipalSID":"S-1-5-21-3516374454-2761537032-415496107-519","PrincipalType":"Group"},{"RightName":"WriteOwner","IsInherited":false,"PrincipalSID":"S-1-5-21-3516374454-2761537032-415496107-519","PrincipalType":"Group"},{"RightName":"WriteDacl","IsInherited":false,"PrincipalSID":"S-1-5-21-3516374454-2761537032-415496107-519","PrincipalType":"Group"}]},{"Properties":{"name":"ADMINISTRATOR@PANTHEON.GOD","highvalue":false,"Template Name":"Administrator","Display Name":"Administrator","Certificate Authorities":["PANTHEON-DC01-CA"],"Enabled":true,"Client Authentication":true,"Enrollment Agent":false,"Any Purpose":false,"Enrollee Supplies Subject":false,"Certificate Name Flag":["SubjectAltRequireUpn","SubjectAltRequireEmail","SubjectRequireEmail","SubjectRequireDirectoryPath"],"Enrollment Flag":["IncludeSymmetricAlgorithms","PublishToDs","AutoEnrollment"],"Private Key Flag":["ExportableKey","AttestNone"],"Extended Key Usage":["Microsoft Trust List Signing","Encrypting File System","Secure Email","Client Authentication"],"Requires Manager Approval":false,"Requires Key Archival":false,"Authorized Signatures Required":0,"Validity Period":"1 year","Renewal Period":"6 weeks","domain":"PANTHEON.GOD"},"ObjectIdentifier":"2989612C-EE2A-4630-AAFA-435FBEE56CD0","Aces":[{"RightName":"Owns","IsInherited":false,"PrincipalSID":"S-1-5-21-3516374454-2761537032-415496107-519","PrincipalType":"Group"},{"RightName":"Enroll","IsInherited":false,"PrincipalSID":"S-1-5-21-3516374454-2761537032-415496107-512","PrincipalType":"Group"},{"RightName":"Enroll","IsInherited":false,"PrincipalSID":"S-1-5-21-3516374454-2761537032-415496107-519","PrincipalType":"Group"},{"RightName":"GenericWrite","IsInherited":false,"PrincipalSID":"S-1-5-21-3516374454-2761537032-415496107-512","PrincipalType":"Group"},{"RightName":"WriteOwner","IsInherited":false,"PrincipalSID":"S-1-5-21-3516374454-2761537032-415496107-512","PrincipalType":"Group"},{"RightName":"WriteDacl","IsInherited":false,"PrincipalSID":"S-1-5-21-3516374454-2761537032-415496107-512","PrincipalType":"Group"},{"RightName":"GenericWrite","IsInherited":false,"PrincipalSID":"S-1-5-21-3516374454-2761537032-415496107-519","PrincipalType":"Group"},{"RightName":"WriteOwner","IsInherited":false,"PrincipalSID":"S-1-5-21-3516374454-2761537032-415496107-519","PrincipalType":"Group"},{"RightName":"WriteDacl","IsInherited":false,"PrincipalSID":"S-1-5-21-3516374454-2761537032-415496107-519","PrincipalType":"Group"}],"cas_ids":["E30AB0AF-EC69-47E0-BBAC-84F0B7CAE084"]},{"Properties":{"name":"EFSRECOVERY@PANTHEON.GOD","highvalue":false,"Template Name":"EFSRecovery","Display Name":"EFS Recovery Agent","Certificate Authorities":[],"Enabled":false,"Client Authentication":false,"Enrollment Agent":false,"Any Purpose":false,"Enrollee Supplies Subject":false,"Certificate Name Flag":["SubjectAltRequireUpn","SubjectRequireDirectoryPath"],"Enrollment Flag":["IncludeSymmetricAlgorithms","AutoEnrollment"],"Private Key Flag":["ExportableKey","AttestNone"],"Extended Key Usage":["File Recovery"],"Requires Manager Approval":false,"Requires Key Archival":false,"Authorized Signatures Required":0,"Validity Period":"5 years","Renewal Period":"6 weeks","domain":"PANTHEON.GOD"},"ObjectIdentifier":"A3FC3D96-A5F8-4B7A-AEA3-1E16F737079F","Aces":[{"RightName":"Owns","IsInherited":false,"PrincipalSID":"S-1-5-21-3516374454-2761537032-415496107-519","PrincipalType":"Group"},{"RightName":"Enroll","IsInherited":false,"PrincipalSID":"S-1-5-21-3516374454-2761537032-415496107-512","PrincipalType":"Group"},{"RightName":"Enroll","IsInherited":false,"PrincipalSID":"S-1-5-21-3516374454-2761537032-415496107-519","PrincipalType":"Group"},{"RightName":"GenericWrite","IsInherited":false,"PrincipalSID":"S-1-5-21-3516374454-2761537032-415496107-512","PrincipalType":"Group"},{"RightName":"WriteOwner","IsInherited":false,"PrincipalSID":"S-1-5-21-3516374454-2761537032-415496107-512","PrincipalType":"Group"},{"RightName":"WriteDacl","IsInherited":false,"PrincipalSID":"S-1-5-21-3516374454-2761537032-415496107-512","PrincipalType":"Group"},{"RightName":"GenericWrite","IsInherited":false,"PrincipalSID":"S-1-5-21-3516374454-2761537032-415496107-519","PrincipalType":"Group"},{"RightName":"WriteOwner","IsInherited":false,"PrincipalSID":"S-1-5-21-3516374454-2761537032-415496107-519","PrincipalType":"Group"},{"RightName":"WriteDacl","IsInherited":false,"PrincipalSID":"S-1-5-21-3516374454-2761537032-415496107-519","PrincipalType":"Group"}]},{"Properties":{"name":"CODESIGNING@PANTHEON.GOD","highvalue":false,"Template Name":"CodeSigning","Display Name":"Code Signing","Certificate Authorities":[],"Enabled":false,"Client Authentication":false,"Enrollment Agent":false,"Any Purpose":false,"Enrollee Supplies Subject":false,"Certificate Name Flag":["SubjectAltRequireUpn","SubjectRequireDirectoryPath"],"Enrollment Flag":["AutoEnrollment"],"Private Key Flag":["AttestNone"],"Extended Key Usage":["Code Signing"],"Requires Manager Approval":false,"Requires Key Archival":false,"Authorized Signatures Required":0,"Validity Period":"1 year","Renewal Period":"6 weeks","domain":"PANTHEON.GOD"},"ObjectIdentifier":"DE3D6CCD-98CD-40D0-A8D0-1CD8BE1BBDB2","Aces":[{"RightName":"Owns","IsInherited":false,"PrincipalSID":"S-1-5-21-3516374454-2761537032-415496107-519","PrincipalType":"Group"},{"RightName":"Enroll","IsInherited":false,"PrincipalSID":"S-1-5-21-3516374454-2761537032-415496107-512","PrincipalType":"Group"},{"RightName":"Enroll","IsInherited":false,"PrincipalSID":"S-1-5-21-3516374454-2761537032-415496107-519","PrincipalType":"Group"},{"RightName":"GenericWrite","IsInherited":false,"PrincipalSID":"S-1-5-21-3516374454-2761537032-415496107-512","PrincipalType":"Group"},{"RightName":"WriteOwner","IsInherited":false,"PrincipalSID":"S-1-5-21-3516374454-2761537032-415496107-512","PrincipalType":"Group"},{"RightName":"WriteDacl","IsInherited":false,"PrincipalSID":"S-1-5-21-3516374454-2761537032-415496107-512","PrincipalType":"Group"},{"RightName":"GenericWrite","IsInherited":false,"PrincipalSID":"S-1-5-21-3516374454-2761537032-415496107-519","PrincipalType":"Group"},{"RightName":"WriteOwner","IsInherited":false,"PrincipalSID":"S-1-5-21-3516374454-2761537032-415496107-519","PrincipalType":"Group"},{"RightName":"WriteDacl","IsInherited":false,"PrincipalSID":"S-1-5-21-3516374454-2761537032-415496107-519","PrincipalType":"Group"}]},{"Properties":{"name":"CTLSIGNING@PANTHEON.GOD","highvalue":false,"Template Name":"CTLSigning","Display Name":"Trust List Signing","Certificate Authorities":[],"Enabled":false,"Client Authentication":false,"Enrollment Agent":false,"Any Purpose":false,"Enrollee Supplies Subject":false,"Certificate Name Flag":["SubjectAltRequireUpn","SubjectRequireDirectoryPath"],"Enrollment Flag":["AutoEnrollment"],"Private Key Flag":["AttestNone"],"Extended Key Usage":["Microsoft Trust List Signing"],"Requires Manager Approval":false,"Requires Key Archival":false,"Authorized Signatures Required":0,"Validity Period":"1 year","Renewal Period":"6 weeks","domain":"PANTHEON.GOD"},"ObjectIdentifier":"924889BE-90F6-410A-BE2A-B10C37567873","Aces":[{"RightName":"Owns","IsInherited":false,"PrincipalSID":"S-1-5-21-3516374454-2761537032-415496107-519","PrincipalType":"Group"},{"RightName":"Enroll","IsInherited":false,"PrincipalSID":"S-1-5-21-3516374454-2761537032-415496107-512","PrincipalType":"Group"},{"RightName":"Enroll","IsInherited":false,"PrincipalSID":"S-1-5-21-3516374454-2761537032-415496107-519","PrincipalType":"Group"},{"RightName":"GenericWrite","IsInherited":false,"PrincipalSID":"S-1-5-21-3516374454-2761537032-415496107-512","PrincipalType":"Group"},{"RightName":"WriteOwner","IsInherited":false,"PrincipalSID":"S-1-5-21-3516374454-2761537032-415496107-512","PrincipalType":"Group"},{"RightName":"WriteDacl","IsInherited":false,"PrincipalSID":"S-1-5-21-3516374454-2761537032-415496107-512","PrincipalType":"Group"},{"RightName":"GenericWrite","IsInherited":false,"PrincipalSID":"S-1-5-21-3516374454-2761537032-415496107-519","PrincipalType":"Group"},{"RightName":"WriteOwner","IsInherited":false,"PrincipalSID":"S-1-5-21-3516374454-2761537032-415496107-519","PrincipalType":"Group"},{"RightName":"WriteDacl","IsInherited":false,"PrincipalSID":"S-1-5-21-3516374454-2761537032-415496107-519","PrincipalType":"Group"}]},{"Properties":{"name":"ENROLLMENTAGENT@PANTHEON.GOD","highvalue":true,"Template Name":"EnrollmentAgent","Display Name":"Enrollment Agent","Certificate Authorities":[],"Enabled":false,"Client Authentication":false,"Enrollment Agent":true,"Any Purpose":false,"Enrollee Supplies Subject":false,"Certificate Name Flag":["SubjectAltRequireUpn","SubjectRequireDirectoryPath"],"Enrollment Flag":["AutoEnrollment"],"Private Key Flag":["AttestNone"],"Extended Key Usage":["Certificate Request Agent"],"Requires Manager Approval":false,"Requires Key Archival":false,"Authorized Signatures Required":0,"Validity Period":"2 years","Renewal Period":"6 weeks","domain":"PANTHEON.GOD"},"ObjectIdentifier":"B4A5E0CC-A237-4FDC-88DE-66D5297EF9C3","Aces":[{"RightName":"Owns","IsInherited":false,"PrincipalSID":"S-1-5-21-3516374454-2761537032-415496107-519","PrincipalType":"Group"},{"RightName":"Enroll","IsInherited":false,"PrincipalSID":"S-1-5-21-3516374454-2761537032-415496107-512","PrincipalType":"Group"},{"RightName":"Enroll","IsInherited":false,"PrincipalSID":"S-1-5-21-3516374454-2761537032-415496107-519","PrincipalType":"Group"},{"RightName":"GenericWrite","IsInherited":false,"PrincipalSID":"S-1-5-21-3516374454-2761537032-415496107-512","PrincipalType":"Group"},{"RightName":"WriteOwner","IsInherited":false,"PrincipalSID":"S-1-5-21-3516374454-2761537032-415496107-512","PrincipalType":"Group"},{"RightName":"WriteDacl","IsInherited":false,"PrincipalSID":"S-1-5-21-3516374454-2761537032-415496107-512","PrincipalType":"Group"},{"RightName":"GenericWrite","IsInherited":false,"PrincipalSID":"S-1-5-21-3516374454-2761537032-415496107-519","PrincipalType":"Group"},{"RightName":"WriteOwner","IsInherited":false,"PrincipalSID":"S-1-5-21-3516374454-2761537032-415496107-519","PrincipalType":"Group"},{"RightName":"WriteDacl","IsInherited":false,"PrincipalSID":"S-1-5-21-3516374454-2761537032-415496107-519","PrincipalType":"Group"}]},{"Properties":{"name":"ENROLLMENTAGENTOFFLINE@PANTHEON.GOD","highvalue":true,"Template Name":"EnrollmentAgentOffline","Display Name":"Exchange Enrollment Agent (Offline request)","Certificate Authorities":[],"Enabled":false,"Client Authentication":false,"Enrollment Agent":true,"Any Purpose":false,"Enrollee Supplies Subject":true,"Certificate Name Flag":["EnrolleeSuppliesSubject"],"Enrollment Flag":[],"Private Key Flag":["AttestNone"],"Extended Key Usage":["Certificate Request Agent"],"Requires Manager Approval":false,"Requires Key Archival":false,"Authorized Signatures Required":0,"Validity Period":"2 years","Renewal Period":"6 weeks","domain":"PANTHEON.GOD"},"ObjectIdentifier":"E6441B76-2C8C-45FA-9298-C909683F4185","Aces":[{"RightName":"Owns","IsInherited":false,"PrincipalSID":"S-1-5-21-3516374454-2761537032-415496107-519","PrincipalType":"Group"},{"RightName":"Enroll","IsInherited":false,"PrincipalSID":"S-1-5-21-3516374454-2761537032-415496107-512","PrincipalType":"Group"},{"RightName":"Enroll","IsInherited":false,"PrincipalSID":"S-1-5-21-3516374454-2761537032-415496107-519","PrincipalType":"Group"},{"RightName":"GenericWrite","IsInherited":false,"PrincipalSID":"S-1-5-21-3516374454-2761537032-415496107-512","PrincipalType":"Group"},{"RightName":"WriteOwner","IsInherited":false,"PrincipalSID":"S-1-5-21-3516374454-2761537032-415496107-512","PrincipalType":"Group"},{"RightName":"WriteDacl","IsInherited":false,"PrincipalSID":"S-1-5-21-3516374454-2761537032-415496107-512","PrincipalType":"Group"},{"RightName":"GenericWrite","IsInherited":false,"PrincipalSID":"S-1-5-21-3516374454-2761537032-415496107-519","PrincipalType":"Group"},{"RightName":"WriteOwner","IsInherited":false,"PrincipalSID":"S-1-5-21-3516374454-2761537032-415496107-519","PrincipalType":"Group"},{"RightName":"WriteDacl","IsInherited":false,"PrincipalSID":"S-1-5-21-3516374454-2761537032-415496107-519","PrincipalType":"Group"}]},{"Properties":{"name":"MACHINEENROLLMENTAGENT@PANTHEON.GOD","highvalue":true,"Template Name":"MachineEnrollmentAgent","Display Name":"Enrollment Agent (Computer)","Certificate Authorities":[],"Enabled":false,"Client Authentication":false,"Enrollment Agent":true,"Any Purpose":false,"Enrollee Supplies Subject":false,"Certificate Name Flag":["SubjectAltRequireDns","SubjectRequireDnsAsCn"],"Enrollment Flag":["AutoEnrollment"],"Private Key Flag":["AttestNone"],"Extended Key Usage":["Certificate Request Agent"],"Requires Manager Approval":false,"Requires Key Archival":false,"Authorized Signatures Required":0,"Validity Period":"2 years","Renewal Period":"6 weeks","domain":"PANTHEON.GOD"},"ObjectIdentifier":"C8D2951D-CE08-4284-A84A-287CBA7395F6","Aces":[{"RightName":"Owns","IsInherited":false,"PrincipalSID":"S-1-5-21-3516374454-2761537032-415496107-519","PrincipalType":"Group"},{"RightName":"Enroll","IsInherited":false,"PrincipalSID":"S-1-5-21-3516374454-2761537032-415496107-512","PrincipalType":"Group"},{"RightName":"Enroll","IsInherited":false,"PrincipalSID":"S-1-5-21-3516374454-2761537032-415496107-519","PrincipalType":"Group"},{"RightName":"GenericWrite","IsInherited":false,"PrincipalSID":"S-1-5-21-3516374454-2761537032-415496107-512","PrincipalType":"Group"},{"RightName":"WriteOwner","IsInherited":false,"PrincipalSID":"S-1-5-21-3516374454-2761537032-415496107-512","PrincipalType":"Group"},{"RightName":"WriteDacl","IsInherited":false,"PrincipalSID":"S-1-5-21-3516374454-2761537032-415496107-512","PrincipalType":"Group"},{"RightName":"GenericWrite","IsInherited":false,"PrincipalSID":"S-1-5-21-3516374454-2761537032-415496107-519","PrincipalType":"Group"},{"RightName":"WriteOwner","IsInherited":false,"PrincipalSID":"S-1-5-21-3516374454-2761537032-415496107-519","PrincipalType":"Group"},{"RightName":"WriteDacl","IsInherited":false,"PrincipalSID":"S-1-5-21-3516374454-2761537032-415496107-519","PrincipalType":"Group"}]},{"Properties":{"name":"MACHINE@PANTHEON.GOD","highvalue":false,"Template Name":"Machine","Display Name":"Computer","Certificate Authorities":[],"Enabled":false,"Client Authentication":true,"Enrollment Agent":false,"Any Purpose":false,"Enrollee Supplies Subject":false,"Certificate Name Flag":["SubjectAltRequireDns","SubjectRequireDnsAsCn"],"Enrollment Flag":["AutoEnrollment"],"Private Key Flag":["AttestNone"],"Extended Key Usage":["Client Authentication","Server Authentication"],"Requires Manager Approval":false,"Requires Key Archival":false,"Authorized Signatures Required":0,"Validity Period":"1 year","Renewal Period":"6 weeks","domain":"PANTHEON.GOD"},"ObjectIdentifier":"593D5020-D2FB-4CEF-BBA0-7C7175E8984C","Aces":[{"RightName":"Owns","IsInherited":false,"PrincipalSID":"S-1-5-21-3516374454-2761537032-415496107-519","PrincipalType":"Group"},{"RightName":"Enroll","IsInherited":false,"PrincipalSID":"S-1-5-21-3516374454-2761537032-415496107-512","PrincipalType":"Group"},{"RightName":"Enroll","IsInherited":false,"PrincipalSID":"S-1-5-21-3516374454-2761537032-415496107-515","PrincipalType":"Group"},{"RightName":"Enroll","IsInherited":false,"PrincipalSID":"S-1-5-21-3516374454-2761537032-415496107-519","PrincipalType":"Group"},{"RightName":"GenericWrite","IsInherited":false,"PrincipalSID":"S-1-5-21-3516374454-2761537032-415496107-512","PrincipalType":"Group"},{"RightName":"WriteOwner","IsInherited":false,"PrincipalSID":"S-1-5-21-3516374454-2761537032-415496107-512","PrincipalType":"Group"},{"RightName":"WriteDacl","IsInherited":false,"PrincipalSID":"S-1-5-21-3516374454-2761537032-415496107-512","PrincipalType":"Group"},{"RightName":"GenericWrite","IsInherited":false,"PrincipalSID":"S-1-5-21-3516374454-2761537032-415496107-519","PrincipalType":"Group"},{"RightName":"WriteOwner","IsInherited":false,"PrincipalSID":"S-1-5-21-3516374454-2761537032-415496107-519","PrincipalType":"Group"},{"RightName":"WriteDacl","IsInherited":false,"PrincipalSID":"S-1-5-21-3516374454-2761537032-415496107-519","PrincipalType":"Group"}]},{"Properties":{"name":"DOMAINCONTROLLER@PANTHEON.GOD","highvalue":false,"Template Name":"DomainController","Display Name":"Domain Controller","Certificate Authorities":[],"Enabled":false,"Client Authentication":true,"Enrollment Agent":false,"Any Purpose":false,"Enrollee Supplies Subject":false,"Certificate Name Flag":["SubjectAltRequireGuid","SubjectAltRequireDns","SubjectRequireDnsAsCn"],"Enrollment Flag":["IncludeSymmetricAlgorithms","PublishToDs","AutoEnrollment"],"Private Key Flag":["AttestNone"],"Extended Key Usage":["Client Authentication","Server Authentication"],"Requires Manager Approval":false,"Requires Key Archival":false,"Authorized Signatures Required":0,"Validity Period":"1 year","Renewal Period":"6 weeks","domain":"PANTHEON.GOD"},"ObjectIdentifier":"86FB86C9-5474-4E01-A3F5-89683C43BF82","Aces":[{"RightName":"Owns","IsInherited":false,"PrincipalSID":"S-1-5-21-3516374454-2761537032-415496107-519","PrincipalType":"Group"},{"RightName":"Enroll","IsInherited":false,"PrincipalSID":"S-1-5-21-3516374454-2761537032-415496107-498","PrincipalType":"Group"},{"RightName":"Enroll","IsInherited":false,"PrincipalSID":"S-1-5-21-3516374454-2761537032-415496107-512","PrincipalType":"Group"},{"RightName":"Enroll","IsInherited":false,"PrincipalSID":"S-1-5-21-3516374454-2761537032-415496107-516","PrincipalType":"Group"},{"RightName":"Enroll","IsInherited":false,"PrincipalSID":"S-1-5-21-3516374454-2761537032-415496107-519","PrincipalType":"Group"},{"RightName":"Enroll","IsInherited":false,"PrincipalSID":"PANTHEON.GOD-S-1-5-9","PrincipalType":"Group"},{"RightName":"GenericWrite","IsInherited":false,"PrincipalSID":"S-1-5-21-3516374454-2761537032-415496107-512","PrincipalType":"Group"},{"RightName":"WriteOwner","IsInherited":false,"PrincipalSID":"S-1-5-21-3516374454-2761537032-415496107-512","PrincipalType":"Group"},{"RightName":"WriteDacl","IsInherited":false,"PrincipalSID":"S-1-5-21-3516374454-2761537032-415496107-512","PrincipalType":"Group"},{"RightName":"GenericWrite","IsInherited":false,"PrincipalSID":"S-1-5-21-3516374454-2761537032-415496107-519","PrincipalType":"Group"},{"RightName":"WriteOwner","IsInherited":false,"PrincipalSID":"S-1-5-21-3516374454-2761537032-415496107-519","PrincipalType":"Group"},{"RightName":"WriteDacl","IsInherited":false,"PrincipalSID":"S-1-5-21-3516374454-2761537032-415496107-519","PrincipalType":"Group"}]},{"Properties":{"name":"WEBSERVER@PANTHEON.GOD","highvalue":false,"Template Name":"WebServer","Display Name":"Web Server","Certificate Authorities":[],"Enabled":false,"Client Authentication":false,"Enrollment Agent":false,"Any Purpose":false,"Enrollee Supplies Subject":true,"Certificate Name Flag":["EnrolleeSuppliesSubject"],"Enrollment Flag":[],"Private Key Flag":["AttestNone"],"Extended Key Usage":["Server Authentication"],"Requires Manager Approval":false,"Requires Key Archival":false,"Authorized Signatures Required":0,"Validity Period":"2 years","Renewal Period":"6 weeks","domain":"PANTHEON.GOD"},"ObjectIdentifier":"0DDD9B9E-2C3F-49AF-A6AE-569EBD1EA461","Aces":[{"RightName":"Owns","IsInherited":false,"PrincipalSID":"S-1-5-21-3516374454-2761537032-415496107-519","PrincipalType":"Group"},{"RightName":"Enroll","IsInherited":false,"PrincipalSID":"S-1-5-21-3516374454-2761537032-415496107-512","PrincipalType":"Group"},{"RightName":"Enroll","IsInherited":false,"PrincipalSID":"S-1-5-21-3516374454-2761537032-415496107-519","PrincipalType":"Group"},{"RightName":"GenericWrite","IsInherited":false,"PrincipalSID":"S-1-5-21-3516374454-2761537032-415496107-512","PrincipalType":"Group"},{"RightName":"WriteOwner","IsInherited":false,"PrincipalSID":"S-1-5-21-3516374454-2761537032-415496107-512","PrincipalType":"Group"},{"RightName":"WriteDacl","IsInherited":false,"PrincipalSID":"S-1-5-21-3516374454-2761537032-415496107-512","PrincipalType":"Group"},{"RightName":"GenericWrite","IsInherited":false,"PrincipalSID":"S-1-5-21-3516374454-2761537032-415496107-519","PrincipalType":"Group"},{"RightName":"WriteOwner","IsInherited":false,"PrincipalSID":"S-1-5-21-3516374454-2761537032-415496107-519","PrincipalType":"Group"},{"RightName":"WriteDacl","IsInherited":false,"PrincipalSID":"S-1-5-21-3516374454-2761537032-415496107-519","PrincipalType":"Group"}]},{"Properties":{"name":"CA@PANTHEON.GOD","highvalue":true,"Template Name":"CA","Display Name":"Root Certification Authority","Certificate Authorities":[],"Enabled":false,"Client Authentication":true,"Enrollment Agent":true,"Any Purpose":false,"Enrollee Supplies Subject":true,"Certificate Name Flag":["EnrolleeSuppliesSubject"],"Enrollment Flag":[],"Private Key Flag":["ExportableKey","AttestNone"],"Extended Key Usage":[],"Requires Manager Approval":false,"Requires Key Archival":false,"Authorized Signatures Required":0,"Validity Period":"5 years","Renewal Period":"6 weeks","domain":"PANTHEON.GOD","Any purpose":true},"ObjectIdentifier":"EC146D0D-1E85-4324-888B-1C017671BD09","Aces":[{"RightName":"Owns","IsInherited":false,"PrincipalSID":"S-1-5-21-3516374454-2761537032-415496107-519","PrincipalType":"Group"},{"RightName":"Enroll","IsInherited":false,"PrincipalSID":"S-1-5-21-3516374454-2761537032-415496107-512","PrincipalType":"Group"},{"RightName":"Enroll","IsInherited":false,"PrincipalSID":"S-1-5-21-3516374454-2761537032-415496107-519","PrincipalType":"Group"},{"RightName":"GenericWrite","IsInherited":false,"PrincipalSID":"S-1-5-21-3516374454-2761537032-415496107-512","PrincipalType":"Group"},{"RightName":"WriteOwner","IsInherited":false,"PrincipalSID":"S-1-5-21-3516374454-2761537032-415496107-512","PrincipalType":"Group"},{"RightName":"WriteDacl","IsInherited":false,"PrincipalSID":"S-1-5-21-3516374454-2761537032-415496107-512","PrincipalType":"Group"},{"RightName":"GenericWrite","IsInherited":false,"PrincipalSID":"S-1-5-21-3516374454-2761537032-415496107-519","PrincipalType":"Group"},{"RightName":"WriteOwner","IsInherited":false,"PrincipalSID":"S-1-5-21-3516374454-2761537032-415496107-519","PrincipalType":"Group"},{"RightName":"WriteDacl","IsInherited":false,"PrincipalSID":"S-1-5-21-3516374454-2761537032-415496107-519","PrincipalType":"Group"}]},{"Properties":{"name":"SUBCA@PANTHEON.GOD","highvalue":true,"Template Name":"SubCA","Display Name":"Subordinate Certification Authority","Certificate Authorities":[],"Enabled":false,"Client Authentication":true,"Enrollment Agent":true,"Any Purpose":false,"Enrollee Supplies Subject":true,"Certificate Name Flag":["EnrolleeSuppliesSubject"],"Enrollment Flag":[],"Private Key Flag":["ExportableKey","AttestNone"],"Extended Key Usage":[],"Requires Manager Approval":false,"Requires Key Archival":false,"Authorized Signatures Required":0,"Validity Period":"5 years","Renewal Period":"6 weeks","domain":"PANTHEON.GOD","Any purpose":true},"ObjectIdentifier":"1A9370CD-314E-473D-854C-5B4FA41E55A9","Aces":[{"RightName":"Owns","IsInherited":false,"PrincipalSID":"S-1-5-21-3516374454-2761537032-415496107-519","PrincipalType":"Group"},{"RightName":"Enroll","IsInherited":false,"PrincipalSID":"S-1-5-21-3516374454-2761537032-415496107-512","PrincipalType":"Group"},{"RightName":"Enroll","IsInherited":false,"PrincipalSID":"S-1-5-21-3516374454-2761537032-415496107-519","PrincipalType":"Group"},{"RightName":"GenericWrite","IsInherited":false,"PrincipalSID":"S-1-5-21-3516374454-2761537032-415496107-512","PrincipalType":"Group"},{"RightName":"WriteOwner","IsInherited":false,"PrincipalSID":"S-1-5-21-3516374454-2761537032-415496107-512","PrincipalType":"Group"},{"RightName":"WriteDacl","IsInherited":false,"PrincipalSID":"S-1-5-21-3516374454-2761537032-415496107-512","PrincipalType":"Group"},{"RightName":"GenericWrite","IsInherited":false,"PrincipalSID":"S-1-5-21-3516374454-2761537032-415496107-519","PrincipalType":"Group"},{"RightName":"WriteOwner","IsInherited":false,"PrincipalSID":"S-1-5-21-3516374454-2761537032-415496107-519","PrincipalType":"Group"},{"RightName":"WriteDacl","IsInherited":false,"PrincipalSID":"S-1-5-21-3516374454-2761537032-415496107-519","PrincipalType":"Group"}]},{"Properties":{"name":"IPSECINTERMEDIATEONLINE@PANTHEON.GOD","highvalue":false,"Template Name":"IPSECIntermediateOnline","Display Name":"IPSec","Certificate Authorities":[],"Enabled":false,"Client Authentication":false,"Enrollment Agent":false,"Any Purpose":false,"Enrollee Supplies Subject":false,"Certificate Name Flag":["SubjectAltRequireDns","SubjectRequireDnsAsCn"],"Enrollment Flag":["AutoEnrollment"],"Private Key Flag":["AttestNone"],"Extended Key Usage":["IP security IKE intermediate"],"Requires Manager Approval":false,"Requires Key Archival":false,"Authorized Signatures Required":0,"Validity Period":"2 years","Renewal Period":"6 weeks","domain":"PANTHEON.GOD"},"ObjectIdentifier":"847EDC1E-92BC-4515-85D2-D6CD7C78D056","Aces":[{"RightName":"Owns","IsInherited":false,"PrincipalSID":"S-1-5-21-3516374454-2761537032-415496107-519","PrincipalType":"Group"},{"RightName":"Enroll","IsInherited":false,"PrincipalSID":"S-1-5-21-3516374454-2761537032-415496107-512","PrincipalType":"Group"},{"RightName":"Enroll","IsInherited":false,"PrincipalSID":"S-1-5-21-3516374454-2761537032-415496107-515","PrincipalType":"Group"},{"RightName":"Enroll","IsInherited":false,"PrincipalSID":"S-1-5-21-3516374454-2761537032-415496107-516","PrincipalType":"Group"},{"RightName":"Enroll","IsInherited":false,"PrincipalSID":"S-1-5-21-3516374454-2761537032-415496107-519","PrincipalType":"Group"},{"RightName":"GenericWrite","IsInherited":false,"PrincipalSID":"S-1-5-21-3516374454-2761537032-415496107-512","PrincipalType":"Group"},{"RightName":"WriteOwner","IsInherited":false,"PrincipalSID":"S-1-5-21-3516374454-2761537032-415496107-512","PrincipalType":"Group"},{"RightName":"WriteDacl","IsInherited":false,"PrincipalSID":"S-1-5-21-3516374454-2761537032-415496107-512","PrincipalType":"Group"},{"RightName":"GenericWrite","IsInherited":false,"PrincipalSID":"S-1-5-21-3516374454-2761537032-415496107-519","PrincipalType":"Group"},{"RightName":"WriteOwner","IsInherited":false,"PrincipalSID":"S-1-5-21-3516374454-2761537032-415496107-519","PrincipalType":"Group"},{"RightName":"WriteDacl","IsInherited":false,"PrincipalSID":"S-1-5-21-3516374454-2761537032-415496107-519","PrincipalType":"Group"}]},{"Properties":{"name":"IPSECINTERMEDIATEOFFLINE@PANTHEON.GOD","highvalue":false,"Template Name":"IPSECIntermediateOffline","Display Name":"IPSec (Offline request)","Certificate Authorities":[],"Enabled":false,"Client Authentication":false,"Enrollment Agent":false,"Any Purpose":false,"Enrollee Supplies Subject":true,"Certificate Name Flag":["EnrolleeSuppliesSubject"],"Enrollment Flag":[],"Private Key Flag":["AttestNone"],"Extended Key Usage":["IP security IKE intermediate"],"Requires Manager Approval":false,"Requires Key Archival":false,"Authorized Signatures Required":0,"Validity Period":"2 years","Renewal Period":"6 weeks","domain":"PANTHEON.GOD"},"ObjectIdentifier":"996C8D60-7E4B-4F5E-8338-0C47D298D325","Aces":[{"RightName":"Owns","IsInherited":false,"PrincipalSID":"S-1-5-21-3516374454-2761537032-415496107-519","PrincipalType":"Group"},{"RightName":"Enroll","IsInherited":false,"PrincipalSID":"S-1-5-21-3516374454-2761537032-415496107-512","PrincipalType":"Group"},{"RightName":"Enroll","IsInherited":false,"PrincipalSID":"S-1-5-21-3516374454-2761537032-415496107-519","PrincipalType":"Group"},{"RightName":"GenericWrite","IsInherited":false,"PrincipalSID":"S-1-5-21-3516374454-2761537032-415496107-512","PrincipalType":"Group"},{"RightName":"WriteOwner","IsInherited":false,"PrincipalSID":"S-1-5-21-3516374454-2761537032-415496107-512","PrincipalType":"Group"},{"RightName":"WriteDacl","IsInherited":false,"PrincipalSID":"S-1-5-21-3516374454-2761537032-415496107-512","PrincipalType":"Group"},{"RightName":"GenericWrite","IsInherited":false,"PrincipalSID":"S-1-5-21-3516374454-2761537032-415496107-519","PrincipalType":"Group"},{"RightName":"WriteOwner","IsInherited":false,"PrincipalSID":"S-1-5-21-3516374454-2761537032-415496107-519","PrincipalType":"Group"},{"RightName":"WriteDacl","IsInherited":false,"PrincipalSID":"S-1-5-21-3516374454-2761537032-415496107-519","PrincipalType":"Group"}]},{"Properties":{"name":"OFFLINEROUTER@PANTHEON.GOD","highvalue":true,"Template Name":"OfflineRouter","Display Name":"Router (Offline request)","Certificate Authorities":[],"Enabled":false,"Client Authentication":true,"Enrollment Agent":false,"Any Purpose":false,"Enrollee Supplies Subject":true,"Certificate Name Flag":["EnrolleeSuppliesSubject"],"Enrollment Flag":[],"Private Key Flag":["AttestNone"],"Extended Key Usage":["Client Authentication"],"Requires Manager Approval":false,"Requires Key Archival":false,"Authorized Signatures Required":0,"Validity Period":"2 years","Renewal Period":"6 weeks","domain":"PANTHEON.GOD"},"ObjectIdentifier":"E284F3D7-E220-4CCC-9ED2-D2DDF9A7DFBD","Aces":[{"RightName":"Owns","IsInherited":false,"PrincipalSID":"S-1-5-21-3516374454-2761537032-415496107-519","PrincipalType":"Group"},{"RightName":"Enroll","IsInherited":false,"PrincipalSID":"S-1-5-21-3516374454-2761537032-415496107-512","PrincipalType":"Group"},{"RightName":"Enroll","IsInherited":false,"PrincipalSID":"S-1-5-21-3516374454-2761537032-415496107-519","PrincipalType":"Group"},{"RightName":"GenericWrite","IsInherited":false,"PrincipalSID":"S-1-5-21-3516374454-2761537032-415496107-512","PrincipalType":"Group"},{"RightName":"WriteOwner","IsInherited":false,"PrincipalSID":"S-1-5-21-3516374454-2761537032-415496107-512","PrincipalType":"Group"},{"RightName":"WriteDacl","IsInherited":false,"PrincipalSID":"S-1-5-21-3516374454-2761537032-415496107-512","PrincipalType":"Group"},{"RightName":"GenericWrite","IsInherited":false,"PrincipalSID":"S-1-5-21-3516374454-2761537032-415496107-519","PrincipalType":"Group"},{"RightName":"WriteOwner","IsInherited":false,"PrincipalSID":"S-1-5-21-3516374454-2761537032-415496107-519","PrincipalType":"Group"},{"RightName":"WriteDacl","IsInherited":false,"PrincipalSID":"S-1-5-21-3516374454-2761537032-415496107-519","PrincipalType":"Group"}]},{"Properties":{"name":"CEPENCRYPTION@PANTHEON.GOD","highvalue":true,"Template Name":"CEPEncryption","Display Name":"CEP Encryption","Certificate Authorities":[],"Enabled":false,"Client Authentication":false,"Enrollment Agent":true,"Any Purpose":false,"Enrollee Supplies Subject":true,"Certificate Name Flag":["EnrolleeSuppliesSubject"],"Enrollment Flag":[],"Private Key Flag":["AttestNone"],"Extended Key Usage":["Certificate Request Agent"],"Requires Manager Approval":false,"Requires Key Archival":false,"Authorized Signatures Required":0,"Validity Period":"2 years","Renewal Period":"6 weeks","domain":"PANTHEON.GOD"},"ObjectIdentifier":"93DF5EA2-3B43-4802-9095-FCC9AFC1473A","Aces":[{"RightName":"Owns","IsInherited":false,"PrincipalSID":"S-1-5-21-3516374454-2761537032-415496107-519","PrincipalType":"Group"},{"RightName":"Enroll","IsInherited":false,"PrincipalSID":"S-1-5-21-3516374454-2761537032-415496107-512","PrincipalType":"Group"},{"RightName":"Enroll","IsInherited":false,"PrincipalSID":"S-1-5-21-3516374454-2761537032-415496107-519","PrincipalType":"Group"},{"RightName":"GenericWrite","IsInherited":false,"PrincipalSID":"S-1-5-21-3516374454-2761537032-415496107-512","PrincipalType":"Group"},{"RightName":"WriteOwner","IsInherited":false,"PrincipalSID":"S-1-5-21-3516374454-2761537032-415496107-512","PrincipalType":"Group"},{"RightName":"WriteDacl","IsInherited":false,"PrincipalSID":"S-1-5-21-3516374454-2761537032-415496107-512","PrincipalType":"Group"},{"RightName":"GenericWrite","IsInherited":false,"PrincipalSID":"S-1-5-21-3516374454-2761537032-415496107-519","PrincipalType":"Group"},{"RightName":"WriteOwner","IsInherited":false,"PrincipalSID":"S-1-5-21-3516374454-2761537032-415496107-519","PrincipalType":"Group"},{"RightName":"WriteDacl","IsInherited":false,"PrincipalSID":"S-1-5-21-3516374454-2761537032-415496107-519","PrincipalType":"Group"}]},{"Properties":{"name":"EXCHANGEUSER@PANTHEON.GOD","highvalue":false,"Template Name":"ExchangeUser","Display Name":"Exchange User","Certificate Authorities":[],"Enabled":false,"Client Authentication":false,"Enrollment Agent":false,"Any Purpose":false,"Enrollee Supplies Subject":true,"Certificate Name Flag":["EnrolleeSuppliesSubject"],"Enrollment Flag":["IncludeSymmetricAlgorithms"],"Private Key Flag":["ExportableKey","AttestNone"],"Extended Key Usage":["Secure Email"],"Requires Manager Approval":false,"Requires Key Archival":false,"Authorized Signatures Required":0,"Validity Period":"1 year","Renewal Period":"6 weeks","domain":"PANTHEON.GOD"},"ObjectIdentifier":"49EA988C-9E34-407E-BF83-E7818BD8FED2","Aces":[{"RightName":"Owns","IsInherited":false,"PrincipalSID":"S-1-5-21-3516374454-2761537032-415496107-519","PrincipalType":"Group"},{"RightName":"Enroll","IsInherited":false,"PrincipalSID":"S-1-5-21-3516374454-2761537032-415496107-512","PrincipalType":"Group"},{"RightName":"Enroll","IsInherited":false,"PrincipalSID":"S-1-5-21-3516374454-2761537032-415496107-519","PrincipalType":"Group"},{"RightName":"GenericWrite","IsInherited":false,"PrincipalSID":"S-1-5-21-3516374454-2761537032-415496107-512","PrincipalType":"Group"},{"RightName":"WriteOwner","IsInherited":false,"PrincipalSID":"S-1-5-21-3516374454-2761537032-415496107-512","PrincipalType":"Group"},{"RightName":"WriteDacl","IsInherited":false,"PrincipalSID":"S-1-5-21-3516374454-2761537032-415496107-512","PrincipalType":"Group"},{"RightName":"GenericWrite","IsInherited":false,"PrincipalSID":"S-1-5-21-3516374454-2761537032-415496107-519","PrincipalType":"Group"},{"RightName":"WriteOwner","IsInherited":false,"PrincipalSID":"S-1-5-21-3516374454-2761537032-415496107-519","PrincipalType":"Group"},{"RightName":"WriteDacl","IsInherited":false,"PrincipalSID":"S-1-5-21-3516374454-2761537032-415496107-519","PrincipalType":"Group"}]},{"Properties":{"name":"EXCHANGEUSERSIGNATURE@PANTHEON.GOD","highvalue":false,"Template Name":"ExchangeUserSignature","Display Name":"Exchange Signature Only","Certificate Authorities":[],"Enabled":false,"Client Authentication":false,"Enrollment Agent":false,"Any Purpose":false,"Enrollee Supplies Subject":true,"Certificate Name Flag":["EnrolleeSuppliesSubject"],"Enrollment Flag":[],"Private Key Flag":["AttestNone"],"Extended Key Usage":["Secure Email"],"Requires Manager Approval":false,"Requires Key Archival":false,"Authorized Signatures Required":0,"Validity Period":"1 year","Renewal Period":"6 weeks","domain":"PANTHEON.GOD"},"ObjectIdentifier":"31204B62-5BA4-4133-A6A8-E14B751ACB50","Aces":[{"RightName":"Owns","IsInherited":false,"PrincipalSID":"S-1-5-21-3516374454-2761537032-415496107-519","PrincipalType":"Group"},{"RightName":"Enroll","IsInherited":false,"PrincipalSID":"S-1-5-21-3516374454-2761537032-415496107-512","PrincipalType":"Group"},{"RightName":"Enroll","IsInherited":false,"PrincipalSID":"S-1-5-21-3516374454-2761537032-415496107-519","PrincipalType":"Group"},{"RightName":"GenericWrite","IsInherited":false,"PrincipalSID":"S-1-5-21-3516374454-2761537032-415496107-512","PrincipalType":"Group"},{"RightName":"WriteOwner","IsInherited":false,"PrincipalSID":"S-1-5-21-3516374454-2761537032-415496107-512","PrincipalType":"Group"},{"RightName":"WriteDacl","IsInherited":false,"PrincipalSID":"S-1-5-21-3516374454-2761537032-415496107-512","PrincipalType":"Group"},{"RightName":"GenericWrite","IsInherited":false,"PrincipalSID":"S-1-5-21-3516374454-2761537032-415496107-519","PrincipalType":"Group"},{"RightName":"WriteOwner","IsInherited":false,"PrincipalSID":"S-1-5-21-3516374454-2761537032-415496107-519","PrincipalType":"Group"},{"RightName":"WriteDacl","IsInherited":false,"PrincipalSID":"S-1-5-21-3516374454-2761537032-415496107-519","PrincipalType":"Group"}]},{"Properties":{"name":"CROSSCA@PANTHEON.GOD","highvalue":true,"Template Name":"CrossCA","Display Name":"Cross Certification Authority","Certificate Authorities":[],"Enabled":false,"Client Authentication":true,"Enrollment Agent":true,"Any Purpose":false,"Enrollee Supplies Subject":true,"Certificate Name Flag":["EnrolleeSuppliesSubject"],"Enrollment Flag":["PublishToDs"],"Private Key Flag":["ExportableKey","AttestNone"],"Extended Key Usage":[],"Requires Manager Approval":false,"Requires Key Archival":false,"Authorized Signatures Required":1,"Validity Period":"5 years","Renewal Period":"6 weeks","domain":"PANTHEON.GOD","Any purpose":true},"ObjectIdentifier":"DEFFDB36-BFD5-4F9A-BE4F-DFD295BAF05D","Aces":[{"RightName":"Owns","IsInherited":false,"PrincipalSID":"S-1-5-21-3516374454-2761537032-415496107-519","PrincipalType":"Group"},{"RightName":"Enroll","IsInherited":false,"PrincipalSID":"S-1-5-21-3516374454-2761537032-415496107-512","PrincipalType":"Group"},{"RightName":"Enroll","IsInherited":false,"PrincipalSID":"S-1-5-21-3516374454-2761537032-415496107-519","PrincipalType":"Group"},{"RightName":"GenericWrite","IsInherited":false,"PrincipalSID":"S-1-5-21-3516374454-2761537032-415496107-512","PrincipalType":"Group"},{"RightName":"WriteOwner","IsInherited":false,"PrincipalSID":"S-1-5-21-3516374454-2761537032-415496107-512","PrincipalType":"Group"},{"RightName":"WriteDacl","IsInherited":false,"PrincipalSID":"S-1-5-21-3516374454-2761537032-415496107-512","PrincipalType":"Group"},{"RightName":"GenericWrite","IsInherited":false,"PrincipalSID":"S-1-5-21-3516374454-2761537032-415496107-519","PrincipalType":"Group"},{"RightName":"WriteOwner","IsInherited":false,"PrincipalSID":"S-1-5-21-3516374454-2761537032-415496107-519","PrincipalType":"Group"},{"RightName":"WriteDacl","IsInherited":false,"PrincipalSID":"S-1-5-21-3516374454-2761537032-415496107-519","PrincipalType":"Group"}]},{"Properties":{"name":"CAEXCHANGE@PANTHEON.GOD","highvalue":false,"Template Name":"CAExchange","Display Name":"CA Exchange","Certificate Authorities":[],"Enabled":false,"Client Authentication":false,"Enrollment Agent":false,"Any Purpose":false,"Enrollee Supplies Subject":true,"Certificate Name Flag":["EnrolleeSuppliesSubject"],"Enrollment Flag":["IncludeSymmetricAlgorithms"],"Private Key Flag":["AttestNone"],"Extended Key Usage":["Private Key Archival"],"Requires Manager Approval":false,"Requires Key Archival":false,"Authorized Signatures Required":0,"Validity Period":"1 week","Renewal Period":"1 day","domain":"PANTHEON.GOD"},"ObjectIdentifier":"10DA6F42-0F5F-48DF-BDEA-F4F624273727","Aces":[{"RightName":"Owns","IsInherited":false,"PrincipalSID":"S-1-5-21-3516374454-2761537032-415496107-519","PrincipalType":"Group"},{"RightName":"Enroll","IsInherited":false,"PrincipalSID":"S-1-5-21-3516374454-2761537032-415496107-512","PrincipalType":"Group"},{"RightName":"Enroll","IsInherited":false,"PrincipalSID":"S-1-5-21-3516374454-2761537032-415496107-519","PrincipalType":"Group"},{"RightName":"GenericWrite","IsInherited":false,"PrincipalSID":"S-1-5-21-3516374454-2761537032-415496107-512","PrincipalType":"Group"},{"RightName":"WriteOwner","IsInherited":false,"PrincipalSID":"S-1-5-21-3516374454-2761537032-415496107-512","PrincipalType":"Group"},{"RightName":"WriteDacl","IsInherited":false,"PrincipalSID":"S-1-5-21-3516374454-2761537032-415496107-512","PrincipalType":"Group"},{"RightName":"GenericWrite","IsInherited":false,"PrincipalSID":"S-1-5-21-3516374454-2761537032-415496107-519","PrincipalType":"Group"},{"RightName":"WriteOwner","IsInherited":false,"PrincipalSID":"S-1-5-21-3516374454-2761537032-415496107-519","PrincipalType":"Group"},{"RightName":"WriteDacl","IsInherited":false,"PrincipalSID":"S-1-5-21-3516374454-2761537032-415496107-519","PrincipalType":"Group"}]},{"Properties":{"name":"KEYRECOVERYAGENT@PANTHEON.GOD","highvalue":false,"Template Name":"KeyRecoveryAgent","Display Name":"Key Recovery Agent","Certificate Authorities":[],"Enabled":false,"Client Authentication":false,"Enrollment Agent":false,"Any Purpose":false,"Enrollee Supplies Subject":false,"Certificate Name Flag":["SubjectAltRequireUpn","SubjectRequireDirectoryPath"],"Enrollment Flag":["IncludeSymmetricAlgorithms","PendAllRequests","PublishToKraContainer","AutoEnrollment"],"Private Key Flag":["ExportableKey","AttestNone"],"Extended Key Usage":["Key Recovery Agent"],"Requires Manager Approval":true,"Requires Key Archival":false,"Authorized Signatures Required":0,"Validity Period":"2 years","Renewal Period":"6 weeks","domain":"PANTHEON.GOD"},"ObjectIdentifier":"C9750EFD-C38B-4F3F-8158-01DADA6C1574","Aces":[{"RightName":"Owns","IsInherited":false,"PrincipalSID":"S-1-5-21-3516374454-2761537032-415496107-519","PrincipalType":"Group"},{"RightName":"Enroll","IsInherited":false,"PrincipalSID":"S-1-5-21-3516374454-2761537032-415496107-512","PrincipalType":"Group"},{"RightName":"Enroll","IsInherited":false,"PrincipalSID":"S-1-5-21-3516374454-2761537032-415496107-519","PrincipalType":"Group"},{"RightName":"GenericWrite","IsInherited":false,"PrincipalSID":"S-1-5-21-3516374454-2761537032-415496107-512","PrincipalType":"Group"},{"RightName":"WriteOwner","IsInherited":false,"PrincipalSID":"S-1-5-21-3516374454-2761537032-415496107-512","PrincipalType":"Group"},{"RightName":"WriteDacl","IsInherited":false,"PrincipalSID":"S-1-5-21-3516374454-2761537032-415496107-512","PrincipalType":"Group"},{"RightName":"GenericWrite","IsInherited":false,"PrincipalSID":"S-1-5-21-3516374454-2761537032-415496107-519","PrincipalType":"Group"},{"RightName":"WriteOwner","IsInherited":false,"PrincipalSID":"S-1-5-21-3516374454-2761537032-415496107-519","PrincipalType":"Group"},{"RightName":"WriteDacl","IsInherited":false,"PrincipalSID":"S-1-5-21-3516374454-2761537032-415496107-519","PrincipalType":"Group"}]},{"Properties":{"name":"DOMAINCONTROLLERAUTHENTICATION@PANTHEON.GOD","highvalue":false,"Template Name":"DomainControllerAuthentication","Display Name":"Domain Controller Authentication","Certificate Authorities":[],"Enabled":false,"Client Authentication":true,"Enrollment Agent":false,"Any Purpose":false,"Enrollee Supplies Subject":false,"Certificate Name Flag":["SubjectAltRequireDns"],"Enrollment Flag":["AutoEnrollment"],"Private Key Flag":["AttestNone"],"Extended Key Usage":["Client Authentication","Server Authentication","Smart Card Logon"],"Requires Manager Approval":false,"Requires Key Archival":false,"Authorized Signatures Required":0,"Validity Period":"1 year","Renewal Period":"6 weeks","domain":"PANTHEON.GOD"},"ObjectIdentifier":"42617C28-F53A-4DAC-94A7-2BA4C38F37C1","Aces":[{"RightName":"Owns","IsInherited":false,"PrincipalSID":"S-1-5-21-3516374454-2761537032-415496107-519","PrincipalType":"Group"},{"RightName":"Enroll","IsInherited":false,"PrincipalSID":"S-1-5-21-3516374454-2761537032-415496107-498","PrincipalType":"Group"},{"RightName":"AutoEnroll","IsInherited":false,"PrincipalSID":"S-1-5-21-3516374454-2761537032-415496107-498","PrincipalType":"Group"},{"RightName":"Enroll","IsInherited":false,"PrincipalSID":"S-1-5-21-3516374454-2761537032-415496107-512","PrincipalType":"Group"},{"RightName":"Enroll","IsInherited":false,"PrincipalSID":"S-1-5-21-3516374454-2761537032-415496107-516","PrincipalType":"Group"},{"RightName":"Enroll","IsInherited":false,"PrincipalSID":"S-1-5-21-3516374454-2761537032-415496107-519","PrincipalType":"Group"},{"RightName":"AutoEnroll","IsInherited":false,"PrincipalSID":"S-1-5-21-3516374454-2761537032-415496107-516","PrincipalType":"Group"},{"RightName":"Enroll","IsInherited":false,"PrincipalSID":"PANTHEON.GOD-S-1-5-9","PrincipalType":"Group"},{"RightName":"AutoEnroll","IsInherited":false,"PrincipalSID":"PANTHEON.GOD-S-1-5-9","PrincipalType":"Group"},{"RightName":"GenericWrite","IsInherited":false,"PrincipalSID":"S-1-5-21-3516374454-2761537032-415496107-512","PrincipalType":"Group"},{"RightName":"WriteOwner","IsInherited":false,"PrincipalSID":"S-1-5-21-3516374454-2761537032-415496107-512","PrincipalType":"Group"},{"RightName":"WriteDacl","IsInherited":false,"PrincipalSID":"S-1-5-21-3516374454-2761537032-415496107-512","PrincipalType":"Group"},{"RightName":"GenericWrite","IsInherited":false,"PrincipalSID":"S-1-5-21-3516374454-2761537032-415496107-519","PrincipalType":"Group"},{"RightName":"WriteOwner","IsInherited":false,"PrincipalSID":"S-1-5-21-3516374454-2761537032-415496107-519","PrincipalType":"Group"},{"RightName":"WriteDacl","IsInherited":false,"PrincipalSID":"S-1-5-21-3516374454-2761537032-415496107-519","PrincipalType":"Group"}]},{"Properties":{"name":"DIRECTORYEMAILREPLICATION@PANTHEON.GOD","highvalue":false,"Template Name":"DirectoryEmailReplication","Display Name":"Directory Email Replication","Certificate Authorities":[],"Enabled":false,"Client Authentication":false,"Enrollment Agent":false,"Any Purpose":false,"Enrollee Supplies Subject":false,"Certificate Name Flag":["SubjectAltRequireGuid","SubjectAltRequireDns"],"Enrollment Flag":["IncludeSymmetricAlgorithms","PublishToDs","AutoEnrollment"],"Private Key Flag":["AttestNone"],"Extended Key Usage":["Directory Service Email Replication"],"Requires Manager Approval":false,"Requires Key Archival":false,"Authorized Signatures Required":0,"Validity Period":"1 year","Renewal Period":"6 weeks","domain":"PANTHEON.GOD"},"ObjectIdentifier":"DFB5E59C-FEFC-404A-9E04-A6478E76A685","Aces":[{"RightName":"Owns","IsInherited":false,"PrincipalSID":"S-1-5-21-3516374454-2761537032-415496107-519","PrincipalType":"Group"},{"RightName":"Enroll","IsInherited":false,"PrincipalSID":"S-1-5-21-3516374454-2761537032-415496107-498","PrincipalType":"Group"},{"RightName":"AutoEnroll","IsInherited":false,"PrincipalSID":"S-1-5-21-3516374454-2761537032-415496107-498","PrincipalType":"Group"},{"RightName":"Enroll","IsInherited":false,"PrincipalSID":"S-1-5-21-3516374454-2761537032-415496107-512","PrincipalType":"Group"},{"RightName":"Enroll","IsInherited":false,"PrincipalSID":"S-1-5-21-3516374454-2761537032-415496107-516","PrincipalType":"Group"},{"RightName":"Enroll","IsInherited":false,"PrincipalSID":"S-1-5-21-3516374454-2761537032-415496107-519","PrincipalType":"Group"},{"RightName":"AutoEnroll","IsInherited":false,"PrincipalSID":"S-1-5-21-3516374454-2761537032-415496107-516","PrincipalType":"Group"},{"RightName":"Enroll","IsInherited":false,"PrincipalSID":"PANTHEON.GOD-S-1-5-9","PrincipalType":"Group"},{"RightName":"AutoEnroll","IsInherited":false,"PrincipalSID":"PANTHEON.GOD-S-1-5-9","PrincipalType":"Group"},{"RightName":"GenericWrite","IsInherited":false,"PrincipalSID":"S-1-5-21-3516374454-2761537032-415496107-512","PrincipalType":"Group"},{"RightName":"WriteOwner","IsInherited":false,"PrincipalSID":"S-1-5-21-3516374454-2761537032-415496107-512","PrincipalType":"Group"},{"RightName":"WriteDacl","IsInherited":false,"PrincipalSID":"S-1-5-21-3516374454-2761537032-415496107-512","PrincipalType":"Group"},{"RightName":"GenericWrite","IsInherited":false,"PrincipalSID":"S-1-5-21-3516374454-2761537032-415496107-519","PrincipalType":"Group"},{"RightName":"WriteOwner","IsInherited":false,"PrincipalSID":"S-1-5-21-3516374454-2761537032-415496107-519","PrincipalType":"Group"},{"RightName":"WriteDacl","IsInherited":false,"PrincipalSID":"S-1-5-21-3516374454-2761537032-415496107-519","PrincipalType":"Group"}]},{"Properties":{"name":"WORKSTATION@PANTHEON.GOD","highvalue":false,"Template Name":"Workstation","Display Name":"Workstation Authentication","Certificate Authorities":[],"Enabled":false,"Client Authentication":true,"Enrollment Agent":false,"Any Purpose":false,"Enrollee Supplies Subject":false,"Certificate Name Flag":["SubjectAltRequireDns"],"Enrollment Flag":["AutoEnrollment"],"Private Key Flag":["AttestNone"],"Extended Key Usage":["Client Authentication"],"Requires Manager Approval":false,"Requires Key Archival":false,"Authorized Signatures Required":0,"Validity Period":"1 year","Renewal Period":"6 weeks","domain":"PANTHEON.GOD"},"ObjectIdentifier":"9B45496E-A4B7-43D0-BB53-3E7F7C08F9D7","Aces":[{"RightName":"Owns","IsInherited":false,"PrincipalSID":"S-1-5-21-3516374454-2761537032-415496107-519","PrincipalType":"Group"},{"RightName":"Enroll","IsInherited":false,"PrincipalSID":"S-1-5-21-3516374454-2761537032-415496107-512","PrincipalType":"Group"},{"RightName":"Enroll","IsInherited":false,"PrincipalSID":"S-1-5-21-3516374454-2761537032-415496107-515","PrincipalType":"Group"},{"RightName":"Enroll","IsInherited":false,"PrincipalSID":"S-1-5-21-3516374454-2761537032-415496107-519","PrincipalType":"Group"},{"RightName":"GenericWrite","IsInherited":false,"PrincipalSID":"S-1-5-21-3516374454-2761537032-415496107-512","PrincipalType":"Group"},{"RightName":"WriteOwner","IsInherited":false,"PrincipalSID":"S-1-5-21-3516374454-2761537032-415496107-512","PrincipalType":"Group"},{"RightName":"WriteDacl","IsInherited":false,"PrincipalSID":"S-1-5-21-3516374454-2761537032-415496107-512","PrincipalType":"Group"},{"RightName":"GenericWrite","IsInherited":false,"PrincipalSID":"S-1-5-21-3516374454-2761537032-415496107-519","PrincipalType":"Group"},{"RightName":"WriteOwner","IsInherited":false,"PrincipalSID":"S-1-5-21-3516374454-2761537032-415496107-519","PrincipalType":"Group"},{"RightName":"WriteDacl","IsInherited":false,"PrincipalSID":"S-1-5-21-3516374454-2761537032-415496107-519","PrincipalType":"Group"}]},{"Properties":{"name":"RASANDIASSERVER@PANTHEON.GOD","highvalue":false,"Template Name":"RASAndIASServer","Display Name":"RAS and IAS Server","Certificate Authorities":[],"Enabled":false,"Client Authentication":true,"Enrollment Agent":false,"Any Purpose":false,"Enrollee Supplies Subject":false,"Certificate Name Flag":["SubjectAltRequireDns","SubjectRequireCommonName"],"Enrollment Flag":["AutoEnrollment"],"Private Key Flag":["AttestNone"],"Extended Key Usage":["Client Authentication","Server Authentication"],"Requires Manager Approval":false,"Requires Key Archival":false,"Authorized Signatures Required":0,"Validity Period":"1 year","Renewal Period":"6 weeks","domain":"PANTHEON.GOD"},"ObjectIdentifier":"B17CC072-C23A-4585-9143-EDEC35AC22A9","Aces":[{"RightName":"Owns","IsInherited":false,"PrincipalSID":"S-1-5-21-3516374454-2761537032-415496107-519","PrincipalType":"Group"},{"RightName":"Enroll","IsInherited":false,"PrincipalSID":"S-1-5-21-3516374454-2761537032-415496107-512","PrincipalType":"Group"},{"RightName":"Enroll","IsInherited":false,"PrincipalSID":"S-1-5-21-3516374454-2761537032-415496107-519","PrincipalType":"Group"},{"RightName":"Enroll","IsInherited":false,"PrincipalSID":"S-1-5-21-3516374454-2761537032-415496107-553","PrincipalType":"Group"},{"RightName":"GenericWrite","IsInherited":false,"PrincipalSID":"S-1-5-21-3516374454-2761537032-415496107-512","PrincipalType":"Group"},{"RightName":"WriteOwner","IsInherited":false,"PrincipalSID":"S-1-5-21-3516374454-2761537032-415496107-512","PrincipalType":"Group"},{"RightName":"WriteDacl","IsInherited":false,"PrincipalSID":"S-1-5-21-3516374454-2761537032-415496107-512","PrincipalType":"Group"},{"RightName":"GenericWrite","IsInherited":false,"PrincipalSID":"S-1-5-21-3516374454-2761537032-415496107-519","PrincipalType":"Group"},{"RightName":"WriteOwner","IsInherited":false,"PrincipalSID":"S-1-5-21-3516374454-2761537032-415496107-519","PrincipalType":"Group"},{"RightName":"WriteDacl","IsInherited":false,"PrincipalSID":"S-1-5-21-3516374454-2761537032-415496107-519","PrincipalType":"Group"}]},{"Properties":{"name":"OCSPRESPONSESIGNING@PANTHEON.GOD","highvalue":false,"Template Name":"OCSPResponseSigning","Display Name":"OCSP Response Signing","Certificate Authorities":[],"Enabled":false,"Client Authentication":false,"Enrollment Agent":false,"Any Purpose":false,"Enrollee Supplies Subject":false,"Certificate Name Flag":["SubjectAltRequireDns","SubjectRequireDnsAsCn"],"Enrollment Flag":["AddOcspNocheck","NorevocationInforInIssuedCerts"],"Private Key Flag":["AttestNone"],"Extended Key Usage":["OCSP Signing"],"Requires Manager Approval":false,"Requires Key Archival":false,"Authorized Signatures Required":0,"Validity Period":"2 weeks","Renewal Period":"2 days","domain":"PANTHEON.GOD"},"ObjectIdentifier":"91460877-BB8F-47C5-9A51-82503AC056E0","Aces":[{"RightName":"Owns","IsInherited":false,"PrincipalSID":"S-1-5-21-3516374454-2761537032-415496107-519","PrincipalType":"Group"},{"RightName":"Enroll","IsInherited":false,"PrincipalSID":"S-1-5-21-3516374454-2761537032-415496107-512","PrincipalType":"Group"},{"RightName":"Enroll","IsInherited":false,"PrincipalSID":"S-1-5-21-3516374454-2761537032-415496107-519","PrincipalType":"Group"},{"RightName":"GenericWrite","IsInherited":false,"PrincipalSID":"S-1-5-21-3516374454-2761537032-415496107-512","PrincipalType":"Group"},{"RightName":"WriteOwner","IsInherited":false,"PrincipalSID":"S-1-5-21-3516374454-2761537032-415496107-512","PrincipalType":"Group"},{"RightName":"WriteDacl","IsInherited":false,"PrincipalSID":"S-1-5-21-3516374454-2761537032-415496107-512","PrincipalType":"Group"},{"RightName":"GenericWrite","IsInherited":false,"PrincipalSID":"S-1-5-21-3516374454-2761537032-415496107-519","PrincipalType":"Group"},{"RightName":"WriteOwner","IsInherited":false,"PrincipalSID":"S-1-5-21-3516374454-2761537032-415496107-519","PrincipalType":"Group"},{"RightName":"WriteDacl","IsInherited":false,"PrincipalSID":"S-1-5-21-3516374454-2761537032-415496107-519","PrincipalType":"Group"}]},{"Properties":{"name":"KERBEROSAUTHENTICATION@PANTHEON.GOD","highvalue":false,"Template Name":"KerberosAuthentication","Display Name":"Kerberos Authentication","Certificate Authorities":[],"Enabled":false,"Client Authentication":true,"Enrollment Agent":false,"Any Purpose":false,"Enrollee Supplies Subject":false,"Certificate Name Flag":["SubjectAltRequireDomainDns","SubjectAltRequireDns"],"Enrollment Flag":["AutoEnrollment"],"Private Key Flag":["AttestNone"],"Extended Key Usage":["Client Authentication","Server Authentication","Smart Card Logon","KDC Authentication"],"Requires Manager Approval":false,"Requires Key Archival":false,"Authorized Signatures Required":0,"Validity Period":"1 year","Renewal Period":"6 weeks","domain":"PANTHEON.GOD"},"ObjectIdentifier":"7CE4D218-7112-49E0-9D04-93B677451F6B","Aces":[{"RightName":"Owns","IsInherited":false,"PrincipalSID":"S-1-5-21-3516374454-2761537032-415496107-519","PrincipalType":"Group"},{"RightName":"Enroll","IsInherited":false,"PrincipalSID":"S-1-5-21-3516374454-2761537032-415496107-498","PrincipalType":"Group"},{"RightName":"AutoEnroll","IsInherited":false,"PrincipalSID":"S-1-5-21-3516374454-2761537032-415496107-498","PrincipalType":"Group"},{"RightName":"Enroll","IsInherited":false,"PrincipalSID":"S-1-5-21-3516374454-2761537032-415496107-512","PrincipalType":"Group"},{"RightName":"Enroll","IsInherited":false,"PrincipalSID":"S-1-5-21-3516374454-2761537032-415496107-516","PrincipalType":"Group"},{"RightName":"Enroll","IsInherited":false,"PrincipalSID":"S-1-5-21-3516374454-2761537032-415496107-519","PrincipalType":"Group"},{"RightName":"AutoEnroll","IsInherited":false,"PrincipalSID":"S-1-5-21-3516374454-2761537032-415496107-516","PrincipalType":"Group"},{"RightName":"Enroll","IsInherited":false,"PrincipalSID":"PANTHEON.GOD-S-1-5-9","PrincipalType":"Group"},{"RightName":"AutoEnroll","IsInherited":false,"PrincipalSID":"PANTHEON.GOD-S-1-5-9","PrincipalType":"Group"},{"RightName":"GenericWrite","IsInherited":false,"PrincipalSID":"S-1-5-21-3516374454-2761537032-415496107-512","PrincipalType":"Group"},{"RightName":"WriteOwner","IsInherited":false,"PrincipalSID":"S-1-5-21-3516374454-2761537032-415496107-512","PrincipalType":"Group"},{"RightName":"WriteDacl","IsInherited":false,"PrincipalSID":"S-1-5-21-3516374454-2761537032-415496107-512","PrincipalType":"Group"},{"RightName":"GenericWrite","IsInherited":false,"PrincipalSID":"S-1-5-21-3516374454-2761537032-415496107-519","PrincipalType":"Group"},{"RightName":"WriteOwner","IsInherited":false,"PrincipalSID":"S-1-5-21-3516374454-2761537032-415496107-519","PrincipalType":"Group"},{"RightName":"WriteDacl","IsInherited":false,"PrincipalSID":"S-1-5-21-3516374454-2761537032-415496107-519","PrincipalType":"Group"}]}],"meta":{"methods":0,"type":"templates","count":33,"version":5}}