{"data":[{"ObjectIdentifier":"206B2814-59BC-4638-A3FB-6FE28928DADC","IsDeleted":false,"IsACLProtected":false,"Properties":{"name":"OLYMPIENS@PANTHEON.GOD","domain":"PANTHEON.GOD","domainsid":"S-1-5-21-3516374454-2761537032-415496107","distinguishedname":"OU=OLYMPIENS,DC=PANTHEON,DC=GOD","highvalue":false,"description":"Organisation des Olympiens","blocksinheritance":false,"whencreated":1749201705},"ACLProtected":false,"Links":[],"ChildObjects":[{"ObjectIdentifier":"S-1-5-21-3516374454-2761537032-415496107-1127","ObjectType":"User"},{"ObjectIdentifier":"S-1-5-21-3516374454-2761537032-415496107-1105","ObjectType":"Group"},{"ObjectIdentifier":"S-1-5-21-3516374454-2761537032-415496107-1130","ObjectType":"User"},{"ObjectIdentifier":"S-1-5-21-3516374454-2761537032-415496107-1132","ObjectType":"User"},{"ObjectIdentifier":"S-1-5-21-3516374454-2761537032-415496107-1131","ObjectType":"User"},{"ObjectIdentifier":"S-1-5-21-3516374454-2761537032-415496107-1126","ObjectType":"User"},{"ObjectIdentifier":"S-1-5-21-3516374454-2761537032-415496107-1107","ObjectType":"Group"},{"ObjectIdentifier":"S-1-5-21-3516374454-2761537032-415496107-1106","ObjectType":"Group"},{"ObjectIdentifier":"S-1-5-21-3516374454-2761537032-415496107-1110","ObjectType":"User"},{"ObjectIdentifier":"S-1-5-21-3516374454-2761537032-415496107-1125","ObjectType":"User"},{"ObjectIdentifier":"S-1-5-21-3516374454-2761537032-415496107-1124","ObjectType":"User"}],"Aces":[{"RightName":"Owns","IsInherited":false,"PrincipalSID":"S-1-5-21-3516374454-2761537032-415496107-512","PrincipalType":"Group"},{"RightName":"GenericAll","IsInherited":false,"PrincipalSID":"S-1-5-21-3516374454-2761537032-415496107-512","PrincipalType":"Group"},{"RightName":"GenericAll","IsInherited":true,"PrincipalSID":"S-1-5-21-3516374454-2761537032-415496107-519","PrincipalType":"Group"},{"RightName":"GenericWrite","IsInherited":true,"PrincipalSID":"PANTHEON.GOD-S-1-5-32-544","PrincipalType":"Group"},{"RightName":"WriteOwner","IsInherited":true,"PrincipalSID":"PANTHEON.GOD-S-1-5-32-544","PrincipalType":"Group"},{"RightName":"WriteDacl","IsInherited":true,"PrincipalSID":"PANTHEON.GOD-S-1-5-32-544","PrincipalType":"Group"}],"GPOChanges":{"LocalAdmins":[],"RemoteDesktopUsers":[],"DcomUsers":[],"PSRemoteUsers":[],"AffectedComputers":[]}},{"ObjectIdentifier":"B62585C0-8E8E-4776-B47E-00B9BF2433F5","IsDeleted":false,"IsACLProtected":false,"Properties":{"name":"ENFERS@PANTHEON.GOD","domain":"PANTHEON.GOD","domainsid":"S-1-5-21-3516374454-2761537032-415496107","distinguishedname":"OU=ENFERS,DC=PANTHEON,DC=GOD","highvalue":false,"description":"Royaume des Enfers, domaine d'Hadès","blocksinheritance":false,"whencreated":1749201712},"ACLProtected":false,"Links":[],"ChildObjects":[{"ObjectIdentifier":"506373DE-A86F-4958-AE32-B4C25FD81F48","ObjectType":"OU"},{"ObjectIdentifier":"728E6AEC-3DCD-4A0D-995E-3EDBA725B4C8","ObjectType":"OU"}],"Aces":[{"RightName":"Owns","IsInherited":false,"PrincipalSID":"S-1-5-21-3516374454-2761537032-415496107-512","PrincipalType":"Group"},{"RightName":"GenericAll","IsInherited":false,"PrincipalSID":"S-1-5-21-3516374454-2761537032-415496107-512","PrincipalType":"Group"},{"RightName":"GenericAll","IsInherited":true,"PrincipalSID":"S-1-5-21-3516374454-2761537032-415496107-519","PrincipalType":"Group"},{"RightName":"GenericWrite","IsInherited":true,"PrincipalSID":"PANTHEON.GOD-S-1-5-32-544","PrincipalType":"Group"},{"RightName":"WriteOwner","IsInherited":true,"PrincipalSID":"PANTHEON.GOD-S-1-5-32-544","PrincipalType":"Group"},{"RightName":"WriteDacl","IsInherited":true,"PrincipalSID":"PANTHEON.GOD-S-1-5-32-544","PrincipalType":"Group"}],"GPOChanges":{"LocalAdmins":[],"RemoteDesktopUsers":[],"DcomUsers":[],"PSRemoteUsers":[],"AffectedComputers":[]}},{"ObjectIdentifier":"728E6AEC-3DCD-4A0D-995E-3EDBA725B4C8","IsDeleted":false,"IsACLProtected":false,"Properties":{"name":"ELYSEE@PANTHEON.GOD","domain":"PANTHEON.GOD","domainsid":"S-1-5-21-3516374454-2761537032-415496107","distinguishedname":"OU=ELYSEE,OU=ENFERS,DC=PANTHEON,DC=GOD","highvalue":false,"description":"Champs Élysées, demeure des héros morts","blocksinheritance":false,"whencreated":1749201719},"ACLProtected":false,"Links":[],"ChildObjects":[{"ObjectIdentifier":"S-1-5-21-3516374454-2761537032-415496107-1129","ObjectType":"User"},{"ObjectIdentifier":"S-1-5-21-3516374454-2761537032-415496107-1109","ObjectType":"Group"},{"ObjectIdentifier":"S-1-5-21-3516374454-2761537032-415496107-1123","ObjectType":"User"},{"ObjectIdentifier":"S-1-5-21-3516374454-2761537032-415496107-1128","ObjectType":"User"}],"Aces":[{"RightName":"Owns","IsInherited":false,"PrincipalSID":"S-1-5-21-3516374454-2761537032-415496107-512","PrincipalType":"Group"},{"RightName":"GenericAll","IsInherited":false,"PrincipalSID":"S-1-5-21-3516374454-2761537032-415496107-512","PrincipalType":"Group"},{"RightName":"GenericAll","IsInherited":true,"PrincipalSID":"S-1-5-21-3516374454-2761537032-415496107-519","PrincipalType":"Group"},{"RightName":"GenericWrite","IsInherited":true,"PrincipalSID":"PANTHEON.GOD-S-1-5-32-544","PrincipalType":"Group"},{"RightName":"WriteOwner","IsInherited":true,"PrincipalSID":"PANTHEON.GOD-S-1-5-32-544","PrincipalType":"Group"},{"RightName":"WriteDacl","IsInherited":true,"PrincipalSID":"PANTHEON.GOD-S-1-5-32-544","PrincipalType":"Group"}],"GPOChanges":{"LocalAdmins":[],"RemoteDesktopUsers":[],"DcomUsers":[],"PSRemoteUsers":[],"AffectedComputers":[]}},{"ObjectIdentifier":"506373DE-A86F-4958-AE32-B4C25FD81F48","IsDeleted":false,"IsACLProtected":false,"Properties":{"name":"TARTARE@PANTHEON.GOD","domain":"PANTHEON.GOD","domainsid":"S-1-5-21-3516374454-2761537032-415496107","distinguishedname":"OU=TARTARE,OU=ENFERS,DC=PANTHEON,DC=GOD","highvalue":false,"description":"Prison des Titans, le plus profond des Enfers","blocksinheritance":false,"whencreated":1749201725},"ACLProtected":false,"Links":[],"ChildObjects":[{"ObjectIdentifier":"S-1-5-21-3516374454-2761537032-415496107-1135","ObjectType":"User"},{"ObjectIdentifier":"S-1-5-21-3516374454-2761537032-415496107-1108","ObjectType":"Group"},{"ObjectIdentifier":"S-1-5-21-3516374454-2761537032-415496107-1136","ObjectType":"User"},{"ObjectIdentifier":"S-1-5-21-3516374454-2761537032-415496107-1138","ObjectType":"User"},{"ObjectIdentifier":"S-1-5-21-3516374454-2761537032-415496107-1137","ObjectType":"User"},{"ObjectIdentifier":"S-1-5-21-3516374454-2761537032-415496107-1134","ObjectType":"User"}],"Aces":[{"RightName":"Owns","IsInherited":false,"PrincipalSID":"S-1-5-21-3516374454-2761537032-415496107-512","PrincipalType":"Group"},{"RightName":"GenericAll","IsInherited":false,"PrincipalSID":"S-1-5-21-3516374454-2761537032-415496107-512","PrincipalType":"Group"},{"RightName":"GenericAll","IsInherited":true,"PrincipalSID":"S-1-5-21-3516374454-2761537032-415496107-519","PrincipalType":"Group"},{"RightName":"GenericWrite","IsInherited":true,"PrincipalSID":"PANTHEON.GOD-S-1-5-32-544","PrincipalType":"Group"},{"RightName":"WriteOwner","IsInherited":true,"PrincipalSID":"PANTHEON.GOD-S-1-5-32-544","PrincipalType":"Group"},{"RightName":"WriteDacl","IsInherited":true,"PrincipalSID":"PANTHEON.GOD-S-1-5-32-544","PrincipalType":"Group"}],"GPOChanges":{"LocalAdmins":[],"RemoteDesktopUsers":[],"DcomUsers":[],"PSRemoteUsers":[],"AffectedComputers":[]}},{"ObjectIdentifier":"A1CDB6E1-520C-456B-BC6B-FD9A4030A41D","IsDeleted":false,"IsACLProtected":false,"Properties":{"name":"DOMAIN CONTROLLERS@PANTHEON.GOD","domain":"PANTHEON.GOD","domainsid":"S-1-5-21-3516374454-2761537032-415496107","distinguishedname":"OU=DOMAIN CONTROLLERS,DC=PANTHEON,DC=GOD","highvalue":false,"description":"Default container for domain controllers","blocksinheritance":false,"whencreated":1749200663},"ACLProtected":false,"Links":[{"IsEnforced":false,"GUID":"6AC1786C-016F-11D2-945F-00C04fB984F9"}],"ChildObjects":[{"ObjectIdentifier":"S-1-5-21-3516374454-2761537032-415496107-1001","ObjectType":"Computer"}],"Aces":[{"RightName":"Owns","IsInherited":false,"PrincipalSID":"S-1-5-21-3516374454-2761537032-415496107-512","PrincipalType":"Group"},{"RightName":"GenericWrite","IsInherited":false,"PrincipalSID":"S-1-5-21-3516374454-2761537032-415496107-512","PrincipalType":"Group"},{"RightName":"WriteOwner","IsInherited":false,"PrincipalSID":"S-1-5-21-3516374454-2761537032-415496107-512","PrincipalType":"Group"},{"RightName":"WriteDacl","IsInherited":false,"PrincipalSID":"S-1-5-21-3516374454-2761537032-415496107-512","PrincipalType":"Group"},{"RightName":"GenericAll","IsInherited":true,"PrincipalSID":"S-1-5-21-3516374454-2761537032-415496107-519","PrincipalType":"Group"},{"RightName":"GenericWrite","IsInherited":true,"PrincipalSID":"PANTHEON.GOD-S-1-5-32-544","PrincipalType":"Group"},{"RightName":"WriteOwner","IsInherited":true,"PrincipalSID":"PANTHEON.GOD-S-1-5-32-544","PrincipalType":"Group"},{"RightName":"WriteDacl","IsInherited":true,"PrincipalSID":"PANTHEON.GOD-S-1-5-32-544","PrincipalType":"Group"}],"GPOChanges":{"LocalAdmins":[],"RemoteDesktopUsers":[],"DcomUsers":[],"PSRemoteUsers":[],"AffectedComputers":[{"ObjectIdentifier":"S-1-5-21-3516374454-2761537032-415496107-1001","ObjectType":"Computer"}]}}],"meta":{"methods":0,"type":"ous","count":5,"version":5}}