{"data":[{"IsDeleted":false,"IsACLProtected":true,"Properties":{"name":"DEFAULT DOMAIN POLICY@PANTHEON.GOD","domain":"PANTHEON.GOD","domainsid":"S-1-5-21-3516374454-2761537032-415496107","distinguishedname":"CN={31B2F340-016D-11D2-945F-00C04FB984F9},CN=POLICIES,CN=SYSTEM,DC=PANTHEON,DC=GOD","highvalue":false,"description":null,"gpcpath":"\\\\pantheon.god\\sysvol\\pantheon.god\\Policies\\{31B2F340-016D-11D2-945F-00C04FB984F9}","whencreated":1749200663},"ObjectIdentifier":"86DD58AA-B0A8-4EE3-AB47-34FAD4EE153A","Aces":[{"RightName":"Owns","IsInherited":false,"PrincipalSID":"S-1-5-21-3516374454-2761537032-415496107-512","PrincipalType":"Group"},{"RightName":"GenericWrite","IsInherited":false,"PrincipalSID":"S-1-5-21-3516374454-2761537032-415496107-512","PrincipalType":"Group"},{"RightName":"WriteOwner","IsInherited":false,"PrincipalSID":"S-1-5-21-3516374454-2761537032-415496107-512","PrincipalType":"Group"},{"RightName":"WriteDacl","IsInherited":false,"PrincipalSID":"S-1-5-21-3516374454-2761537032-415496107-512","PrincipalType":"Group"},{"RightName":"GenericWrite","IsInherited":false,"PrincipalSID":"S-1-5-21-3516374454-2761537032-415496107-512","PrincipalType":"Group"},{"RightName":"WriteOwner","IsInherited":false,"PrincipalSID":"S-1-5-21-3516374454-2761537032-415496107-512","PrincipalType":"Group"},{"RightName":"WriteDacl","IsInherited":false,"PrincipalSID":"S-1-5-21-3516374454-2761537032-415496107-512","PrincipalType":"Group"},{"RightName":"GenericWrite","IsInherited":false,"PrincipalSID":"S-1-5-21-3516374454-2761537032-415496107-519","PrincipalType":"Group"},{"RightName":"WriteOwner","IsInherited":false,"PrincipalSID":"S-1-5-21-3516374454-2761537032-415496107-519","PrincipalType":"Group"},{"RightName":"WriteDacl","IsInherited":false,"PrincipalSID":"S-1-5-21-3516374454-2761537032-415496107-519","PrincipalType":"Group"},{"RightName":"GenericWrite","IsInherited":false,"PrincipalSID":"S-1-5-21-3516374454-2761537032-415496107-519","PrincipalType":"Group"},{"RightName":"WriteOwner","IsInherited":false,"PrincipalSID":"S-1-5-21-3516374454-2761537032-415496107-519","PrincipalType":"Group"},{"RightName":"WriteDacl","IsInherited":false,"PrincipalSID":"S-1-5-21-3516374454-2761537032-415496107-519","PrincipalType":"Group"},{"RightName":"GenericWrite","IsInherited":false,"PrincipalSID":"S-1-5-21-3516374454-2761537032-415496107-512","PrincipalType":"Group"},{"RightName":"WriteOwner","IsInherited":false,"PrincipalSID":"S-1-5-21-3516374454-2761537032-415496107-512","PrincipalType":"Group"},{"RightName":"WriteDacl","IsInherited":false,"PrincipalSID":"S-1-5-21-3516374454-2761537032-415496107-512","PrincipalType":"Group"}]},{"IsDeleted":false,"IsACLProtected":true,"Properties":{"name":"DEFAULT DOMAIN CONTROLLERS POLICY@PANTHEON.GOD","domain":"PANTHEON.GOD","domainsid":"S-1-5-21-3516374454-2761537032-415496107","distinguishedname":"CN={6AC1786C-016F-11D2-945F-00C04FB984F9},CN=POLICIES,CN=SYSTEM,DC=PANTHEON,DC=GOD","highvalue":false,"description":null,"gpcpath":"\\\\pantheon.god\\sysvol\\pantheon.god\\Policies\\{6AC1786C-016F-11D2-945F-00C04fB984F9}","whencreated":1749200663},"ObjectIdentifier":"D5CDF08A-3F6D-4BF3-8494-5C99FC16DCCB","Aces":[{"RightName":"Owns","IsInherited":false,"PrincipalSID":"S-1-5-21-3516374454-2761537032-415496107-512","PrincipalType":"Group"},{"RightName":"GenericWrite","IsInherited":false,"PrincipalSID":"S-1-5-21-3516374454-2761537032-415496107-512","PrincipalType":"Group"},{"RightName":"WriteOwner","IsInherited":false,"PrincipalSID":"S-1-5-21-3516374454-2761537032-415496107-512","PrincipalType":"Group"},{"RightName":"WriteDacl","IsInherited":false,"PrincipalSID":"S-1-5-21-3516374454-2761537032-415496107-512","PrincipalType":"Group"},{"RightName":"GenericWrite","IsInherited":false,"PrincipalSID":"S-1-5-21-3516374454-2761537032-415496107-512","PrincipalType":"Group"},{"RightName":"WriteOwner","IsInherited":false,"PrincipalSID":"S-1-5-21-3516374454-2761537032-415496107-512","PrincipalType":"Group"},{"RightName":"WriteDacl","IsInherited":false,"PrincipalSID":"S-1-5-21-3516374454-2761537032-415496107-512","PrincipalType":"Group"},{"RightName":"GenericWrite","IsInherited":false,"PrincipalSID":"S-1-5-21-3516374454-2761537032-415496107-519","PrincipalType":"Group"},{"RightName":"WriteOwner","IsInherited":false,"PrincipalSID":"S-1-5-21-3516374454-2761537032-415496107-519","PrincipalType":"Group"},{"RightName":"WriteDacl","IsInherited":false,"PrincipalSID":"S-1-5-21-3516374454-2761537032-415496107-519","PrincipalType":"Group"},{"RightName":"GenericWrite","IsInherited":false,"PrincipalSID":"S-1-5-21-3516374454-2761537032-415496107-519","PrincipalType":"Group"},{"RightName":"WriteOwner","IsInherited":false,"PrincipalSID":"S-1-5-21-3516374454-2761537032-415496107-519","PrincipalType":"Group"},{"RightName":"WriteDacl","IsInherited":false,"PrincipalSID":"S-1-5-21-3516374454-2761537032-415496107-519","PrincipalType":"Group"},{"RightName":"GenericWrite","IsInherited":false,"PrincipalSID":"S-1-5-21-3516374454-2761537032-415496107-512","PrincipalType":"Group"},{"RightName":"WriteOwner","IsInherited":false,"PrincipalSID":"S-1-5-21-3516374454-2761537032-415496107-512","PrincipalType":"Group"},{"RightName":"WriteDacl","IsInherited":false,"PrincipalSID":"S-1-5-21-3516374454-2761537032-415496107-512","PrincipalType":"Group"}]}],"meta":{"methods":0,"type":"gpos","count":2,"version":5}}