{"data":[{"ObjectIdentifier":"1502299A-0DC4-4284-9F01-D27A1DD2984B","IsDeleted":false,"IsACLProtected":false,"Properties":{"name":"USERS@PANTHEON.GOD","domain":"PANTHEON.GOD","domainsid":"S-1-5-21-3516374454-2761537032-415496107","distinguishedname":"CN=USERS,DC=PANTHEON,DC=GOD","highvalue":false},"ChildObjects":[{"ObjectIdentifier":"S-1-5-21-3516374454-2761537032-415496107-1000","ObjectType":"User"},{"ObjectIdentifier":"S-1-5-21-3516374454-2761537032-415496107-1117","ObjectType":"User"},{"ObjectIdentifier":"S-1-5-21-3516374454-2761537032-415496107-520","ObjectType":"Group"},{"ObjectIdentifier":"S-1-5-21-3516374454-2761537032-415496107-502","ObjectType":"User"},{"ObjectIdentifier":"S-1-5-21-3516374454-2761537032-415496107-1115","ObjectType":"User"},{"ObjectIdentifier":"S-1-5-21-3516374454-2761537032-415496107-513","ObjectType":"Group"},{"ObjectIdentifier":"S-1-5-21-3516374454-2761537032-415496107-516","ObjectType":"Group"},{"ObjectIdentifier":"S-1-5-21-3516374454-2761537032-415496107-514","ObjectType":"Group"},{"ObjectIdentifier":"S-1-5-21-3516374454-2761537032-415496107-1113","ObjectType":"User"},{"ObjectIdentifier":"S-1-5-21-3516374454-2761537032-415496107-517","ObjectType":"Group"},{"ObjectIdentifier":"S-1-5-21-3516374454-2761537032-415496107-572","ObjectType":"Group"},{"ObjectIdentifier":"S-1-5-21-3516374454-2761537032-415496107-528","ObjectType":"Group"},{"ObjectIdentifier":"S-1-5-21-3516374454-2761537032-415496107-529","ObjectType":"Group"},{"ObjectIdentifier":"S-1-5-21-3516374454-2761537032-415496107-1116","ObjectType":"User"},{"ObjectIdentifier":"S-1-5-21-3516374454-2761537032-415496107-518","ObjectType":"Group"},{"ObjectIdentifier":"S-1-5-21-3516374454-2761537032-415496107-1120","ObjectType":"User"},{"ObjectIdentifier":"S-1-5-21-3516374454-2761537032-415496107-519","ObjectType":"Group"},{"ObjectIdentifier":"S-1-5-21-3516374454-2761537032-415496107-553","ObjectType":"Group"},{"ObjectIdentifier":"S-1-5-21-3516374454-2761537032-415496107-571","ObjectType":"Group"},{"ObjectIdentifier":"S-1-5-21-3516374454-2761537032-415496107-526","ObjectType":"Group"},{"ObjectIdentifier":"S-1-5-21-3516374454-2761537032-415496107-1103","ObjectType":"Group"},{"ObjectIdentifier":"S-1-5-21-3516374454-2761537032-415496107-521","ObjectType":"Group"},{"ObjectIdentifier":"S-1-5-21-3516374454-2761537032-415496107-1112","ObjectType":"User"},{"ObjectIdentifier":"S-1-5-21-3516374454-2761537032-415496107-500","ObjectType":"User"},{"ObjectIdentifier":"S-1-5-21-3516374454-2761537032-415496107-1114","ObjectType":"User"},{"ObjectIdentifier":"S-1-5-21-3516374454-2761537032-415496107-515","ObjectType":"Group"},{"ObjectIdentifier":"S-1-5-21-3516374454-2761537032-415496107-1104","ObjectType":"Group"},{"ObjectIdentifier":"S-1-5-21-3516374454-2761537032-415496107-1122","ObjectType":"User"},{"ObjectIdentifier":"S-1-5-21-3516374454-2761537032-415496107-527","ObjectType":"Group"},{"ObjectIdentifier":"S-1-5-21-3516374454-2761537032-415496107-525","ObjectType":"Group"},{"ObjectIdentifier":"S-1-5-21-3516374454-2761537032-415496107-1133","ObjectType":"User"},{"ObjectIdentifier":"S-1-5-21-3516374454-2761537032-415496107-1119","ObjectType":"User"},{"ObjectIdentifier":"S-1-5-21-3516374454-2761537032-415496107-512","ObjectType":"Group"},{"ObjectIdentifier":"S-1-5-21-3516374454-2761537032-415496107-1118","ObjectType":"User"},{"ObjectIdentifier":"S-1-5-21-3516374454-2761537032-415496107-498","ObjectType":"Group"},{"ObjectIdentifier":"S-1-5-21-3516374454-2761537032-415496107-1121","ObjectType":"User"},{"ObjectIdentifier":"S-1-5-21-3516374454-2761537032-415496107-1111","ObjectType":"User"},{"ObjectIdentifier":"S-1-5-21-3516374454-2761537032-415496107-501","ObjectType":"User"},{"ObjectIdentifier":"S-1-5-21-3516374454-2761537032-415496107-522","ObjectType":"Group"},{"ObjectIdentifier":"S-1-5-21-3516374454-2761537032-415496107-1102","ObjectType":"Group"}],"Aces":[{"RightName":"Owns","IsInherited":false,"PrincipalSID":"S-1-5-21-3516374454-2761537032-415496107-512","PrincipalType":"Group"},{"RightName":"GenericWrite","IsInherited":false,"PrincipalSID":"S-1-5-21-3516374454-2761537032-415496107-512","PrincipalType":"Group"},{"RightName":"WriteOwner","IsInherited":false,"PrincipalSID":"S-1-5-21-3516374454-2761537032-415496107-512","PrincipalType":"Group"},{"RightName":"WriteDacl","IsInherited":false,"PrincipalSID":"S-1-5-21-3516374454-2761537032-415496107-512","PrincipalType":"Group"},{"RightName":"GenericAll","IsInherited":true,"PrincipalSID":"S-1-5-21-3516374454-2761537032-415496107-519","PrincipalType":"Group"},{"RightName":"GenericWrite","IsInherited":true,"PrincipalSID":"PANTHEON.GOD-S-1-5-32-544","PrincipalType":"Group"},{"RightName":"WriteOwner","IsInherited":true,"PrincipalSID":"PANTHEON.GOD-S-1-5-32-544","PrincipalType":"Group"},{"RightName":"WriteDacl","IsInherited":true,"PrincipalSID":"PANTHEON.GOD-S-1-5-32-544","PrincipalType":"Group"}]},{"ObjectIdentifier":"ECC4B92A-1AC3-40B5-BF39-DC59B8A2066F","IsDeleted":false,"IsACLProtected":false,"Properties":{"name":"COMPUTERS@PANTHEON.GOD","domain":"PANTHEON.GOD","domainsid":"S-1-5-21-3516374454-2761537032-415496107","distinguishedname":"CN=COMPUTERS,DC=PANTHEON,DC=GOD","highvalue":false},"ChildObjects":[],"Aces":[{"RightName":"Owns","IsInherited":false,"PrincipalSID":"S-1-5-21-3516374454-2761537032-415496107-512","PrincipalType":"Group"},{"RightName":"GenericWrite","IsInherited":false,"PrincipalSID":"S-1-5-21-3516374454-2761537032-415496107-512","PrincipalType":"Group"},{"RightName":"WriteOwner","IsInherited":false,"PrincipalSID":"S-1-5-21-3516374454-2761537032-415496107-512","PrincipalType":"Group"},{"RightName":"WriteDacl","IsInherited":false,"PrincipalSID":"S-1-5-21-3516374454-2761537032-415496107-512","PrincipalType":"Group"},{"RightName":"GenericAll","IsInherited":true,"PrincipalSID":"S-1-5-21-3516374454-2761537032-415496107-519","PrincipalType":"Group"},{"RightName":"GenericWrite","IsInherited":true,"PrincipalSID":"PANTHEON.GOD-S-1-5-32-544","PrincipalType":"Group"},{"RightName":"WriteOwner","IsInherited":true,"PrincipalSID":"PANTHEON.GOD-S-1-5-32-544","PrincipalType":"Group"},{"RightName":"WriteDacl","IsInherited":true,"PrincipalSID":"PANTHEON.GOD-S-1-5-32-544","PrincipalType":"Group"}]},{"ObjectIdentifier":"AAB46F0A-A601-4F13-89B7-7D4AC7F14BBA","IsDeleted":false,"IsACLProtected":false,"Properties":{"name":"SYSTEM@PANTHEON.GOD","domain":"PANTHEON.GOD","domainsid":"S-1-5-21-3516374454-2761537032-415496107","distinguishedname":"CN=SYSTEM,DC=PANTHEON,DC=GOD","highvalue":false},"ChildObjects":[{"ObjectIdentifier":"BDA1C24E-B6F9-40BE-96D2-45E969AA99BA","ObjectType":"Container"},{"ObjectIdentifier":"BED685ED-F638-4C67-BE72-93652F6E88A2","ObjectType":"Container"},{"ObjectIdentifier":"D653B549-65EE-4DCC-B79E-1EF16FAD7F8B","ObjectType":"Container"},{"ObjectIdentifier":"1A3A5C62-9054-47C6-B34B-6A6FEDCCF2DC","ObjectType":"Container"},{"ObjectIdentifier":"480742B8-39D1-4B49-9B5A-66F5088501A7","ObjectType":"Container"},{"ObjectIdentifier":"7DD32C18-3CF7-48C3-B8C8-9C5491AA6D52","ObjectType":"Container"},{"ObjectIdentifier":"23D8D872-46D7-4EA5-947C-47E208429259","ObjectType":"Container"},{"ObjectIdentifier":"A06981DE-757A-424C-B6FD-B4B1BCC3BBDE","ObjectType":"Container"},{"ObjectIdentifier":"21D6D982-9F30-4332-A471-0FF6E08AA193","ObjectType":"Container"},{"ObjectIdentifier":"2D4F6891-6D6E-4B26-ACB5-3FB1B5FC6CF7","ObjectType":"Container"},{"ObjectIdentifier":"9CF06F7D-450B-4FE4-A7E7-380335545139","ObjectType":"Container"},{"ObjectIdentifier":"574CE2D7-898C-4B32-B3AE-4AE51DF0EF9F","ObjectType":"Container"}],"Aces":[{"RightName":"Owns","IsInherited":false,"PrincipalSID":"S-1-5-21-3516374454-2761537032-415496107-512","PrincipalType":"Group"},{"RightName":"GenericWrite","IsInherited":false,"PrincipalSID":"S-1-5-21-3516374454-2761537032-415496107-512","PrincipalType":"Group"},{"RightName":"WriteOwner","IsInherited":false,"PrincipalSID":"S-1-5-21-3516374454-2761537032-415496107-512","PrincipalType":"Group"},{"RightName":"WriteDacl","IsInherited":false,"PrincipalSID":"S-1-5-21-3516374454-2761537032-415496107-512","PrincipalType":"Group"},{"RightName":"GenericAll","IsInherited":true,"PrincipalSID":"S-1-5-21-3516374454-2761537032-415496107-519","PrincipalType":"Group"},{"RightName":"GenericWrite","IsInherited":true,"PrincipalSID":"PANTHEON.GOD-S-1-5-32-544","PrincipalType":"Group"},{"RightName":"WriteOwner","IsInherited":true,"PrincipalSID":"PANTHEON.GOD-S-1-5-32-544","PrincipalType":"Group"},{"RightName":"WriteDacl","IsInherited":true,"PrincipalSID":"PANTHEON.GOD-S-1-5-32-544","PrincipalType":"Group"}]},{"ObjectIdentifier":"574CE2D7-898C-4B32-B3AE-4AE51DF0EF9F","IsDeleted":false,"IsACLProtected":false,"Properties":{"name":"WINSOCKSERVICES@PANTHEON.GOD","domain":"PANTHEON.GOD","domainsid":"S-1-5-21-3516374454-2761537032-415496107","distinguishedname":"CN=WINSOCKSERVICES,CN=SYSTEM,DC=PANTHEON,DC=GOD","highvalue":false},"ChildObjects":[],"Aces":[{"RightName":"Owns","IsInherited":false,"PrincipalSID":"S-1-5-21-3516374454-2761537032-415496107-512","PrincipalType":"Group"},{"RightName":"GenericWrite","IsInherited":false,"PrincipalSID":"S-1-5-21-3516374454-2761537032-415496107-512","PrincipalType":"Group"},{"RightName":"WriteOwner","IsInherited":false,"PrincipalSID":"S-1-5-21-3516374454-2761537032-415496107-512","PrincipalType":"Group"},{"RightName":"WriteDacl","IsInherited":false,"PrincipalSID":"S-1-5-21-3516374454-2761537032-415496107-512","PrincipalType":"Group"},{"RightName":"GenericAll","IsInherited":true,"PrincipalSID":"S-1-5-21-3516374454-2761537032-415496107-519","PrincipalType":"Group"},{"RightName":"GenericWrite","IsInherited":true,"PrincipalSID":"PANTHEON.GOD-S-1-5-32-544","PrincipalType":"Group"},{"RightName":"WriteOwner","IsInherited":true,"PrincipalSID":"PANTHEON.GOD-S-1-5-32-544","PrincipalType":"Group"},{"RightName":"WriteDacl","IsInherited":true,"PrincipalSID":"PANTHEON.GOD-S-1-5-32-544","PrincipalType":"Group"}]},{"ObjectIdentifier":"7DD32C18-3CF7-48C3-B8C8-9C5491AA6D52","IsDeleted":false,"IsACLProtected":false,"Properties":{"name":"RPCSERVICES@PANTHEON.GOD","domain":"PANTHEON.GOD","domainsid":"S-1-5-21-3516374454-2761537032-415496107","distinguishedname":"CN=RPCSERVICES,CN=SYSTEM,DC=PANTHEON,DC=GOD","highvalue":false},"ChildObjects":[],"Aces":[{"RightName":"Owns","IsInherited":false,"PrincipalSID":"S-1-5-21-3516374454-2761537032-415496107-512","PrincipalType":"Group"},{"RightName":"GenericWrite","IsInherited":false,"PrincipalSID":"S-1-5-21-3516374454-2761537032-415496107-512","PrincipalType":"Group"},{"RightName":"WriteOwner","IsInherited":false,"PrincipalSID":"S-1-5-21-3516374454-2761537032-415496107-512","PrincipalType":"Group"},{"RightName":"WriteDacl","IsInherited":false,"PrincipalSID":"S-1-5-21-3516374454-2761537032-415496107-512","PrincipalType":"Group"},{"RightName":"GenericAll","IsInherited":true,"PrincipalSID":"S-1-5-21-3516374454-2761537032-415496107-519","PrincipalType":"Group"},{"RightName":"GenericWrite","IsInherited":true,"PrincipalSID":"PANTHEON.GOD-S-1-5-32-544","PrincipalType":"Group"},{"RightName":"WriteOwner","IsInherited":true,"PrincipalSID":"PANTHEON.GOD-S-1-5-32-544","PrincipalType":"Group"},{"RightName":"WriteDacl","IsInherited":true,"PrincipalSID":"PANTHEON.GOD-S-1-5-32-544","PrincipalType":"Group"}]},{"ObjectIdentifier":"D653B549-65EE-4DCC-B79E-1EF16FAD7F8B","IsDeleted":false,"IsACLProtected":false,"Properties":{"name":"MEETINGS@PANTHEON.GOD","domain":"PANTHEON.GOD","domainsid":"S-1-5-21-3516374454-2761537032-415496107","distinguishedname":"CN=MEETINGS,CN=SYSTEM,DC=PANTHEON,DC=GOD","highvalue":false},"ChildObjects":[],"Aces":[{"RightName":"Owns","IsInherited":false,"PrincipalSID":"S-1-5-21-3516374454-2761537032-415496107-512","PrincipalType":"Group"},{"RightName":"GenericWrite","IsInherited":false,"PrincipalSID":"S-1-5-21-3516374454-2761537032-415496107-512","PrincipalType":"Group"},{"RightName":"WriteOwner","IsInherited":false,"PrincipalSID":"S-1-5-21-3516374454-2761537032-415496107-512","PrincipalType":"Group"},{"RightName":"WriteDacl","IsInherited":false,"PrincipalSID":"S-1-5-21-3516374454-2761537032-415496107-512","PrincipalType":"Group"},{"RightName":"GenericAll","IsInherited":true,"PrincipalSID":"S-1-5-21-3516374454-2761537032-415496107-519","PrincipalType":"Group"},{"RightName":"GenericWrite","IsInherited":true,"PrincipalSID":"PANTHEON.GOD-S-1-5-32-544","PrincipalType":"Group"},{"RightName":"WriteOwner","IsInherited":true,"PrincipalSID":"PANTHEON.GOD-S-1-5-32-544","PrincipalType":"Group"},{"RightName":"WriteDacl","IsInherited":true,"PrincipalSID":"PANTHEON.GOD-S-1-5-32-544","PrincipalType":"Group"}]},{"ObjectIdentifier":"21D6D982-9F30-4332-A471-0FF6E08AA193","IsDeleted":false,"IsACLProtected":false,"Properties":{"name":"POLICIES@PANTHEON.GOD","domain":"PANTHEON.GOD","domainsid":"S-1-5-21-3516374454-2761537032-415496107","distinguishedname":"CN=POLICIES,CN=SYSTEM,DC=PANTHEON,DC=GOD","highvalue":false},"ChildObjects":[{"ObjectIdentifier":"86DD58AA-B0A8-4EE3-AB47-34FAD4EE153A","ObjectType":"Gpo"},{"ObjectIdentifier":"D5CDF08A-3F6D-4BF3-8494-5C99FC16DCCB","ObjectType":"Gpo"}],"Aces":[{"RightName":"Owns","IsInherited":false,"PrincipalSID":"S-1-5-21-3516374454-2761537032-415496107-512","PrincipalType":"Group"},{"RightName":"GenericWrite","IsInherited":false,"PrincipalSID":"S-1-5-21-3516374454-2761537032-415496107-512","PrincipalType":"Group"},{"RightName":"WriteOwner","IsInherited":false,"PrincipalSID":"S-1-5-21-3516374454-2761537032-415496107-512","PrincipalType":"Group"},{"RightName":"WriteDacl","IsInherited":false,"PrincipalSID":"S-1-5-21-3516374454-2761537032-415496107-512","PrincipalType":"Group"},{"RightName":"GenericAll","IsInherited":true,"PrincipalSID":"S-1-5-21-3516374454-2761537032-415496107-519","PrincipalType":"Group"},{"RightName":"GenericWrite","IsInherited":true,"PrincipalSID":"PANTHEON.GOD-S-1-5-32-544","PrincipalType":"Group"},{"RightName":"WriteOwner","IsInherited":true,"PrincipalSID":"PANTHEON.GOD-S-1-5-32-544","PrincipalType":"Group"},{"RightName":"WriteDacl","IsInherited":true,"PrincipalSID":"PANTHEON.GOD-S-1-5-32-544","PrincipalType":"Group"}]},{"ObjectIdentifier":"9CF06F7D-450B-4FE4-A7E7-380335545139","IsDeleted":false,"IsACLProtected":false,"Properties":{"name":"RAS AND IAS SERVERS ACCESS CHECK@PANTHEON.GOD","domain":"PANTHEON.GOD","domainsid":"S-1-5-21-3516374454-2761537032-415496107","distinguishedname":"CN=RAS AND IAS SERVERS ACCESS CHECK,CN=SYSTEM,DC=PANTHEON,DC=GOD","highvalue":false},"ChildObjects":[],"Aces":[{"RightName":"Owns","IsInherited":false,"PrincipalSID":"S-1-5-21-3516374454-2761537032-415496107-512","PrincipalType":"Group"},{"RightName":"GenericWrite","IsInherited":false,"PrincipalSID":"S-1-5-21-3516374454-2761537032-415496107-553","PrincipalType":"Group"},{"RightName":"WriteOwner","IsInherited":false,"PrincipalSID":"S-1-5-21-3516374454-2761537032-415496107-553","PrincipalType":"Group"},{"RightName":"WriteDacl","IsInherited":false,"PrincipalSID":"S-1-5-21-3516374454-2761537032-415496107-553","PrincipalType":"Group"},{"RightName":"GenericAll","IsInherited":true,"PrincipalSID":"S-1-5-21-3516374454-2761537032-415496107-519","PrincipalType":"Group"},{"RightName":"GenericWrite","IsInherited":true,"PrincipalSID":"PANTHEON.GOD-S-1-5-32-544","PrincipalType":"Group"},{"RightName":"WriteOwner","IsInherited":true,"PrincipalSID":"PANTHEON.GOD-S-1-5-32-544","PrincipalType":"Group"},{"RightName":"WriteDacl","IsInherited":true,"PrincipalSID":"PANTHEON.GOD-S-1-5-32-544","PrincipalType":"Group"}]},{"ObjectIdentifier":"1A3A5C62-9054-47C6-B34B-6A6FEDCCF2DC","IsDeleted":false,"IsACLProtected":false,"Properties":{"name":"IP SECURITY@PANTHEON.GOD","domain":"PANTHEON.GOD","domainsid":"S-1-5-21-3516374454-2761537032-415496107","distinguishedname":"CN=IP SECURITY,CN=SYSTEM,DC=PANTHEON,DC=GOD","highvalue":false},"ChildObjects":[],"Aces":[{"RightName":"Owns","IsInherited":false,"PrincipalSID":"S-1-5-21-3516374454-2761537032-415496107-512","PrincipalType":"Group"},{"RightName":"GenericWrite","IsInherited":false,"PrincipalSID":"S-1-5-21-3516374454-2761537032-415496107-512","PrincipalType":"Group"},{"RightName":"WriteOwner","IsInherited":false,"PrincipalSID":"S-1-5-21-3516374454-2761537032-415496107-512","PrincipalType":"Group"},{"RightName":"WriteDacl","IsInherited":false,"PrincipalSID":"S-1-5-21-3516374454-2761537032-415496107-512","PrincipalType":"Group"},{"RightName":"GenericAll","IsInherited":true,"PrincipalSID":"S-1-5-21-3516374454-2761537032-415496107-519","PrincipalType":"Group"},{"RightName":"GenericWrite","IsInherited":true,"PrincipalSID":"PANTHEON.GOD-S-1-5-32-544","PrincipalType":"Group"},{"RightName":"WriteOwner","IsInherited":true,"PrincipalSID":"PANTHEON.GOD-S-1-5-32-544","PrincipalType":"Group"},{"RightName":"WriteDacl","IsInherited":true,"PrincipalSID":"PANTHEON.GOD-S-1-5-32-544","PrincipalType":"Group"}]},{"ObjectIdentifier":"480742B8-39D1-4B49-9B5A-66F5088501A7","IsDeleted":false,"IsACLProtected":true,"Properties":{"name":"ADMINSDHOLDER@PANTHEON.GOD","domain":"PANTHEON.GOD","domainsid":"S-1-5-21-3516374454-2761537032-415496107","distinguishedname":"CN=ADMINSDHOLDER,CN=SYSTEM,DC=PANTHEON,DC=GOD","highvalue":false},"ChildObjects":[],"Aces":[{"RightName":"Owns","IsInherited":false,"PrincipalSID":"S-1-5-21-3516374454-2761537032-415496107-512","PrincipalType":"Group"},{"RightName":"GenericWrite","IsInherited":false,"PrincipalSID":"S-1-5-21-3516374454-2761537032-415496107-512","PrincipalType":"Group"},{"RightName":"WriteOwner","IsInherited":false,"PrincipalSID":"S-1-5-21-3516374454-2761537032-415496107-512","PrincipalType":"Group"},{"RightName":"WriteDacl","IsInherited":false,"PrincipalSID":"S-1-5-21-3516374454-2761537032-415496107-512","PrincipalType":"Group"},{"RightName":"GenericWrite","IsInherited":false,"PrincipalSID":"S-1-5-21-3516374454-2761537032-415496107-519","PrincipalType":"Group"},{"RightName":"WriteOwner","IsInherited":false,"PrincipalSID":"S-1-5-21-3516374454-2761537032-415496107-519","PrincipalType":"Group"},{"RightName":"WriteDacl","IsInherited":false,"PrincipalSID":"S-1-5-21-3516374454-2761537032-415496107-519","PrincipalType":"Group"},{"RightName":"GenericWrite","IsInherited":false,"PrincipalSID":"PANTHEON.GOD-S-1-5-32-544","PrincipalType":"Group"},{"RightName":"WriteOwner","IsInherited":false,"PrincipalSID":"PANTHEON.GOD-S-1-5-32-544","PrincipalType":"Group"},{"RightName":"WriteDacl","IsInherited":false,"PrincipalSID":"PANTHEON.GOD-S-1-5-32-544","PrincipalType":"Group"}]},{"ObjectIdentifier":"A06981DE-757A-424C-B6FD-B4B1BCC3BBDE","IsDeleted":false,"IsACLProtected":false,"Properties":{"name":"COMPARTITIONS@PANTHEON.GOD","domain":"PANTHEON.GOD","domainsid":"S-1-5-21-3516374454-2761537032-415496107","distinguishedname":"CN=COMPARTITIONS,CN=SYSTEM,DC=PANTHEON,DC=GOD","highvalue":false},"ChildObjects":[],"Aces":[{"RightName":"Owns","IsInherited":false,"PrincipalSID":"S-1-5-21-3516374454-2761537032-415496107-512","PrincipalType":"Group"},{"RightName":"GenericWrite","IsInherited":false,"PrincipalSID":"S-1-5-21-3516374454-2761537032-415496107-512","PrincipalType":"Group"},{"RightName":"WriteOwner","IsInherited":false,"PrincipalSID":"S-1-5-21-3516374454-2761537032-415496107-512","PrincipalType":"Group"},{"RightName":"WriteDacl","IsInherited":false,"PrincipalSID":"S-1-5-21-3516374454-2761537032-415496107-512","PrincipalType":"Group"},{"RightName":"GenericAll","IsInherited":true,"PrincipalSID":"S-1-5-21-3516374454-2761537032-415496107-519","PrincipalType":"Group"},{"RightName":"GenericWrite","IsInherited":true,"PrincipalSID":"PANTHEON.GOD-S-1-5-32-544","PrincipalType":"Group"},{"RightName":"WriteOwner","IsInherited":true,"PrincipalSID":"PANTHEON.GOD-S-1-5-32-544","PrincipalType":"Group"},{"RightName":"WriteDacl","IsInherited":true,"PrincipalSID":"PANTHEON.GOD-S-1-5-32-544","PrincipalType":"Group"}]},{"ObjectIdentifier":"2D4F6891-6D6E-4B26-ACB5-3FB1B5FC6CF7","IsDeleted":false,"IsACLProtected":false,"Properties":{"name":"COMPARTITIONSETS@PANTHEON.GOD","domain":"PANTHEON.GOD","domainsid":"S-1-5-21-3516374454-2761537032-415496107","distinguishedname":"CN=COMPARTITIONSETS,CN=SYSTEM,DC=PANTHEON,DC=GOD","highvalue":false},"ChildObjects":[],"Aces":[{"RightName":"Owns","IsInherited":false,"PrincipalSID":"S-1-5-21-3516374454-2761537032-415496107-512","PrincipalType":"Group"},{"RightName":"GenericWrite","IsInherited":false,"PrincipalSID":"S-1-5-21-3516374454-2761537032-415496107-512","PrincipalType":"Group"},{"RightName":"WriteOwner","IsInherited":false,"PrincipalSID":"S-1-5-21-3516374454-2761537032-415496107-512","PrincipalType":"Group"},{"RightName":"WriteDacl","IsInherited":false,"PrincipalSID":"S-1-5-21-3516374454-2761537032-415496107-512","PrincipalType":"Group"},{"RightName":"GenericAll","IsInherited":true,"PrincipalSID":"S-1-5-21-3516374454-2761537032-415496107-519","PrincipalType":"Group"},{"RightName":"GenericWrite","IsInherited":true,"PrincipalSID":"PANTHEON.GOD-S-1-5-32-544","PrincipalType":"Group"},{"RightName":"WriteOwner","IsInherited":true,"PrincipalSID":"PANTHEON.GOD-S-1-5-32-544","PrincipalType":"Group"},{"RightName":"WriteDacl","IsInherited":true,"PrincipalSID":"PANTHEON.GOD-S-1-5-32-544","PrincipalType":"Group"}]},{"ObjectIdentifier":"BED685ED-F638-4C67-BE72-93652F6E88A2","IsDeleted":false,"IsACLProtected":true,"Properties":{"name":"WMIPOLICY@PANTHEON.GOD","domain":"PANTHEON.GOD","domainsid":"S-1-5-21-3516374454-2761537032-415496107","distinguishedname":"CN=WMIPOLICY,CN=SYSTEM,DC=PANTHEON,DC=GOD","highvalue":false},"ChildObjects":[{"ObjectIdentifier":"2A56BC24-11A5-4653-94DC-4FC43CE40BD1","ObjectType":"Container"},{"ObjectIdentifier":"180D288A-9F90-486C-8E0F-1AE2269D9AB9","ObjectType":"Container"},{"ObjectIdentifier":"8363D9E4-45F1-447E-894F-D40A35D0ACB9","ObjectType":"Container"},{"ObjectIdentifier":"14E08293-0995-42B6-9531-C9C7DF990850","ObjectType":"Container"}],"Aces":[{"RightName":"Owns","IsInherited":false,"PrincipalSID":"S-1-5-21-3516374454-2761537032-415496107-512","PrincipalType":"Group"},{"RightName":"GenericWrite","IsInherited":false,"PrincipalSID":"PANTHEON.GOD-S-1-5-32-544","PrincipalType":"Group"},{"RightName":"GenericWrite","IsInherited":false,"PrincipalSID":"S-1-5-21-3516374454-2761537032-415496107-520","PrincipalType":"Group"},{"RightName":"GenericAll","IsInherited":false,"PrincipalSID":"S-1-5-21-3516374454-2761537032-415496107-519","PrincipalType":"Group"},{"RightName":"GenericAll","IsInherited":false,"PrincipalSID":"S-1-5-21-3516374454-2761537032-415496107-512","PrincipalType":"Group"}]},{"ObjectIdentifier":"8363D9E4-45F1-447E-894F-D40A35D0ACB9","IsDeleted":false,"IsACLProtected":false,"Properties":{"name":"POLICYTEMPLATE@PANTHEON.GOD","domain":"PANTHEON.GOD","domainsid":"S-1-5-21-3516374454-2761537032-415496107","distinguishedname":"CN=POLICYTEMPLATE,CN=WMIPOLICY,CN=SYSTEM,DC=PANTHEON,DC=GOD","highvalue":false},"ChildObjects":[],"Aces":[{"RightName":"Owns","IsInherited":false,"PrincipalSID":"S-1-5-21-3516374454-2761537032-415496107-512","PrincipalType":"Group"},{"RightName":"GenericWrite","IsInherited":false,"PrincipalSID":"S-1-5-21-3516374454-2761537032-415496107-512","PrincipalType":"Group"},{"RightName":"WriteOwner","IsInherited":false,"PrincipalSID":"S-1-5-21-3516374454-2761537032-415496107-512","PrincipalType":"Group"},{"RightName":"WriteDacl","IsInherited":false,"PrincipalSID":"S-1-5-21-3516374454-2761537032-415496107-512","PrincipalType":"Group"},{"RightName":"GenericAll","IsInherited":true,"PrincipalSID":"S-1-5-21-3516374454-2761537032-415496107-519","PrincipalType":"Group"},{"RightName":"GenericAll","IsInherited":true,"PrincipalSID":"S-1-5-21-3516374454-2761537032-415496107-512","PrincipalType":"Group"}]},{"ObjectIdentifier":"14E08293-0995-42B6-9531-C9C7DF990850","IsDeleted":false,"IsACLProtected":true,"Properties":{"name":"SOM@PANTHEON.GOD","domain":"PANTHEON.GOD","domainsid":"S-1-5-21-3516374454-2761537032-415496107","distinguishedname":"CN=SOM,CN=WMIPOLICY,CN=SYSTEM,DC=PANTHEON,DC=GOD","highvalue":false},"ChildObjects":[],"Aces":[{"RightName":"Owns","IsInherited":false,"PrincipalSID":"S-1-5-21-3516374454-2761537032-415496107-512","PrincipalType":"Group"},{"RightName":"GenericAll","IsInherited":false,"PrincipalSID":"S-1-5-21-3516374454-2761537032-415496107-512","PrincipalType":"Group"},{"RightName":"GenericAll","IsInherited":false,"PrincipalSID":"S-1-5-21-3516374454-2761537032-415496107-519","PrincipalType":"Group"},{"RightName":"GenericWrite","IsInherited":false,"PrincipalSID":"PANTHEON.GOD-S-1-5-32-544","PrincipalType":"Group"},{"RightName":"GenericWrite","IsInherited":false,"PrincipalSID":"S-1-5-21-3516374454-2761537032-415496107-520","PrincipalType":"Group"}]},{"ObjectIdentifier":"2A56BC24-11A5-4653-94DC-4FC43CE40BD1","IsDeleted":false,"IsACLProtected":false,"Properties":{"name":"POLICYTYPE@PANTHEON.GOD","domain":"PANTHEON.GOD","domainsid":"S-1-5-21-3516374454-2761537032-415496107","distinguishedname":"CN=POLICYTYPE,CN=WMIPOLICY,CN=SYSTEM,DC=PANTHEON,DC=GOD","highvalue":false},"ChildObjects":[],"Aces":[{"RightName":"Owns","IsInherited":false,"PrincipalSID":"S-1-5-21-3516374454-2761537032-415496107-512","PrincipalType":"Group"},{"RightName":"GenericWrite","IsInherited":false,"PrincipalSID":"S-1-5-21-3516374454-2761537032-415496107-512","PrincipalType":"Group"},{"RightName":"WriteOwner","IsInherited":false,"PrincipalSID":"S-1-5-21-3516374454-2761537032-415496107-512","PrincipalType":"Group"},{"RightName":"WriteDacl","IsInherited":false,"PrincipalSID":"S-1-5-21-3516374454-2761537032-415496107-512","PrincipalType":"Group"},{"RightName":"GenericAll","IsInherited":true,"PrincipalSID":"S-1-5-21-3516374454-2761537032-415496107-519","PrincipalType":"Group"},{"RightName":"GenericAll","IsInherited":true,"PrincipalSID":"S-1-5-21-3516374454-2761537032-415496107-512","PrincipalType":"Group"}]},{"ObjectIdentifier":"180D288A-9F90-486C-8E0F-1AE2269D9AB9","IsDeleted":false,"IsACLProtected":false,"Properties":{"name":"WMIGPO@PANTHEON.GOD","domain":"PANTHEON.GOD","domainsid":"S-1-5-21-3516374454-2761537032-415496107","distinguishedname":"CN=WMIGPO,CN=WMIPOLICY,CN=SYSTEM,DC=PANTHEON,DC=GOD","highvalue":false},"ChildObjects":[],"Aces":[{"RightName":"Owns","IsInherited":false,"PrincipalSID":"S-1-5-21-3516374454-2761537032-415496107-512","PrincipalType":"Group"},{"RightName":"GenericWrite","IsInherited":false,"PrincipalSID":"S-1-5-21-3516374454-2761537032-415496107-512","PrincipalType":"Group"},{"RightName":"WriteOwner","IsInherited":false,"PrincipalSID":"S-1-5-21-3516374454-2761537032-415496107-512","PrincipalType":"Group"},{"RightName":"WriteDacl","IsInherited":false,"PrincipalSID":"S-1-5-21-3516374454-2761537032-415496107-512","PrincipalType":"Group"},{"RightName":"GenericAll","IsInherited":true,"PrincipalSID":"S-1-5-21-3516374454-2761537032-415496107-519","PrincipalType":"Group"},{"RightName":"GenericAll","IsInherited":true,"PrincipalSID":"S-1-5-21-3516374454-2761537032-415496107-512","PrincipalType":"Group"}]},{"ObjectIdentifier":"BDA1C24E-B6F9-40BE-96D2-45E969AA99BA","IsDeleted":false,"IsACLProtected":false,"Properties":{"name":"PSPS@PANTHEON.GOD","domain":"PANTHEON.GOD","domainsid":"S-1-5-21-3516374454-2761537032-415496107","distinguishedname":"CN=PSPS,CN=SYSTEM,DC=PANTHEON,DC=GOD","highvalue":false},"ChildObjects":[],"Aces":[{"RightName":"Owns","IsInherited":false,"PrincipalSID":"S-1-5-21-3516374454-2761537032-415496107-512","PrincipalType":"Group"},{"RightName":"GenericAll","IsInherited":false,"PrincipalSID":"S-1-5-21-3516374454-2761537032-415496107-512","PrincipalType":"Group"},{"RightName":"GenericAll","IsInherited":true,"PrincipalSID":"S-1-5-21-3516374454-2761537032-415496107-519","PrincipalType":"Group"},{"RightName":"GenericWrite","IsInherited":true,"PrincipalSID":"PANTHEON.GOD-S-1-5-32-544","PrincipalType":"Group"},{"RightName":"WriteOwner","IsInherited":true,"PrincipalSID":"PANTHEON.GOD-S-1-5-32-544","PrincipalType":"Group"},{"RightName":"WriteDacl","IsInherited":true,"PrincipalSID":"PANTHEON.GOD-S-1-5-32-544","PrincipalType":"Group"}]},{"ObjectIdentifier":"23D8D872-46D7-4EA5-947C-47E208429259","IsDeleted":false,"IsACLProtected":false,"Properties":{"name":"MICROSOFTDNS@PANTHEON.GOD","domain":"PANTHEON.GOD","domainsid":"S-1-5-21-3516374454-2761537032-415496107","distinguishedname":"CN=MICROSOFTDNS,CN=SYSTEM,DC=PANTHEON,DC=GOD","highvalue":false},"ChildObjects":[],"Aces":[{"RightName":"Owns","IsInherited":false,"PrincipalSID":"PANTHEON.GOD-S-1-5-18","PrincipalType":"Group"},{"RightName":"GenericAll","IsInherited":false,"PrincipalSID":"S-1-5-21-3516374454-2761537032-415496107-512","PrincipalType":"Group"},{"RightName":"GenericWrite","IsInherited":false,"PrincipalSID":"S-1-5-21-3516374454-2761537032-415496107-1102","PrincipalType":"Group"},{"RightName":"WriteOwner","IsInherited":false,"PrincipalSID":"S-1-5-21-3516374454-2761537032-415496107-1102","PrincipalType":"Group"},{"RightName":"WriteDacl","IsInherited":false,"PrincipalSID":"S-1-5-21-3516374454-2761537032-415496107-1102","PrincipalType":"Group"},{"RightName":"GenericWrite","IsInherited":false,"PrincipalSID":"PANTHEON.GOD-S-1-5-9","PrincipalType":"Group"},{"RightName":"WriteOwner","IsInherited":false,"PrincipalSID":"PANTHEON.GOD-S-1-5-9","PrincipalType":"Group"},{"RightName":"WriteDacl","IsInherited":false,"PrincipalSID":"PANTHEON.GOD-S-1-5-9","PrincipalType":"Group"},{"RightName":"GenericAll","IsInherited":true,"PrincipalSID":"S-1-5-21-3516374454-2761537032-415496107-519","PrincipalType":"Group"},{"RightName":"GenericWrite","IsInherited":true,"PrincipalSID":"PANTHEON.GOD-S-1-5-32-544","PrincipalType":"Group"},{"RightName":"WriteOwner","IsInherited":true,"PrincipalSID":"PANTHEON.GOD-S-1-5-32-544","PrincipalType":"Group"},{"RightName":"WriteDacl","IsInherited":true,"PrincipalSID":"PANTHEON.GOD-S-1-5-32-544","PrincipalType":"Group"}]},{"ObjectIdentifier":"1B3272C5-4720-4C64-8349-CE483A96CBD9","IsDeleted":false,"IsACLProtected":false,"Properties":{"name":"FOREIGNSECURITYPRINCIPALS@PANTHEON.GOD","domain":"PANTHEON.GOD","domainsid":"S-1-5-21-3516374454-2761537032-415496107","distinguishedname":"CN=FOREIGNSECURITYPRINCIPALS,DC=PANTHEON,DC=GOD","highvalue":false},"ChildObjects":[{"ObjectIdentifier":"PANTHEON.GOD-S-1-5-4","ObjectType":"Group"},{"ObjectIdentifier":"PANTHEON.GOD-S-1-5-17","ObjectType":"User"},{"ObjectIdentifier":"PANTHEON.GOD-S-1-5-9","ObjectType":"Group"},{"ObjectIdentifier":"PANTHEON.GOD-S-1-5-11","ObjectType":"Group"}],"Aces":[{"RightName":"Owns","IsInherited":false,"PrincipalSID":"S-1-5-21-3516374454-2761537032-415496107-512","PrincipalType":"Group"},{"RightName":"GenericAll","IsInherited":false,"PrincipalSID":"S-1-5-21-3516374454-2761537032-415496107-512","PrincipalType":"Group"},{"RightName":"GenericAll","IsInherited":true,"PrincipalSID":"S-1-5-21-3516374454-2761537032-415496107-519","PrincipalType":"Group"},{"RightName":"GenericWrite","IsInherited":true,"PrincipalSID":"PANTHEON.GOD-S-1-5-32-544","PrincipalType":"Group"},{"RightName":"WriteOwner","IsInherited":true,"PrincipalSID":"PANTHEON.GOD-S-1-5-32-544","PrincipalType":"Group"},{"RightName":"WriteDacl","IsInherited":true,"PrincipalSID":"PANTHEON.GOD-S-1-5-32-544","PrincipalType":"Group"}]},{"ObjectIdentifier":"B2B06364-24BF-49A5-8EB0-81ABE944DA80","IsDeleted":false,"IsACLProtected":false,"Properties":{"name":"PROGRAM DATA@PANTHEON.GOD","domain":"PANTHEON.GOD","domainsid":"S-1-5-21-3516374454-2761537032-415496107","distinguishedname":"CN=PROGRAM DATA,DC=PANTHEON,DC=GOD","highvalue":false},"ChildObjects":[{"ObjectIdentifier":"C6FDEFF8-C719-4485-821B-10B6536D2299","ObjectType":"Container"}],"Aces":[{"RightName":"Owns","IsInherited":false,"PrincipalSID":"S-1-5-21-3516374454-2761537032-415496107-512","PrincipalType":"Group"},{"RightName":"GenericAll","IsInherited":false,"PrincipalSID":"S-1-5-21-3516374454-2761537032-415496107-512","PrincipalType":"Group"},{"RightName":"GenericAll","IsInherited":true,"PrincipalSID":"S-1-5-21-3516374454-2761537032-415496107-519","PrincipalType":"Group"},{"RightName":"GenericWrite","IsInherited":true,"PrincipalSID":"PANTHEON.GOD-S-1-5-32-544","PrincipalType":"Group"},{"RightName":"WriteOwner","IsInherited":true,"PrincipalSID":"PANTHEON.GOD-S-1-5-32-544","PrincipalType":"Group"},{"RightName":"WriteDacl","IsInherited":true,"PrincipalSID":"PANTHEON.GOD-S-1-5-32-544","PrincipalType":"Group"}]},{"ObjectIdentifier":"C6FDEFF8-C719-4485-821B-10B6536D2299","IsDeleted":false,"IsACLProtected":false,"Properties":{"name":"MICROSOFT@PANTHEON.GOD","domain":"PANTHEON.GOD","domainsid":"S-1-5-21-3516374454-2761537032-415496107","distinguishedname":"CN=MICROSOFT,CN=PROGRAM DATA,DC=PANTHEON,DC=GOD","highvalue":false},"ChildObjects":[],"Aces":[{"RightName":"Owns","IsInherited":false,"PrincipalSID":"S-1-5-21-3516374454-2761537032-415496107-512","PrincipalType":"Group"},{"RightName":"GenericAll","IsInherited":false,"PrincipalSID":"S-1-5-21-3516374454-2761537032-415496107-512","PrincipalType":"Group"},{"RightName":"GenericAll","IsInherited":true,"PrincipalSID":"S-1-5-21-3516374454-2761537032-415496107-519","PrincipalType":"Group"},{"RightName":"GenericWrite","IsInherited":true,"PrincipalSID":"PANTHEON.GOD-S-1-5-32-544","PrincipalType":"Group"},{"RightName":"WriteOwner","IsInherited":true,"PrincipalSID":"PANTHEON.GOD-S-1-5-32-544","PrincipalType":"Group"},{"RightName":"WriteDacl","IsInherited":true,"PrincipalSID":"PANTHEON.GOD-S-1-5-32-544","PrincipalType":"Group"}]},{"ObjectIdentifier":"8DCC8A8E-6F5B-4681-ADD7-EC36312810E0","IsDeleted":false,"IsACLProtected":false,"Properties":{"name":"MANAGED SERVICE ACCOUNTS@PANTHEON.GOD","domain":"PANTHEON.GOD","domainsid":"S-1-5-21-3516374454-2761537032-415496107","distinguishedname":"CN=MANAGED SERVICE ACCOUNTS,DC=PANTHEON,DC=GOD","highvalue":false},"ChildObjects":[],"Aces":[{"RightName":"Owns","IsInherited":false,"PrincipalSID":"S-1-5-21-3516374454-2761537032-415496107-512","PrincipalType":"Group"},{"RightName":"GenericWrite","IsInherited":false,"PrincipalSID":"S-1-5-21-3516374454-2761537032-415496107-512","PrincipalType":"Group"},{"RightName":"WriteOwner","IsInherited":false,"PrincipalSID":"S-1-5-21-3516374454-2761537032-415496107-512","PrincipalType":"Group"},{"RightName":"WriteDacl","IsInherited":false,"PrincipalSID":"S-1-5-21-3516374454-2761537032-415496107-512","PrincipalType":"Group"},{"RightName":"GenericAll","IsInherited":true,"PrincipalSID":"S-1-5-21-3516374454-2761537032-415496107-519","PrincipalType":"Group"},{"RightName":"GenericWrite","IsInherited":true,"PrincipalSID":"PANTHEON.GOD-S-1-5-32-544","PrincipalType":"Group"},{"RightName":"WriteOwner","IsInherited":true,"PrincipalSID":"PANTHEON.GOD-S-1-5-32-544","PrincipalType":"Group"},{"RightName":"WriteDacl","IsInherited":true,"PrincipalSID":"PANTHEON.GOD-S-1-5-32-544","PrincipalType":"Group"}]},{"ObjectIdentifier":"676049E8-6BD7-4396-8B94-C8CA8D7E5F2C","IsDeleted":false,"IsACLProtected":true,"Properties":{"name":"KEYS@PANTHEON.GOD","domain":"PANTHEON.GOD","domainsid":"S-1-5-21-3516374454-2761537032-415496107","distinguishedname":"CN=KEYS,DC=PANTHEON,DC=GOD","highvalue":false},"ChildObjects":[],"Aces":[{"RightName":"Owns","IsInherited":false,"PrincipalSID":"S-1-5-21-3516374454-2761537032-415496107-512","PrincipalType":"Group"},{"RightName":"GenericAll","IsInherited":false,"PrincipalSID":"S-1-5-21-3516374454-2761537032-415496107-519","PrincipalType":"Group"},{"RightName":"GenericAll","IsInherited":false,"PrincipalSID":"S-1-5-21-3516374454-2761537032-415496107-512","PrincipalType":"Group"},{"RightName":"GenericAll","IsInherited":false,"PrincipalSID":"S-1-5-21-3516374454-2761537032-415496107-516","PrincipalType":"Group"},{"RightName":"GenericAll","IsInherited":false,"PrincipalSID":"PANTHEON.GOD-S-1-5-9","PrincipalType":"Group"},{"RightName":"GenericAll","IsInherited":false,"PrincipalSID":"S-1-5-21-3516374454-2761537032-415496107-526","PrincipalType":"Group"},{"RightName":"GenericAll","IsInherited":false,"PrincipalSID":"S-1-5-21-3516374454-2761537032-415496107-527","PrincipalType":"Group"}]}],"meta":{"methods":0,"type":"containers","count":24,"version":5}}