{"data":[{"ChildObjects":[{"ObjectIdentifier":"206B2814-59BC-4638-A3FB-6FE28928DADC","ObjectType":"OU"},{"ObjectIdentifier":"AAB46F0A-A601-4F13-89B7-7D4AC7F14BBA","ObjectType":"Container"},{"ObjectIdentifier":"B2B06364-24BF-49A5-8EB0-81ABE944DA80","ObjectType":"Container"},{"ObjectIdentifier":"1B3272C5-4720-4C64-8349-CE483A96CBD9","ObjectType":"Container"},{"ObjectIdentifier":"676049E8-6BD7-4396-8B94-C8CA8D7E5F2C","ObjectType":"Container"},{"ObjectIdentifier":"1502299A-0DC4-4284-9F01-D27A1DD2984B","ObjectType":"Container"},{"ObjectIdentifier":"B62585C0-8E8E-4776-B47E-00B9BF2433F5","ObjectType":"OU"},{"ObjectIdentifier":"8DCC8A8E-6F5B-4681-ADD7-EC36312810E0","ObjectType":"Container"},{"ObjectIdentifier":"A1CDB6E1-520C-456B-BC6B-FD9A4030A41D","ObjectType":"OU"},{"ObjectIdentifier":"ECC4B92A-1AC3-40B5-BF39-DC59B8A2066F","ObjectType":"Container"}],"Trusts":[],"Aces":[{"RightName":"Owns","IsInherited":false,"PrincipalSID":"PANTHEON.GOD-S-1-5-32-544","PrincipalType":"Group"},{"RightName":"GetChanges","IsInherited":false,"PrincipalSID":"S-1-5-21-3516374454-2761537032-415496107-498","PrincipalType":"Group"},{"RightName":"GetChangesAll","IsInherited":false,"PrincipalSID":"S-1-5-21-3516374454-2761537032-415496107-516","PrincipalType":"Group"},{"RightName":"GetChangesInFilteredSet","IsInherited":false,"PrincipalSID":"PANTHEON.GOD-S-1-5-32-544","PrincipalType":"Group"},{"RightName":"GetChanges","IsInherited":false,"PrincipalSID":"PANTHEON.GOD-S-1-5-32-544","PrincipalType":"Group"},{"RightName":"GetChangesAll","IsInherited":false,"PrincipalSID":"PANTHEON.GOD-S-1-5-32-544","PrincipalType":"Group"},{"RightName":"GetChangesInFilteredSet","IsInherited":false,"PrincipalSID":"PANTHEON.GOD-S-1-5-9","PrincipalType":"Group"},{"RightName":"GetChanges","IsInherited":false,"PrincipalSID":"PANTHEON.GOD-S-1-5-9","PrincipalType":"Group"},{"RightName":"GenericWrite","IsInherited":false,"PrincipalSID":"S-1-5-21-3516374454-2761537032-415496107-512","PrincipalType":"Group"},{"RightName":"WriteOwner","IsInherited":false,"PrincipalSID":"S-1-5-21-3516374454-2761537032-415496107-512","PrincipalType":"Group"},{"RightName":"AllExtendedRights","IsInherited":false,"PrincipalSID":"S-1-5-21-3516374454-2761537032-415496107-512","PrincipalType":"Group"},{"RightName":"WriteDacl","IsInherited":false,"PrincipalSID":"S-1-5-21-3516374454-2761537032-415496107-512","PrincipalType":"Group"},{"RightName":"GenericAll","IsInherited":false,"PrincipalSID":"S-1-5-21-3516374454-2761537032-415496107-1110","PrincipalType":"User"},{"RightName":"GenericAll","IsInherited":false,"PrincipalSID":"S-1-5-21-3516374454-2761537032-415496107-519","PrincipalType":"Group"},{"RightName":"GenericWrite","IsInherited":false,"PrincipalSID":"PANTHEON.GOD-S-1-5-32-544","PrincipalType":"Group"},{"RightName":"WriteOwner","IsInherited":false,"PrincipalSID":"PANTHEON.GOD-S-1-5-32-544","PrincipalType":"Group"},{"RightName":"AllExtendedRights","IsInherited":false,"PrincipalSID":"PANTHEON.GOD-S-1-5-32-544","PrincipalType":"Group"},{"RightName":"WriteDacl","IsInherited":false,"PrincipalSID":"PANTHEON.GOD-S-1-5-32-544","PrincipalType":"Group"}],"ObjectIdentifier":"S-1-5-21-3516374454-2761537032-415496107","IsACLProtected":false,"IsDeleted":false,"Properties":{"domain":"PANTHEON.GOD","name":"PANTHEON.GOD","distinguishedname":"DC=PANTHEON,DC=GOD","domainsid":"S-1-5-21-3516374454-2761537032-415496107","description":null,"highvalue":true,"whencreated":1749200660,"functionallevel":"2016"},"GPOChanges":{"LocalAdmins":[],"RemoteDesktopUsers":[],"DcomUsers":[],"PSRemoteUsers":[],"AffectedComputers":[{"ObjectIdentifier":"S-1-5-21-3516374454-2761537032-415496107-1001","ObjectType":"Computer"}]},"Links":[{"IsEnforced":false,"GUID":"86DD58AA-B0A8-4EE3-AB47-34FAD4EE153A"}]}],"meta":{"methods":0,"type":"domains","count":1,"version":5}}