{"data":[{"ObjectIdentifier":"S-1-5-21-3516374454-2761537032-415496107-1001","IsDeleted":false,"IsACLProtected":false,"Properties":{"domain":"PANTHEON.GOD","name":"PANTHEON-DC01@PANTHEON.GOD","distinguishedname":"CN=PANTHEON-DC01,OU=DOMAIN CONTROLLERS,DC=PANTHEON,DC=GOD","highvalue":false,"samaccountname":null,"domainsid":"S-1-5-21-3516374454-2761537032-415496107","haslaps":false,"description":null,"whencreated":1749200687,"enabled":true,"unconstraineddelegation":true,"trustedtoauth":false,"lastlogon":-1,"lastlogontimestamp":1749200726,"pwdlastset":1749200687,"serviceprincipalnames":["Dfsr-12F9A27C-BF97-4787-9364-D31B6C55EB04/pantheon-dc01.pantheon.god","ldap/pantheon-dc01.pantheon.god/ForestDnsZones.pantheon.god","ldap/pantheon-dc01.pantheon.god/DomainDnsZones.pantheon.god","TERMSRV/PANTHEON-DC01","TERMSRV/pantheon-dc01.pantheon.god","DNS/pantheon-dc01.pantheon.god","GC/pantheon-dc01.pantheon.god/pantheon.god","RestrictedKrbHost/pantheon-dc01.pantheon.god","RestrictedKrbHost/PANTHEON-DC01","RPC/9eeff9fa-67d6-43b2-a21b-9b04812e3e4d._msdcs.pantheon.god","HOST/PANTHEON-DC01/PANTHEON","HOST/pantheon-dc01.pantheon.god/PANTHEON","HOST/PANTHEON-DC01","HOST/pantheon-dc01.pantheon.god","HOST/pantheon-dc01.pantheon.god/pantheon.god","E3514235-4B06-11D1-AB04-00C04FC2DCD2/9eeff9fa-67d6-43b2-a21b-9b04812e3e4d/pantheon.god","ldap/PANTHEON-DC01/PANTHEON","ldap/9eeff9fa-67d6-43b2-a21b-9b04812e3e4d._msdcs.pantheon.god","ldap/pantheon-dc01.pantheon.god/PANTHEON","ldap/PANTHEON-DC01","ldap/pantheon-dc01.pantheon.god","ldap/pantheon-dc01.pantheon.god/pantheon.god"],"operatingsystem":"Windows Server 2025 Standard Evaluation","sidhistory":[],"samaccoutname":"PANTHEON-DC01$"},"PrimaryGroupSID":"S-1-5-21-3516374454-2761537032-415496107-516","Aces":[{"RightName":"Owns","IsInherited":false,"PrincipalSID":"S-1-5-21-3516374454-2761537032-415496107-512","PrincipalType":"Group"},{"RightName":"GenericAll","IsInherited":false,"PrincipalSID":"S-1-5-21-3516374454-2761537032-415496107-512","PrincipalType":"Group"},{"RightName":"AddKeyCredentialLink","IsInherited":true,"PrincipalSID":"S-1-5-21-3516374454-2761537032-415496107-526","PrincipalType":"Group"},{"RightName":"AddKeyCredentialLink","IsInherited":true,"PrincipalSID":"S-1-5-21-3516374454-2761537032-415496107-527","PrincipalType":"Group"},{"RightName":"GenericAll","IsInherited":true,"PrincipalSID":"S-1-5-21-3516374454-2761537032-415496107-519","PrincipalType":"Group"},{"RightName":"GenericWrite","IsInherited":true,"PrincipalSID":"PANTHEON.GOD-S-1-5-32-544","PrincipalType":"Group"},{"RightName":"WriteOwner","IsInherited":true,"PrincipalSID":"PANTHEON.GOD-S-1-5-32-544","PrincipalType":"Group"},{"RightName":"WriteDacl","IsInherited":true,"PrincipalSID":"PANTHEON.GOD-S-1-5-32-544","PrincipalType":"Group"}],"AllowedToDelegate":[],"AllowedToAct":[],"Status":null,"HasSIDHistory":[],"Sessions":{"Results":[],"Collected":false,"FailureReason":null},"PrivilegedSessions":{"Results":[],"Collected":false,"FailureReason":null},"RegistrySessions":{"Results":[],"Collected":false,"FailureReason":null},"LocalAdmins":{"Results":[],"Collected":false,"FailureReason":null},"RemoteDesktopUsers":{"Results":[],"Collected":false,"FailureReason":null},"DcomUsers":{"Results":[],"Collected":false,"FailureReason":null},"PSRemoteUsers":{"Results":[],"Collected":false,"FailureReason":null}}],"meta":{"methods":0,"type":"computers","count":1,"version":5}}