{"data":[{"Properties":{"name":"PANTHEON-DC01-CA@PANTHEON.GOD","highvalue":false,"CA Name":"PANTHEON-DC01-CA","DNS Name":"pantheon-dc01.pantheon.god","Certificate Subject":"CN=pantheon-dc01-CA, DC=pantheon, DC=god","Certificate Serial Number":"4F3848CE98A94593452D222826B757FA","Certificate Validity Start":"2025-06-06 9:11:10.0 +00:00:00","Certificate Validity End":"2030-06-06 9:21:09.0 +00:00:00","Web Enrollment":"Unknown","User Specified SAN":"Unknown","Request Disposition":"Unknown","domain":"PANTHEON.GOD"},"ObjectIdentifier":"E30AB0AF-EC69-47E0-BBAC-84F0B7CAE084","Aces":[{"RightName":"Owns","IsInherited":false,"PrincipalSID":"S-1-5-21-3516374454-2761537032-415496107-519","PrincipalType":"Group"},{"RightName":"Enroll","IsInherited":false,"PrincipalSID":"PANTHEON.GOD-S-1-5-11","PrincipalType":"Group"},{"RightName":"GenericWrite","IsInherited":false,"PrincipalSID":"S-1-5-21-3516374454-2761537032-415496107-519","PrincipalType":"Group"},{"RightName":"WriteOwner","IsInherited":false,"PrincipalSID":"S-1-5-21-3516374454-2761537032-415496107-519","PrincipalType":"Group"},{"RightName":"WriteDacl","IsInherited":false,"PrincipalSID":"S-1-5-21-3516374454-2761537032-415496107-519","PrincipalType":"Group"},{"RightName":"ManageCa","IsInherited":false,"PrincipalSID":"S-1-5-21-3516374454-2761537032-415496107-519","PrincipalType":"Group"},{"RightName":"ManageCertificates","IsInherited":false,"PrincipalSID":"S-1-5-21-3516374454-2761537032-415496107-519","PrincipalType":"Group"},{"RightName":"GenericWrite","IsInherited":false,"PrincipalSID":"S-1-5-21-3516374454-2761537032-415496107-1001","PrincipalType":"Computer"},{"RightName":"WriteOwner","IsInherited":false,"PrincipalSID":"S-1-5-21-3516374454-2761537032-415496107-1001","PrincipalType":"Computer"},{"RightName":"WriteDacl","IsInherited":false,"PrincipalSID":"S-1-5-21-3516374454-2761537032-415496107-1001","PrincipalType":"Computer"},{"RightName":"ManageCa","IsInherited":false,"PrincipalSID":"S-1-5-21-3516374454-2761537032-415496107-1001","PrincipalType":"Computer"},{"RightName":"ManageCertificates","IsInherited":false,"PrincipalSID":"S-1-5-21-3516374454-2761537032-415496107-1001","PrincipalType":"Computer"},{"RightName":"GenericAll","IsInherited":true,"PrincipalSID":"S-1-5-21-3516374454-2761537032-415496107-519","PrincipalType":"Group"},{"RightName":"GenericWrite","IsInherited":true,"PrincipalSID":"S-1-5-21-3516374454-2761537032-415496107-512","PrincipalType":"Group"},{"RightName":"WriteOwner","IsInherited":true,"PrincipalSID":"S-1-5-21-3516374454-2761537032-415496107-512","PrincipalType":"Group"},{"RightName":"WriteDacl","IsInherited":true,"PrincipalSID":"S-1-5-21-3516374454-2761537032-415496107-512","PrincipalType":"Group"},{"RightName":"ManageCa","IsInherited":true,"PrincipalSID":"S-1-5-21-3516374454-2761537032-415496107-512","PrincipalType":"Group"}]}],"meta":{"methods":0,"type":"cas","count":1,"version":5}}