{"data":[{"ObjectIdentifier":"S-1-5-21-3516374454-2761537032-415496107-1105","IsDeleted":false,"IsACLProtected":false,"Properties":{"domain":"PANTHEON.GOD","domainsid":"S-1-5-21-3516374454-2761537032-415496107","name":"OLYMPE-HEROS@PANTHEON.GOD","distinguishedname":"CN=OLYMPE-HEROS,OU=OLYMPIENS,DC=PANTHEON,DC=GOD","samaccountname":null,"highvalue":false,"admincount":false,"description":"Groupe des héros de l'Olympe","whencreated":1749201738,"samaccoutname":"OLYMPE-HEROS"},"Members":[{"ObjectIdentifier":"S-1-5-21-3516374454-2761537032-415496107-1127","ObjectType":"User"},{"ObjectIdentifier":"S-1-5-21-3516374454-2761537032-415496107-1126","ObjectType":"User"},{"ObjectIdentifier":"S-1-5-21-3516374454-2761537032-415496107-1125","ObjectType":"User"},{"ObjectIdentifier":"S-1-5-21-3516374454-2761537032-415496107-1124","ObjectType":"User"}],"Aces":[{"RightName":"Owns","IsInherited":false,"PrincipalSID":"S-1-5-21-3516374454-2761537032-415496107-512","PrincipalType":"Group"},{"RightName":"GenericWrite","IsInherited":false,"PrincipalSID":"S-1-5-21-3516374454-2761537032-415496107-1106","PrincipalType":"Group"},{"RightName":"GenericAll","IsInherited":false,"PrincipalSID":"S-1-5-21-3516374454-2761537032-415496107-512","PrincipalType":"Group"},{"RightName":"GenericAll","IsInherited":false,"PrincipalSID":"PANTHEON.GOD-S-1-5-32-548","PrincipalType":"Group"},{"RightName":"GenericAll","IsInherited":true,"PrincipalSID":"S-1-5-21-3516374454-2761537032-415496107-519","PrincipalType":"Group"},{"RightName":"GenericWrite","IsInherited":true,"PrincipalSID":"PANTHEON.GOD-S-1-5-32-544","PrincipalType":"Group"},{"RightName":"WriteOwner","IsInherited":true,"PrincipalSID":"PANTHEON.GOD-S-1-5-32-544","PrincipalType":"Group"},{"RightName":"WriteDacl","IsInherited":true,"PrincipalSID":"PANTHEON.GOD-S-1-5-32-544","PrincipalType":"Group"}]},{"ObjectIdentifier":"S-1-5-21-3516374454-2761537032-415496107-1106","IsDeleted":false,"IsACLProtected":false,"Properties":{"domain":"PANTHEON.GOD","domainsid":"S-1-5-21-3516374454-2761537032-415496107","name":"OLYMPE-IMORTAL-HEROS@PANTHEON.GOD","distinguishedname":"CN=OLYMPE-IMORTAL-HEROS,OU=OLYMPIENS,DC=PANTHEON,DC=GOD","samaccountname":null,"highvalue":false,"admincount":false,"description":"Groupe des héros immortels de l'Olympe","whencreated":1749201745,"samaccoutname":"OLYMPE-IMORTAL-HEROS"},"Members":[{"ObjectIdentifier":"S-1-5-21-3516374454-2761537032-415496107-1132","ObjectType":"User"},{"ObjectIdentifier":"S-1-5-21-3516374454-2761537032-415496107-1131","ObjectType":"User"},{"ObjectIdentifier":"S-1-5-21-3516374454-2761537032-415496107-1130","ObjectType":"User"}],"Aces":[{"RightName":"Owns","IsInherited":false,"PrincipalSID":"S-1-5-21-3516374454-2761537032-415496107-512","PrincipalType":"Group"},{"RightName":"GenericAll","IsInherited":false,"PrincipalSID":"S-1-5-21-3516374454-2761537032-415496107-512","PrincipalType":"Group"},{"RightName":"GenericAll","IsInherited":false,"PrincipalSID":"PANTHEON.GOD-S-1-5-32-548","PrincipalType":"Group"},{"RightName":"GenericAll","IsInherited":true,"PrincipalSID":"S-1-5-21-3516374454-2761537032-415496107-519","PrincipalType":"Group"},{"RightName":"GenericWrite","IsInherited":true,"PrincipalSID":"PANTHEON.GOD-S-1-5-32-544","PrincipalType":"Group"},{"RightName":"WriteOwner","IsInherited":true,"PrincipalSID":"PANTHEON.GOD-S-1-5-32-544","PrincipalType":"Group"},{"RightName":"WriteDacl","IsInherited":true,"PrincipalSID":"PANTHEON.GOD-S-1-5-32-544","PrincipalType":"Group"}]},{"ObjectIdentifier":"S-1-5-21-3516374454-2761537032-415496107-1107","IsDeleted":false,"IsACLProtected":false,"Properties":{"domain":"PANTHEON.GOD","domainsid":"S-1-5-21-3516374454-2761537032-415496107","name":"OLYMPE-GODS@PANTHEON.GOD","distinguishedname":"CN=OLYMPE-GODS,OU=OLYMPIENS,DC=PANTHEON,DC=GOD","samaccountname":null,"highvalue":false,"admincount":false,"description":"Groupe des dieux de l'Olympe","whencreated":1749201751,"samaccoutname":"OLYMPE-GODS"},"Members":[{"ObjectIdentifier":"S-1-5-21-3516374454-2761537032-415496107-1133","ObjectType":"User"},{"ObjectIdentifier":"S-1-5-21-3516374454-2761537032-415496107-1122","ObjectType":"User"},{"ObjectIdentifier":"S-1-5-21-3516374454-2761537032-415496107-1121","ObjectType":"User"},{"ObjectIdentifier":"S-1-5-21-3516374454-2761537032-415496107-1120","ObjectType":"User"},{"ObjectIdentifier":"S-1-5-21-3516374454-2761537032-415496107-1119","ObjectType":"User"},{"ObjectIdentifier":"S-1-5-21-3516374454-2761537032-415496107-1118","ObjectType":"User"},{"ObjectIdentifier":"S-1-5-21-3516374454-2761537032-415496107-1117","ObjectType":"User"},{"ObjectIdentifier":"S-1-5-21-3516374454-2761537032-415496107-1116","ObjectType":"User"},{"ObjectIdentifier":"S-1-5-21-3516374454-2761537032-415496107-1115","ObjectType":"User"},{"ObjectIdentifier":"S-1-5-21-3516374454-2761537032-415496107-1114","ObjectType":"User"},{"ObjectIdentifier":"S-1-5-21-3516374454-2761537032-415496107-1113","ObjectType":"User"},{"ObjectIdentifier":"S-1-5-21-3516374454-2761537032-415496107-1112","ObjectType":"User"},{"ObjectIdentifier":"S-1-5-21-3516374454-2761537032-415496107-1111","ObjectType":"User"}],"Aces":[{"RightName":"Owns","IsInherited":false,"PrincipalSID":"S-1-5-21-3516374454-2761537032-415496107-512","PrincipalType":"Group"},{"RightName":"GenericAll","IsInherited":false,"PrincipalSID":"S-1-5-21-3516374454-2761537032-415496107-512","PrincipalType":"Group"},{"RightName":"GenericAll","IsInherited":false,"PrincipalSID":"PANTHEON.GOD-S-1-5-32-548","PrincipalType":"Group"},{"RightName":"GenericAll","IsInherited":true,"PrincipalSID":"S-1-5-21-3516374454-2761537032-415496107-519","PrincipalType":"Group"},{"RightName":"GenericWrite","IsInherited":true,"PrincipalSID":"PANTHEON.GOD-S-1-5-32-544","PrincipalType":"Group"},{"RightName":"WriteOwner","IsInherited":true,"PrincipalSID":"PANTHEON.GOD-S-1-5-32-544","PrincipalType":"Group"},{"RightName":"WriteDacl","IsInherited":true,"PrincipalSID":"PANTHEON.GOD-S-1-5-32-544","PrincipalType":"Group"}]},{"ObjectIdentifier":"S-1-5-21-3516374454-2761537032-415496107-1109","IsDeleted":false,"IsACLProtected":false,"Properties":{"domain":"PANTHEON.GOD","domainsid":"S-1-5-21-3516374454-2761537032-415496107","name":"HERO-MORT@PANTHEON.GOD","distinguishedname":"CN=HERO-MORT,OU=ELYSEE,OU=ENFERS,DC=PANTHEON,DC=GOD","samaccountname":null,"highvalue":false,"admincount":false,"description":"Groupe des héros morts","whencreated":1749201764,"samaccoutname":"HERO-MORT"},"Members":[{"ObjectIdentifier":"S-1-5-21-3516374454-2761537032-415496107-1129","ObjectType":"User"},{"ObjectIdentifier":"S-1-5-21-3516374454-2761537032-415496107-1128","ObjectType":"User"},{"ObjectIdentifier":"S-1-5-21-3516374454-2761537032-415496107-1123","ObjectType":"User"}],"Aces":[{"RightName":"Owns","IsInherited":false,"PrincipalSID":"S-1-5-21-3516374454-2761537032-415496107-512","PrincipalType":"Group"},{"RightName":"GenericAll","IsInherited":false,"PrincipalSID":"S-1-5-21-3516374454-2761537032-415496107-512","PrincipalType":"Group"},{"RightName":"GenericAll","IsInherited":false,"PrincipalSID":"PANTHEON.GOD-S-1-5-32-548","PrincipalType":"Group"},{"RightName":"GenericAll","IsInherited":true,"PrincipalSID":"S-1-5-21-3516374454-2761537032-415496107-519","PrincipalType":"Group"},{"RightName":"GenericWrite","IsInherited":true,"PrincipalSID":"PANTHEON.GOD-S-1-5-32-544","PrincipalType":"Group"},{"RightName":"WriteOwner","IsInherited":true,"PrincipalSID":"PANTHEON.GOD-S-1-5-32-544","PrincipalType":"Group"},{"RightName":"WriteDacl","IsInherited":true,"PrincipalSID":"PANTHEON.GOD-S-1-5-32-544","PrincipalType":"Group"}]},{"ObjectIdentifier":"S-1-5-21-3516374454-2761537032-415496107-1108","IsDeleted":false,"IsACLProtected":false,"Properties":{"domain":"PANTHEON.GOD","domainsid":"S-1-5-21-3516374454-2761537032-415496107","name":"TITANS-BANNIS@PANTHEON.GOD","distinguishedname":"CN=TITANS-BANNIS,OU=TARTARE,OU=ENFERS,DC=PANTHEON,DC=GOD","samaccountname":null,"highvalue":false,"admincount":false,"description":"Groupe des Titans bannis","whencreated":1749201758,"samaccoutname":"TITANS-BANNIS"},"Members":[{"ObjectIdentifier":"S-1-5-21-3516374454-2761537032-415496107-1138","ObjectType":"User"},{"ObjectIdentifier":"S-1-5-21-3516374454-2761537032-415496107-1137","ObjectType":"User"},{"ObjectIdentifier":"S-1-5-21-3516374454-2761537032-415496107-1136","ObjectType":"User"},{"ObjectIdentifier":"S-1-5-21-3516374454-2761537032-415496107-1135","ObjectType":"User"},{"ObjectIdentifier":"S-1-5-21-3516374454-2761537032-415496107-1134","ObjectType":"User"}],"Aces":[{"RightName":"Owns","IsInherited":false,"PrincipalSID":"S-1-5-21-3516374454-2761537032-415496107-512","PrincipalType":"Group"},{"RightName":"GenericAll","IsInherited":false,"PrincipalSID":"S-1-5-21-3516374454-2761537032-415496107-512","PrincipalType":"Group"},{"RightName":"GenericAll","IsInherited":false,"PrincipalSID":"PANTHEON.GOD-S-1-5-32-548","PrincipalType":"Group"},{"RightName":"GenericAll","IsInherited":true,"PrincipalSID":"S-1-5-21-3516374454-2761537032-415496107-519","PrincipalType":"Group"},{"RightName":"GenericWrite","IsInherited":true,"PrincipalSID":"PANTHEON.GOD-S-1-5-32-544","PrincipalType":"Group"},{"RightName":"WriteOwner","IsInherited":true,"PrincipalSID":"PANTHEON.GOD-S-1-5-32-544","PrincipalType":"Group"},{"RightName":"WriteDacl","IsInherited":true,"PrincipalSID":"PANTHEON.GOD-S-1-5-32-544","PrincipalType":"Group"}]},{"ObjectIdentifier":"PANTHEON.GOD-S-1-5-32-544","IsDeleted":false,"IsACLProtected":true,"Properties":{"domain":"PANTHEON.GOD","domainsid":"S-1-5-21-3516374454-2761537032-415496107","name":"ADMINISTRATORS@PANTHEON.GOD","distinguishedname":"CN=ADMINISTRATORS,CN=BUILTIN,DC=PANTHEON,DC=GOD","samaccountname":null,"highvalue":true,"admincount":true,"description":"Administrators have complete and unrestricted access to the computer/domain","whencreated":1749200664,"samaccoutname":"Administrators"},"Members":[{"ObjectIdentifier":"S-1-5-21-3516374454-2761537032-415496107-512","ObjectType":"Group"},{"ObjectIdentifier":"S-1-5-21-3516374454-2761537032-415496107-519","ObjectType":"Group"},{"ObjectIdentifier":"S-1-5-21-3516374454-2761537032-415496107-1000","ObjectType":"User"},{"ObjectIdentifier":"S-1-5-21-3516374454-2761537032-415496107-500","ObjectType":"User"}],"Aces":[{"RightName":"Owns","IsInherited":false,"PrincipalSID":"S-1-5-21-3516374454-2761537032-415496107-512","PrincipalType":"Group"},{"RightName":"GenericWrite","IsInherited":false,"PrincipalSID":"S-1-5-21-3516374454-2761537032-415496107-512","PrincipalType":"Group"},{"RightName":"WriteOwner","IsInherited":false,"PrincipalSID":"S-1-5-21-3516374454-2761537032-415496107-512","PrincipalType":"Group"},{"RightName":"WriteDacl","IsInherited":false,"PrincipalSID":"S-1-5-21-3516374454-2761537032-415496107-512","PrincipalType":"Group"},{"RightName":"GenericWrite","IsInherited":false,"PrincipalSID":"S-1-5-21-3516374454-2761537032-415496107-519","PrincipalType":"Group"},{"RightName":"WriteOwner","IsInherited":false,"PrincipalSID":"S-1-5-21-3516374454-2761537032-415496107-519","PrincipalType":"Group"},{"RightName":"WriteDacl","IsInherited":false,"PrincipalSID":"S-1-5-21-3516374454-2761537032-415496107-519","PrincipalType":"Group"},{"RightName":"GenericWrite","IsInherited":false,"PrincipalSID":"PANTHEON.GOD-S-1-5-32-544","PrincipalType":"Group"},{"RightName":"WriteOwner","IsInherited":false,"PrincipalSID":"PANTHEON.GOD-S-1-5-32-544","PrincipalType":"Group"},{"RightName":"WriteDacl","IsInherited":false,"PrincipalSID":"PANTHEON.GOD-S-1-5-32-544","PrincipalType":"Group"}]},{"ObjectIdentifier":"PANTHEON.GOD-S-1-5-32-545","IsDeleted":false,"IsACLProtected":false,"Properties":{"domain":"PANTHEON.GOD","domainsid":"S-1-5-21-3516374454-2761537032-415496107","name":"USERS@PANTHEON.GOD","distinguishedname":"CN=USERS,CN=BUILTIN,DC=PANTHEON,DC=GOD","samaccountname":null,"highvalue":false,"admincount":false,"description":"Users are prevented from making accidental or intentional system-wide changes and can run most applications","whencreated":1749200664,"samaccoutname":"Users"},"Members":[{"ObjectIdentifier":"S-1-5-21-3516374454-2761537032-415496107-513","ObjectType":"Group"},{"ObjectIdentifier":"PANTHEON.GOD-S-1-5-11","ObjectType":"Group"},{"ObjectIdentifier":"PANTHEON.GOD-S-1-5-4","ObjectType":"Group"},{"ObjectIdentifier":"S-1-5-21-3516374454-2761537032-415496107-1000","ObjectType":"User"}],"Aces":[{"RightName":"Owns","IsInherited":false,"PrincipalSID":"PANTHEON.GOD-S-1-5-32-544","PrincipalType":"Group"},{"RightName":"GenericAll","IsInherited":false,"PrincipalSID":"S-1-5-21-3516374454-2761537032-415496107-512","PrincipalType":"Group"},{"RightName":"GenericAll","IsInherited":false,"PrincipalSID":"PANTHEON.GOD-S-1-5-32-548","PrincipalType":"Group"},{"RightName":"GenericAll","IsInherited":true,"PrincipalSID":"S-1-5-21-3516374454-2761537032-415496107-519","PrincipalType":"Group"},{"RightName":"GenericWrite","IsInherited":true,"PrincipalSID":"PANTHEON.GOD-S-1-5-32-544","PrincipalType":"Group"},{"RightName":"WriteOwner","IsInherited":true,"PrincipalSID":"PANTHEON.GOD-S-1-5-32-544","PrincipalType":"Group"},{"RightName":"WriteDacl","IsInherited":true,"PrincipalSID":"PANTHEON.GOD-S-1-5-32-544","PrincipalType":"Group"}]},{"ObjectIdentifier":"PANTHEON.GOD-S-1-5-32-546","IsDeleted":false,"IsACLProtected":false,"Properties":{"domain":"PANTHEON.GOD","domainsid":"S-1-5-21-3516374454-2761537032-415496107","name":"GUESTS@PANTHEON.GOD","distinguishedname":"CN=GUESTS,CN=BUILTIN,DC=PANTHEON,DC=GOD","samaccountname":null,"highvalue":false,"admincount":false,"description":"Guests have the same access as members of the Users group by default, except for the Guest account which is further restricted","whencreated":1749200664,"samaccoutname":"Guests"},"Members":[{"ObjectIdentifier":"S-1-5-21-3516374454-2761537032-415496107-514","ObjectType":"Group"},{"ObjectIdentifier":"S-1-5-21-3516374454-2761537032-415496107-501","ObjectType":"User"}],"Aces":[{"RightName":"Owns","IsInherited":false,"PrincipalSID":"PANTHEON.GOD-S-1-5-32-544","PrincipalType":"Group"},{"RightName":"GenericAll","IsInherited":false,"PrincipalSID":"S-1-5-21-3516374454-2761537032-415496107-512","PrincipalType":"Group"},{"RightName":"GenericAll","IsInherited":false,"PrincipalSID":"PANTHEON.GOD-S-1-5-32-548","PrincipalType":"Group"},{"RightName":"GenericAll","IsInherited":true,"PrincipalSID":"S-1-5-21-3516374454-2761537032-415496107-519","PrincipalType":"Group"},{"RightName":"GenericWrite","IsInherited":true,"PrincipalSID":"PANTHEON.GOD-S-1-5-32-544","PrincipalType":"Group"},{"RightName":"WriteOwner","IsInherited":true,"PrincipalSID":"PANTHEON.GOD-S-1-5-32-544","PrincipalType":"Group"},{"RightName":"WriteDacl","IsInherited":true,"PrincipalSID":"PANTHEON.GOD-S-1-5-32-544","PrincipalType":"Group"}]},{"ObjectIdentifier":"PANTHEON.GOD-S-1-5-32-550","IsDeleted":false,"IsACLProtected":true,"Properties":{"domain":"PANTHEON.GOD","domainsid":"S-1-5-21-3516374454-2761537032-415496107","name":"PRINT OPERATORS@PANTHEON.GOD","distinguishedname":"CN=PRINT OPERATORS,CN=BUILTIN,DC=PANTHEON,DC=GOD","samaccountname":null,"highvalue":true,"admincount":true,"description":"Members can administer printers installed on domain controllers","whencreated":1749200664,"samaccoutname":"Print Operators"},"Members":[],"Aces":[{"RightName":"Owns","IsInherited":false,"PrincipalSID":"S-1-5-21-3516374454-2761537032-415496107-512","PrincipalType":"Group"},{"RightName":"GenericWrite","IsInherited":false,"PrincipalSID":"S-1-5-21-3516374454-2761537032-415496107-512","PrincipalType":"Group"},{"RightName":"WriteOwner","IsInherited":false,"PrincipalSID":"S-1-5-21-3516374454-2761537032-415496107-512","PrincipalType":"Group"},{"RightName":"WriteDacl","IsInherited":false,"PrincipalSID":"S-1-5-21-3516374454-2761537032-415496107-512","PrincipalType":"Group"},{"RightName":"GenericWrite","IsInherited":false,"PrincipalSID":"S-1-5-21-3516374454-2761537032-415496107-519","PrincipalType":"Group"},{"RightName":"WriteOwner","IsInherited":false,"PrincipalSID":"S-1-5-21-3516374454-2761537032-415496107-519","PrincipalType":"Group"},{"RightName":"WriteDacl","IsInherited":false,"PrincipalSID":"S-1-5-21-3516374454-2761537032-415496107-519","PrincipalType":"Group"},{"RightName":"GenericWrite","IsInherited":false,"PrincipalSID":"PANTHEON.GOD-S-1-5-32-544","PrincipalType":"Group"},{"RightName":"WriteOwner","IsInherited":false,"PrincipalSID":"PANTHEON.GOD-S-1-5-32-544","PrincipalType":"Group"},{"RightName":"WriteDacl","IsInherited":false,"PrincipalSID":"PANTHEON.GOD-S-1-5-32-544","PrincipalType":"Group"}]},{"ObjectIdentifier":"PANTHEON.GOD-S-1-5-32-551","IsDeleted":false,"IsACLProtected":true,"Properties":{"domain":"PANTHEON.GOD","domainsid":"S-1-5-21-3516374454-2761537032-415496107","name":"BACKUP OPERATORS@PANTHEON.GOD","distinguishedname":"CN=BACKUP OPERATORS,CN=BUILTIN,DC=PANTHEON,DC=GOD","samaccountname":null,"highvalue":true,"admincount":true,"description":"Backup Operators can override security restrictions for the sole purpose of backing up or restoring files","whencreated":1749200664,"samaccoutname":"Backup Operators"},"Members":[],"Aces":[{"RightName":"Owns","IsInherited":false,"PrincipalSID":"S-1-5-21-3516374454-2761537032-415496107-512","PrincipalType":"Group"},{"RightName":"GenericWrite","IsInherited":false,"PrincipalSID":"S-1-5-21-3516374454-2761537032-415496107-512","PrincipalType":"Group"},{"RightName":"WriteOwner","IsInherited":false,"PrincipalSID":"S-1-5-21-3516374454-2761537032-415496107-512","PrincipalType":"Group"},{"RightName":"WriteDacl","IsInherited":false,"PrincipalSID":"S-1-5-21-3516374454-2761537032-415496107-512","PrincipalType":"Group"},{"RightName":"GenericWrite","IsInherited":false,"PrincipalSID":"S-1-5-21-3516374454-2761537032-415496107-519","PrincipalType":"Group"},{"RightName":"WriteOwner","IsInherited":false,"PrincipalSID":"S-1-5-21-3516374454-2761537032-415496107-519","PrincipalType":"Group"},{"RightName":"WriteDacl","IsInherited":false,"PrincipalSID":"S-1-5-21-3516374454-2761537032-415496107-519","PrincipalType":"Group"},{"RightName":"GenericWrite","IsInherited":false,"PrincipalSID":"PANTHEON.GOD-S-1-5-32-544","PrincipalType":"Group"},{"RightName":"WriteOwner","IsInherited":false,"PrincipalSID":"PANTHEON.GOD-S-1-5-32-544","PrincipalType":"Group"},{"RightName":"WriteDacl","IsInherited":false,"PrincipalSID":"PANTHEON.GOD-S-1-5-32-544","PrincipalType":"Group"}]},{"ObjectIdentifier":"PANTHEON.GOD-S-1-5-32-552","IsDeleted":false,"IsACLProtected":true,"Properties":{"domain":"PANTHEON.GOD","domainsid":"S-1-5-21-3516374454-2761537032-415496107","name":"REPLICATOR@PANTHEON.GOD","distinguishedname":"CN=REPLICATOR,CN=BUILTIN,DC=PANTHEON,DC=GOD","samaccountname":null,"highvalue":false,"admincount":true,"description":"Supports file replication in a domain","whencreated":1749200664,"samaccoutname":"Replicator"},"Members":[],"Aces":[{"RightName":"Owns","IsInherited":false,"PrincipalSID":"S-1-5-21-3516374454-2761537032-415496107-512","PrincipalType":"Group"},{"RightName":"GenericWrite","IsInherited":false,"PrincipalSID":"S-1-5-21-3516374454-2761537032-415496107-512","PrincipalType":"Group"},{"RightName":"WriteOwner","IsInherited":false,"PrincipalSID":"S-1-5-21-3516374454-2761537032-415496107-512","PrincipalType":"Group"},{"RightName":"WriteDacl","IsInherited":false,"PrincipalSID":"S-1-5-21-3516374454-2761537032-415496107-512","PrincipalType":"Group"},{"RightName":"GenericWrite","IsInherited":false,"PrincipalSID":"S-1-5-21-3516374454-2761537032-415496107-519","PrincipalType":"Group"},{"RightName":"WriteOwner","IsInherited":false,"PrincipalSID":"S-1-5-21-3516374454-2761537032-415496107-519","PrincipalType":"Group"},{"RightName":"WriteDacl","IsInherited":false,"PrincipalSID":"S-1-5-21-3516374454-2761537032-415496107-519","PrincipalType":"Group"},{"RightName":"GenericWrite","IsInherited":false,"PrincipalSID":"PANTHEON.GOD-S-1-5-32-544","PrincipalType":"Group"},{"RightName":"WriteOwner","IsInherited":false,"PrincipalSID":"PANTHEON.GOD-S-1-5-32-544","PrincipalType":"Group"},{"RightName":"WriteDacl","IsInherited":false,"PrincipalSID":"PANTHEON.GOD-S-1-5-32-544","PrincipalType":"Group"}]},{"ObjectIdentifier":"PANTHEON.GOD-S-1-5-32-555","IsDeleted":false,"IsACLProtected":false,"Properties":{"domain":"PANTHEON.GOD","domainsid":"S-1-5-21-3516374454-2761537032-415496107","name":"REMOTE DESKTOP USERS@PANTHEON.GOD","distinguishedname":"CN=REMOTE DESKTOP USERS,CN=BUILTIN,DC=PANTHEON,DC=GOD","samaccountname":null,"highvalue":false,"admincount":false,"description":"Members in this group are granted the right to logon remotely","whencreated":1749200664,"samaccoutname":"Remote Desktop Users"},"Members":[{"ObjectIdentifier":"S-1-5-21-3516374454-2761537032-415496107-1134","ObjectType":"User"}],"Aces":[{"RightName":"Owns","IsInherited":false,"PrincipalSID":"PANTHEON.GOD-S-1-5-32-544","PrincipalType":"Group"},{"RightName":"GenericAll","IsInherited":false,"PrincipalSID":"S-1-5-21-3516374454-2761537032-415496107-512","PrincipalType":"Group"},{"RightName":"GenericAll","IsInherited":false,"PrincipalSID":"PANTHEON.GOD-S-1-5-32-548","PrincipalType":"Group"},{"RightName":"GenericAll","IsInherited":true,"PrincipalSID":"S-1-5-21-3516374454-2761537032-415496107-519","PrincipalType":"Group"},{"RightName":"GenericWrite","IsInherited":true,"PrincipalSID":"PANTHEON.GOD-S-1-5-32-544","PrincipalType":"Group"},{"RightName":"WriteOwner","IsInherited":true,"PrincipalSID":"PANTHEON.GOD-S-1-5-32-544","PrincipalType":"Group"},{"RightName":"WriteDacl","IsInherited":true,"PrincipalSID":"PANTHEON.GOD-S-1-5-32-544","PrincipalType":"Group"}]},{"ObjectIdentifier":"PANTHEON.GOD-S-1-5-32-556","IsDeleted":false,"IsACLProtected":false,"Properties":{"domain":"PANTHEON.GOD","domainsid":"S-1-5-21-3516374454-2761537032-415496107","name":"NETWORK CONFIGURATION OPERATORS@PANTHEON.GOD","distinguishedname":"CN=NETWORK CONFIGURATION OPERATORS,CN=BUILTIN,DC=PANTHEON,DC=GOD","samaccountname":null,"highvalue":false,"admincount":false,"description":"Members in this group can have some administrative privileges to manage configuration of networking features","whencreated":1749200664,"samaccoutname":"Network Configuration Operators"},"Members":[],"Aces":[{"RightName":"Owns","IsInherited":false,"PrincipalSID":"PANTHEON.GOD-S-1-5-32-544","PrincipalType":"Group"},{"RightName":"GenericAll","IsInherited":false,"PrincipalSID":"S-1-5-21-3516374454-2761537032-415496107-512","PrincipalType":"Group"},{"RightName":"GenericAll","IsInherited":false,"PrincipalSID":"PANTHEON.GOD-S-1-5-32-548","PrincipalType":"Group"},{"RightName":"GenericAll","IsInherited":true,"PrincipalSID":"S-1-5-21-3516374454-2761537032-415496107-519","PrincipalType":"Group"},{"RightName":"GenericWrite","IsInherited":true,"PrincipalSID":"PANTHEON.GOD-S-1-5-32-544","PrincipalType":"Group"},{"RightName":"WriteOwner","IsInherited":true,"PrincipalSID":"PANTHEON.GOD-S-1-5-32-544","PrincipalType":"Group"},{"RightName":"WriteDacl","IsInherited":true,"PrincipalSID":"PANTHEON.GOD-S-1-5-32-544","PrincipalType":"Group"}]},{"ObjectIdentifier":"PANTHEON.GOD-S-1-5-32-558","IsDeleted":false,"IsACLProtected":false,"Properties":{"domain":"PANTHEON.GOD","domainsid":"S-1-5-21-3516374454-2761537032-415496107","name":"PERFORMANCE MONITOR USERS@PANTHEON.GOD","distinguishedname":"CN=PERFORMANCE MONITOR USERS,CN=BUILTIN,DC=PANTHEON,DC=GOD","samaccountname":null,"highvalue":false,"admincount":false,"description":"Members of this group can access performance counter data locally and remotely","whencreated":1749200664,"samaccoutname":"Performance Monitor Users"},"Members":[],"Aces":[{"RightName":"Owns","IsInherited":false,"PrincipalSID":"PANTHEON.GOD-S-1-5-32-544","PrincipalType":"Group"},{"RightName":"GenericAll","IsInherited":false,"PrincipalSID":"S-1-5-21-3516374454-2761537032-415496107-512","PrincipalType":"Group"},{"RightName":"GenericAll","IsInherited":false,"PrincipalSID":"PANTHEON.GOD-S-1-5-32-548","PrincipalType":"Group"},{"RightName":"GenericAll","IsInherited":true,"PrincipalSID":"S-1-5-21-3516374454-2761537032-415496107-519","PrincipalType":"Group"},{"RightName":"GenericWrite","IsInherited":true,"PrincipalSID":"PANTHEON.GOD-S-1-5-32-544","PrincipalType":"Group"},{"RightName":"WriteOwner","IsInherited":true,"PrincipalSID":"PANTHEON.GOD-S-1-5-32-544","PrincipalType":"Group"},{"RightName":"WriteDacl","IsInherited":true,"PrincipalSID":"PANTHEON.GOD-S-1-5-32-544","PrincipalType":"Group"}]},{"ObjectIdentifier":"PANTHEON.GOD-S-1-5-32-559","IsDeleted":false,"IsACLProtected":false,"Properties":{"domain":"PANTHEON.GOD","domainsid":"S-1-5-21-3516374454-2761537032-415496107","name":"PERFORMANCE LOG USERS@PANTHEON.GOD","distinguishedname":"CN=PERFORMANCE LOG USERS,CN=BUILTIN,DC=PANTHEON,DC=GOD","samaccountname":null,"highvalue":false,"admincount":false,"description":"Members of this group may schedule logging of performance counters, enable trace providers, and collect event traces both locally and via remote access to this computer","whencreated":1749200664,"samaccoutname":"Performance Log Users"},"Members":[],"Aces":[{"RightName":"Owns","IsInherited":false,"PrincipalSID":"PANTHEON.GOD-S-1-5-32-544","PrincipalType":"Group"},{"RightName":"GenericAll","IsInherited":false,"PrincipalSID":"S-1-5-21-3516374454-2761537032-415496107-512","PrincipalType":"Group"},{"RightName":"GenericAll","IsInherited":false,"PrincipalSID":"PANTHEON.GOD-S-1-5-32-548","PrincipalType":"Group"},{"RightName":"GenericAll","IsInherited":true,"PrincipalSID":"S-1-5-21-3516374454-2761537032-415496107-519","PrincipalType":"Group"},{"RightName":"GenericWrite","IsInherited":true,"PrincipalSID":"PANTHEON.GOD-S-1-5-32-544","PrincipalType":"Group"},{"RightName":"WriteOwner","IsInherited":true,"PrincipalSID":"PANTHEON.GOD-S-1-5-32-544","PrincipalType":"Group"},{"RightName":"WriteDacl","IsInherited":true,"PrincipalSID":"PANTHEON.GOD-S-1-5-32-544","PrincipalType":"Group"}]},{"ObjectIdentifier":"PANTHEON.GOD-S-1-5-32-562","IsDeleted":false,"IsACLProtected":false,"Properties":{"domain":"PANTHEON.GOD","domainsid":"S-1-5-21-3516374454-2761537032-415496107","name":"DISTRIBUTED COM USERS@PANTHEON.GOD","distinguishedname":"CN=DISTRIBUTED COM USERS,CN=BUILTIN,DC=PANTHEON,DC=GOD","samaccountname":null,"highvalue":false,"admincount":false,"description":"Members are allowed to launch, activate and use Distributed COM objects on this machine.","whencreated":1749200664,"samaccoutname":"Distributed COM Users"},"Members":[],"Aces":[{"RightName":"Owns","IsInherited":false,"PrincipalSID":"PANTHEON.GOD-S-1-5-32-544","PrincipalType":"Group"},{"RightName":"GenericAll","IsInherited":false,"PrincipalSID":"S-1-5-21-3516374454-2761537032-415496107-512","PrincipalType":"Group"},{"RightName":"GenericAll","IsInherited":false,"PrincipalSID":"PANTHEON.GOD-S-1-5-32-548","PrincipalType":"Group"},{"RightName":"GenericAll","IsInherited":true,"PrincipalSID":"S-1-5-21-3516374454-2761537032-415496107-519","PrincipalType":"Group"},{"RightName":"GenericWrite","IsInherited":true,"PrincipalSID":"PANTHEON.GOD-S-1-5-32-544","PrincipalType":"Group"},{"RightName":"WriteOwner","IsInherited":true,"PrincipalSID":"PANTHEON.GOD-S-1-5-32-544","PrincipalType":"Group"},{"RightName":"WriteDacl","IsInherited":true,"PrincipalSID":"PANTHEON.GOD-S-1-5-32-544","PrincipalType":"Group"}]},{"ObjectIdentifier":"PANTHEON.GOD-S-1-5-32-568","IsDeleted":false,"IsACLProtected":false,"Properties":{"domain":"PANTHEON.GOD","domainsid":"S-1-5-21-3516374454-2761537032-415496107","name":"IIS_IUSRS@PANTHEON.GOD","distinguishedname":"CN=IIS_IUSRS,CN=BUILTIN,DC=PANTHEON,DC=GOD","samaccountname":null,"highvalue":false,"admincount":false,"description":"Built-in group used by Internet Information Services.","whencreated":1749200664,"samaccoutname":"IIS_IUSRS"},"Members":[{"ObjectIdentifier":"PANTHEON.GOD-S-1-5-17","ObjectType":"User"}],"Aces":[{"RightName":"Owns","IsInherited":false,"PrincipalSID":"PANTHEON.GOD-S-1-5-32-544","PrincipalType":"Group"},{"RightName":"GenericAll","IsInherited":false,"PrincipalSID":"S-1-5-21-3516374454-2761537032-415496107-512","PrincipalType":"Group"},{"RightName":"GenericAll","IsInherited":false,"PrincipalSID":"PANTHEON.GOD-S-1-5-32-548","PrincipalType":"Group"},{"RightName":"GenericAll","IsInherited":true,"PrincipalSID":"S-1-5-21-3516374454-2761537032-415496107-519","PrincipalType":"Group"},{"RightName":"GenericWrite","IsInherited":true,"PrincipalSID":"PANTHEON.GOD-S-1-5-32-544","PrincipalType":"Group"},{"RightName":"WriteOwner","IsInherited":true,"PrincipalSID":"PANTHEON.GOD-S-1-5-32-544","PrincipalType":"Group"},{"RightName":"WriteDacl","IsInherited":true,"PrincipalSID":"PANTHEON.GOD-S-1-5-32-544","PrincipalType":"Group"}]},{"ObjectIdentifier":"PANTHEON.GOD-S-1-5-32-569","IsDeleted":false,"IsACLProtected":false,"Properties":{"domain":"PANTHEON.GOD","domainsid":"S-1-5-21-3516374454-2761537032-415496107","name":"CRYPTOGRAPHIC OPERATORS@PANTHEON.GOD","distinguishedname":"CN=CRYPTOGRAPHIC OPERATORS,CN=BUILTIN,DC=PANTHEON,DC=GOD","samaccountname":null,"highvalue":false,"admincount":false,"description":"Members are authorized to perform cryptographic operations.","whencreated":1749200664,"samaccoutname":"Cryptographic Operators"},"Members":[],"Aces":[{"RightName":"Owns","IsInherited":false,"PrincipalSID":"PANTHEON.GOD-S-1-5-32-544","PrincipalType":"Group"},{"RightName":"GenericAll","IsInherited":false,"PrincipalSID":"S-1-5-21-3516374454-2761537032-415496107-512","PrincipalType":"Group"},{"RightName":"GenericAll","IsInherited":false,"PrincipalSID":"PANTHEON.GOD-S-1-5-32-548","PrincipalType":"Group"},{"RightName":"GenericAll","IsInherited":true,"PrincipalSID":"S-1-5-21-3516374454-2761537032-415496107-519","PrincipalType":"Group"},{"RightName":"GenericWrite","IsInherited":true,"PrincipalSID":"PANTHEON.GOD-S-1-5-32-544","PrincipalType":"Group"},{"RightName":"WriteOwner","IsInherited":true,"PrincipalSID":"PANTHEON.GOD-S-1-5-32-544","PrincipalType":"Group"},{"RightName":"WriteDacl","IsInherited":true,"PrincipalSID":"PANTHEON.GOD-S-1-5-32-544","PrincipalType":"Group"}]},{"ObjectIdentifier":"PANTHEON.GOD-S-1-5-32-573","IsDeleted":false,"IsACLProtected":false,"Properties":{"domain":"PANTHEON.GOD","domainsid":"S-1-5-21-3516374454-2761537032-415496107","name":"EVENT LOG READERS@PANTHEON.GOD","distinguishedname":"CN=EVENT LOG READERS,CN=BUILTIN,DC=PANTHEON,DC=GOD","samaccountname":null,"highvalue":false,"admincount":false,"description":"Members of this group can read event logs from local machine","whencreated":1749200664,"samaccoutname":"Event Log Readers"},"Members":[],"Aces":[{"RightName":"Owns","IsInherited":false,"PrincipalSID":"PANTHEON.GOD-S-1-5-32-544","PrincipalType":"Group"},{"RightName":"GenericAll","IsInherited":false,"PrincipalSID":"S-1-5-21-3516374454-2761537032-415496107-512","PrincipalType":"Group"},{"RightName":"GenericAll","IsInherited":false,"PrincipalSID":"PANTHEON.GOD-S-1-5-32-548","PrincipalType":"Group"},{"RightName":"GenericAll","IsInherited":true,"PrincipalSID":"S-1-5-21-3516374454-2761537032-415496107-519","PrincipalType":"Group"},{"RightName":"GenericWrite","IsInherited":true,"PrincipalSID":"PANTHEON.GOD-S-1-5-32-544","PrincipalType":"Group"},{"RightName":"WriteOwner","IsInherited":true,"PrincipalSID":"PANTHEON.GOD-S-1-5-32-544","PrincipalType":"Group"},{"RightName":"WriteDacl","IsInherited":true,"PrincipalSID":"PANTHEON.GOD-S-1-5-32-544","PrincipalType":"Group"}]},{"ObjectIdentifier":"PANTHEON.GOD-S-1-5-32-574","IsDeleted":false,"IsACLProtected":false,"Properties":{"domain":"PANTHEON.GOD","domainsid":"S-1-5-21-3516374454-2761537032-415496107","name":"CERTIFICATE SERVICE DCOM ACCESS@PANTHEON.GOD","distinguishedname":"CN=CERTIFICATE SERVICE DCOM ACCESS,CN=BUILTIN,DC=PANTHEON,DC=GOD","samaccountname":null,"highvalue":false,"admincount":false,"description":"Members of this group are allowed to connect to Certification Authorities in the enterprise","whencreated":1749200664,"samaccoutname":"Certificate Service DCOM Access"},"Members":[{"ObjectIdentifier":"PANTHEON.GOD-S-1-5-11","ObjectType":"Group"}],"Aces":[{"RightName":"Owns","IsInherited":false,"PrincipalSID":"PANTHEON.GOD-S-1-5-32-544","PrincipalType":"Group"},{"RightName":"GenericAll","IsInherited":false,"PrincipalSID":"S-1-5-21-3516374454-2761537032-415496107-512","PrincipalType":"Group"},{"RightName":"GenericAll","IsInherited":false,"PrincipalSID":"PANTHEON.GOD-S-1-5-32-548","PrincipalType":"Group"},{"RightName":"GenericAll","IsInherited":true,"PrincipalSID":"S-1-5-21-3516374454-2761537032-415496107-519","PrincipalType":"Group"},{"RightName":"GenericWrite","IsInherited":true,"PrincipalSID":"PANTHEON.GOD-S-1-5-32-544","PrincipalType":"Group"},{"RightName":"WriteOwner","IsInherited":true,"PrincipalSID":"PANTHEON.GOD-S-1-5-32-544","PrincipalType":"Group"},{"RightName":"WriteDacl","IsInherited":true,"PrincipalSID":"PANTHEON.GOD-S-1-5-32-544","PrincipalType":"Group"}]},{"ObjectIdentifier":"PANTHEON.GOD-S-1-5-32-575","IsDeleted":false,"IsACLProtected":false,"Properties":{"domain":"PANTHEON.GOD","domainsid":"S-1-5-21-3516374454-2761537032-415496107","name":"RDS REMOTE ACCESS SERVERS@PANTHEON.GOD","distinguishedname":"CN=RDS REMOTE ACCESS SERVERS,CN=BUILTIN,DC=PANTHEON,DC=GOD","samaccountname":null,"highvalue":false,"admincount":false,"description":"Servers in this group enable users of RemoteApp programs and personal virtual desktops access to these resources. In Internet-facing deployments, these servers are typically deployed in an edge network. This group needs to be populated on servers running RD Connection Broker. RD Gateway servers and RD Web Access servers used in the deployment need to be in this group.","whencreated":1749200664,"samaccoutname":"RDS Remote Access Servers"},"Members":[],"Aces":[{"RightName":"Owns","IsInherited":false,"PrincipalSID":"PANTHEON.GOD-S-1-5-32-544","PrincipalType":"Group"},{"RightName":"GenericAll","IsInherited":false,"PrincipalSID":"S-1-5-21-3516374454-2761537032-415496107-512","PrincipalType":"Group"},{"RightName":"GenericAll","IsInherited":false,"PrincipalSID":"PANTHEON.GOD-S-1-5-32-548","PrincipalType":"Group"},{"RightName":"GenericAll","IsInherited":true,"PrincipalSID":"S-1-5-21-3516374454-2761537032-415496107-519","PrincipalType":"Group"},{"RightName":"GenericWrite","IsInherited":true,"PrincipalSID":"PANTHEON.GOD-S-1-5-32-544","PrincipalType":"Group"},{"RightName":"WriteOwner","IsInherited":true,"PrincipalSID":"PANTHEON.GOD-S-1-5-32-544","PrincipalType":"Group"},{"RightName":"WriteDacl","IsInherited":true,"PrincipalSID":"PANTHEON.GOD-S-1-5-32-544","PrincipalType":"Group"}]},{"ObjectIdentifier":"PANTHEON.GOD-S-1-5-32-576","IsDeleted":false,"IsACLProtected":false,"Properties":{"domain":"PANTHEON.GOD","domainsid":"S-1-5-21-3516374454-2761537032-415496107","name":"RDS ENDPOINT SERVERS@PANTHEON.GOD","distinguishedname":"CN=RDS ENDPOINT SERVERS,CN=BUILTIN,DC=PANTHEON,DC=GOD","samaccountname":null,"highvalue":false,"admincount":false,"description":"Servers in this group run virtual machines and host sessions where users RemoteApp programs and personal virtual desktops run. This group needs to be populated on servers running RD Connection Broker. RD Session Host servers and RD Virtualization Host servers used in the deployment need to be in this group.","whencreated":1749200664,"samaccoutname":"RDS Endpoint Servers"},"Members":[],"Aces":[{"RightName":"Owns","IsInherited":false,"PrincipalSID":"PANTHEON.GOD-S-1-5-32-544","PrincipalType":"Group"},{"RightName":"GenericAll","IsInherited":false,"PrincipalSID":"S-1-5-21-3516374454-2761537032-415496107-512","PrincipalType":"Group"},{"RightName":"GenericAll","IsInherited":false,"PrincipalSID":"PANTHEON.GOD-S-1-5-32-548","PrincipalType":"Group"},{"RightName":"GenericAll","IsInherited":true,"PrincipalSID":"S-1-5-21-3516374454-2761537032-415496107-519","PrincipalType":"Group"},{"RightName":"GenericWrite","IsInherited":true,"PrincipalSID":"PANTHEON.GOD-S-1-5-32-544","PrincipalType":"Group"},{"RightName":"WriteOwner","IsInherited":true,"PrincipalSID":"PANTHEON.GOD-S-1-5-32-544","PrincipalType":"Group"},{"RightName":"WriteDacl","IsInherited":true,"PrincipalSID":"PANTHEON.GOD-S-1-5-32-544","PrincipalType":"Group"}]},{"ObjectIdentifier":"PANTHEON.GOD-S-1-5-32-577","IsDeleted":false,"IsACLProtected":false,"Properties":{"domain":"PANTHEON.GOD","domainsid":"S-1-5-21-3516374454-2761537032-415496107","name":"RDS MANAGEMENT SERVERS@PANTHEON.GOD","distinguishedname":"CN=RDS MANAGEMENT SERVERS,CN=BUILTIN,DC=PANTHEON,DC=GOD","samaccountname":null,"highvalue":false,"admincount":false,"description":"Servers in this group can perform routine administrative actions on servers running Remote Desktop Services. This group needs to be populated on all servers in a Remote Desktop Services deployment. The servers running the RDS Central Management service must be included in this group.","whencreated":1749200664,"samaccoutname":"RDS Management Servers"},"Members":[],"Aces":[{"RightName":"Owns","IsInherited":false,"PrincipalSID":"PANTHEON.GOD-S-1-5-32-544","PrincipalType":"Group"},{"RightName":"GenericAll","IsInherited":false,"PrincipalSID":"S-1-5-21-3516374454-2761537032-415496107-512","PrincipalType":"Group"},{"RightName":"GenericAll","IsInherited":false,"PrincipalSID":"PANTHEON.GOD-S-1-5-32-548","PrincipalType":"Group"},{"RightName":"GenericAll","IsInherited":true,"PrincipalSID":"S-1-5-21-3516374454-2761537032-415496107-519","PrincipalType":"Group"},{"RightName":"GenericWrite","IsInherited":true,"PrincipalSID":"PANTHEON.GOD-S-1-5-32-544","PrincipalType":"Group"},{"RightName":"WriteOwner","IsInherited":true,"PrincipalSID":"PANTHEON.GOD-S-1-5-32-544","PrincipalType":"Group"},{"RightName":"WriteDacl","IsInherited":true,"PrincipalSID":"PANTHEON.GOD-S-1-5-32-544","PrincipalType":"Group"}]},{"ObjectIdentifier":"PANTHEON.GOD-S-1-5-32-578","IsDeleted":false,"IsACLProtected":false,"Properties":{"domain":"PANTHEON.GOD","domainsid":"S-1-5-21-3516374454-2761537032-415496107","name":"HYPER-V ADMINISTRATORS@PANTHEON.GOD","distinguishedname":"CN=HYPER-V ADMINISTRATORS,CN=BUILTIN,DC=PANTHEON,DC=GOD","samaccountname":null,"highvalue":false,"admincount":false,"description":"Members of this group have complete and unrestricted access to all features of Hyper-V.","whencreated":1749200664,"samaccoutname":"Hyper-V Administrators"},"Members":[],"Aces":[{"RightName":"Owns","IsInherited":false,"PrincipalSID":"PANTHEON.GOD-S-1-5-32-544","PrincipalType":"Group"},{"RightName":"GenericAll","IsInherited":false,"PrincipalSID":"S-1-5-21-3516374454-2761537032-415496107-512","PrincipalType":"Group"},{"RightName":"GenericAll","IsInherited":false,"PrincipalSID":"PANTHEON.GOD-S-1-5-32-548","PrincipalType":"Group"},{"RightName":"GenericAll","IsInherited":true,"PrincipalSID":"S-1-5-21-3516374454-2761537032-415496107-519","PrincipalType":"Group"},{"RightName":"GenericWrite","IsInherited":true,"PrincipalSID":"PANTHEON.GOD-S-1-5-32-544","PrincipalType":"Group"},{"RightName":"WriteOwner","IsInherited":true,"PrincipalSID":"PANTHEON.GOD-S-1-5-32-544","PrincipalType":"Group"},{"RightName":"WriteDacl","IsInherited":true,"PrincipalSID":"PANTHEON.GOD-S-1-5-32-544","PrincipalType":"Group"}]},{"ObjectIdentifier":"PANTHEON.GOD-S-1-5-32-579","IsDeleted":false,"IsACLProtected":false,"Properties":{"domain":"PANTHEON.GOD","domainsid":"S-1-5-21-3516374454-2761537032-415496107","name":"ACCESS CONTROL ASSISTANCE OPERATORS@PANTHEON.GOD","distinguishedname":"CN=ACCESS CONTROL ASSISTANCE OPERATORS,CN=BUILTIN,DC=PANTHEON,DC=GOD","samaccountname":null,"highvalue":false,"admincount":false,"description":"Members of this group can remotely query authorization attributes and permissions for resources on this computer.","whencreated":1749200664,"samaccoutname":"Access Control Assistance Operators"},"Members":[],"Aces":[{"RightName":"Owns","IsInherited":false,"PrincipalSID":"PANTHEON.GOD-S-1-5-32-544","PrincipalType":"Group"},{"RightName":"GenericAll","IsInherited":false,"PrincipalSID":"S-1-5-21-3516374454-2761537032-415496107-512","PrincipalType":"Group"},{"RightName":"GenericAll","IsInherited":false,"PrincipalSID":"PANTHEON.GOD-S-1-5-32-548","PrincipalType":"Group"},{"RightName":"GenericAll","IsInherited":true,"PrincipalSID":"S-1-5-21-3516374454-2761537032-415496107-519","PrincipalType":"Group"},{"RightName":"GenericWrite","IsInherited":true,"PrincipalSID":"PANTHEON.GOD-S-1-5-32-544","PrincipalType":"Group"},{"RightName":"WriteOwner","IsInherited":true,"PrincipalSID":"PANTHEON.GOD-S-1-5-32-544","PrincipalType":"Group"},{"RightName":"WriteDacl","IsInherited":true,"PrincipalSID":"PANTHEON.GOD-S-1-5-32-544","PrincipalType":"Group"}]},{"ObjectIdentifier":"PANTHEON.GOD-S-1-5-32-580","IsDeleted":false,"IsACLProtected":false,"Properties":{"domain":"PANTHEON.GOD","domainsid":"S-1-5-21-3516374454-2761537032-415496107","name":"REMOTE MANAGEMENT USERS@PANTHEON.GOD","distinguishedname":"CN=REMOTE MANAGEMENT USERS,CN=BUILTIN,DC=PANTHEON,DC=GOD","samaccountname":null,"highvalue":false,"admincount":false,"description":"Members of this group can access WMI resources over management protocols (such as WS-Management via the Windows Remote Management service). This applies only to WMI namespaces that grant access to the user.","whencreated":1749200664,"samaccoutname":"Remote Management Users"},"Members":[{"ObjectIdentifier":"S-1-5-21-3516374454-2761537032-415496107-1134","ObjectType":"User"}],"Aces":[{"RightName":"Owns","IsInherited":false,"PrincipalSID":"PANTHEON.GOD-S-1-5-32-544","PrincipalType":"Group"},{"RightName":"GenericAll","IsInherited":false,"PrincipalSID":"S-1-5-21-3516374454-2761537032-415496107-512","PrincipalType":"Group"},{"RightName":"GenericAll","IsInherited":false,"PrincipalSID":"PANTHEON.GOD-S-1-5-32-548","PrincipalType":"Group"},{"RightName":"GenericAll","IsInherited":true,"PrincipalSID":"S-1-5-21-3516374454-2761537032-415496107-519","PrincipalType":"Group"},{"RightName":"GenericWrite","IsInherited":true,"PrincipalSID":"PANTHEON.GOD-S-1-5-32-544","PrincipalType":"Group"},{"RightName":"WriteOwner","IsInherited":true,"PrincipalSID":"PANTHEON.GOD-S-1-5-32-544","PrincipalType":"Group"},{"RightName":"WriteDacl","IsInherited":true,"PrincipalSID":"PANTHEON.GOD-S-1-5-32-544","PrincipalType":"Group"}]},{"ObjectIdentifier":"PANTHEON.GOD-S-1-5-32-582","IsDeleted":false,"IsACLProtected":false,"Properties":{"domain":"PANTHEON.GOD","domainsid":"S-1-5-21-3516374454-2761537032-415496107","name":"STORAGE REPLICA ADMINISTRATORS@PANTHEON.GOD","distinguishedname":"CN=STORAGE REPLICA ADMINISTRATORS,CN=BUILTIN,DC=PANTHEON,DC=GOD","samaccountname":null,"highvalue":false,"admincount":false,"description":"Members of this group have complete and unrestricted access to all features of Storage Replica.","whencreated":1749200664,"samaccoutname":"Storage Replica Administrators"},"Members":[],"Aces":[{"RightName":"Owns","IsInherited":false,"PrincipalSID":"PANTHEON.GOD-S-1-5-32-544","PrincipalType":"Group"},{"RightName":"GenericAll","IsInherited":false,"PrincipalSID":"S-1-5-21-3516374454-2761537032-415496107-512","PrincipalType":"Group"},{"RightName":"GenericAll","IsInherited":false,"PrincipalSID":"PANTHEON.GOD-S-1-5-32-548","PrincipalType":"Group"},{"RightName":"GenericAll","IsInherited":true,"PrincipalSID":"S-1-5-21-3516374454-2761537032-415496107-519","PrincipalType":"Group"},{"RightName":"GenericWrite","IsInherited":true,"PrincipalSID":"PANTHEON.GOD-S-1-5-32-544","PrincipalType":"Group"},{"RightName":"WriteOwner","IsInherited":true,"PrincipalSID":"PANTHEON.GOD-S-1-5-32-544","PrincipalType":"Group"},{"RightName":"WriteDacl","IsInherited":true,"PrincipalSID":"PANTHEON.GOD-S-1-5-32-544","PrincipalType":"Group"}]},{"ObjectIdentifier":"PANTHEON.GOD-S-1-5-32-585","IsDeleted":false,"IsACLProtected":false,"Properties":{"domain":"PANTHEON.GOD","domainsid":"S-1-5-21-3516374454-2761537032-415496107","name":"OPENSSH USERS@PANTHEON.GOD","distinguishedname":"CN=OPENSSH USERS,CN=BUILTIN,DC=PANTHEON,DC=GOD","samaccountname":null,"highvalue":false,"admincount":false,"description":"Members of this group may connect to this computer using SSH.","whencreated":1749200664,"samaccoutname":"OpenSSH Users"},"Members":[],"Aces":[{"RightName":"Owns","IsInherited":false,"PrincipalSID":"PANTHEON.GOD-S-1-5-32-544","PrincipalType":"Group"},{"RightName":"GenericAll","IsInherited":false,"PrincipalSID":"S-1-5-21-3516374454-2761537032-415496107-512","PrincipalType":"Group"},{"RightName":"GenericAll","IsInherited":false,"PrincipalSID":"PANTHEON.GOD-S-1-5-32-548","PrincipalType":"Group"},{"RightName":"GenericAll","IsInherited":true,"PrincipalSID":"S-1-5-21-3516374454-2761537032-415496107-519","PrincipalType":"Group"},{"RightName":"GenericWrite","IsInherited":true,"PrincipalSID":"PANTHEON.GOD-S-1-5-32-544","PrincipalType":"Group"},{"RightName":"WriteOwner","IsInherited":true,"PrincipalSID":"PANTHEON.GOD-S-1-5-32-544","PrincipalType":"Group"},{"RightName":"WriteDacl","IsInherited":true,"PrincipalSID":"PANTHEON.GOD-S-1-5-32-544","PrincipalType":"Group"}]},{"ObjectIdentifier":"PANTHEON.GOD-S-1-5-32-549","IsDeleted":false,"IsACLProtected":true,"Properties":{"domain":"PANTHEON.GOD","domainsid":"S-1-5-21-3516374454-2761537032-415496107","name":"SERVER OPERATORS@PANTHEON.GOD","distinguishedname":"CN=SERVER OPERATORS,CN=BUILTIN,DC=PANTHEON,DC=GOD","samaccountname":null,"highvalue":true,"admincount":true,"description":"Members can administer domain servers","whencreated":1749200687,"samaccoutname":"Server Operators"},"Members":[],"Aces":[{"RightName":"Owns","IsInherited":false,"PrincipalSID":"S-1-5-21-3516374454-2761537032-415496107-512","PrincipalType":"Group"},{"RightName":"GenericWrite","IsInherited":false,"PrincipalSID":"S-1-5-21-3516374454-2761537032-415496107-512","PrincipalType":"Group"},{"RightName":"WriteOwner","IsInherited":false,"PrincipalSID":"S-1-5-21-3516374454-2761537032-415496107-512","PrincipalType":"Group"},{"RightName":"WriteDacl","IsInherited":false,"PrincipalSID":"S-1-5-21-3516374454-2761537032-415496107-512","PrincipalType":"Group"},{"RightName":"GenericWrite","IsInherited":false,"PrincipalSID":"S-1-5-21-3516374454-2761537032-415496107-519","PrincipalType":"Group"},{"RightName":"WriteOwner","IsInherited":false,"PrincipalSID":"S-1-5-21-3516374454-2761537032-415496107-519","PrincipalType":"Group"},{"RightName":"WriteDacl","IsInherited":false,"PrincipalSID":"S-1-5-21-3516374454-2761537032-415496107-519","PrincipalType":"Group"},{"RightName":"GenericWrite","IsInherited":false,"PrincipalSID":"PANTHEON.GOD-S-1-5-32-544","PrincipalType":"Group"},{"RightName":"WriteOwner","IsInherited":false,"PrincipalSID":"PANTHEON.GOD-S-1-5-32-544","PrincipalType":"Group"},{"RightName":"WriteDacl","IsInherited":false,"PrincipalSID":"PANTHEON.GOD-S-1-5-32-544","PrincipalType":"Group"}]},{"ObjectIdentifier":"PANTHEON.GOD-S-1-5-32-548","IsDeleted":false,"IsACLProtected":true,"Properties":{"domain":"PANTHEON.GOD","domainsid":"S-1-5-21-3516374454-2761537032-415496107","name":"ACCOUNT OPERATORS@PANTHEON.GOD","distinguishedname":"CN=ACCOUNT OPERATORS,CN=BUILTIN,DC=PANTHEON,DC=GOD","samaccountname":null,"highvalue":true,"admincount":true,"description":"Members can administer domain user and group accounts","whencreated":1749200687,"samaccoutname":"Account Operators"},"Members":[],"Aces":[{"RightName":"Owns","IsInherited":false,"PrincipalSID":"S-1-5-21-3516374454-2761537032-415496107-512","PrincipalType":"Group"},{"RightName":"GenericWrite","IsInherited":false,"PrincipalSID":"S-1-5-21-3516374454-2761537032-415496107-512","PrincipalType":"Group"},{"RightName":"WriteOwner","IsInherited":false,"PrincipalSID":"S-1-5-21-3516374454-2761537032-415496107-512","PrincipalType":"Group"},{"RightName":"WriteDacl","IsInherited":false,"PrincipalSID":"S-1-5-21-3516374454-2761537032-415496107-512","PrincipalType":"Group"},{"RightName":"GenericWrite","IsInherited":false,"PrincipalSID":"S-1-5-21-3516374454-2761537032-415496107-519","PrincipalType":"Group"},{"RightName":"WriteOwner","IsInherited":false,"PrincipalSID":"S-1-5-21-3516374454-2761537032-415496107-519","PrincipalType":"Group"},{"RightName":"WriteDacl","IsInherited":false,"PrincipalSID":"S-1-5-21-3516374454-2761537032-415496107-519","PrincipalType":"Group"},{"RightName":"GenericWrite","IsInherited":false,"PrincipalSID":"PANTHEON.GOD-S-1-5-32-544","PrincipalType":"Group"},{"RightName":"WriteOwner","IsInherited":false,"PrincipalSID":"PANTHEON.GOD-S-1-5-32-544","PrincipalType":"Group"},{"RightName":"WriteDacl","IsInherited":false,"PrincipalSID":"PANTHEON.GOD-S-1-5-32-544","PrincipalType":"Group"}]},{"ObjectIdentifier":"PANTHEON.GOD-S-1-5-32-554","IsDeleted":false,"IsACLProtected":false,"Properties":{"domain":"PANTHEON.GOD","domainsid":"S-1-5-21-3516374454-2761537032-415496107","name":"PRE-WINDOWS 2000 COMPATIBLE ACCESS@PANTHEON.GOD","distinguishedname":"CN=PRE-WINDOWS 2000 COMPATIBLE ACCESS,CN=BUILTIN,DC=PANTHEON,DC=GOD","samaccountname":null,"highvalue":false,"admincount":false,"description":"A backward compatibility group which allows read access on all users and groups in the domain","whencreated":1749200687,"samaccoutname":"Pre-Windows 2000 Compatible Access"},"Members":[{"ObjectIdentifier":"S-1-5-21-3516374454-2761537032-415496107-1001","ObjectType":"Computer"},{"ObjectIdentifier":"PANTHEON.GOD-S-1-5-11","ObjectType":"Group"}],"Aces":[{"RightName":"Owns","IsInherited":false,"PrincipalSID":"S-1-5-21-3516374454-2761537032-415496107-512","PrincipalType":"Group"},{"RightName":"GenericAll","IsInherited":false,"PrincipalSID":"S-1-5-21-3516374454-2761537032-415496107-512","PrincipalType":"Group"},{"RightName":"GenericAll","IsInherited":false,"PrincipalSID":"PANTHEON.GOD-S-1-5-32-548","PrincipalType":"Group"},{"RightName":"GenericAll","IsInherited":true,"PrincipalSID":"S-1-5-21-3516374454-2761537032-415496107-519","PrincipalType":"Group"},{"RightName":"GenericWrite","IsInherited":true,"PrincipalSID":"PANTHEON.GOD-S-1-5-32-544","PrincipalType":"Group"},{"RightName":"WriteOwner","IsInherited":true,"PrincipalSID":"PANTHEON.GOD-S-1-5-32-544","PrincipalType":"Group"},{"RightName":"WriteDacl","IsInherited":true,"PrincipalSID":"PANTHEON.GOD-S-1-5-32-544","PrincipalType":"Group"}]},{"ObjectIdentifier":"PANTHEON.GOD-S-1-5-32-557","IsDeleted":false,"IsACLProtected":false,"Properties":{"domain":"PANTHEON.GOD","domainsid":"S-1-5-21-3516374454-2761537032-415496107","name":"INCOMING FOREST TRUST BUILDERS@PANTHEON.GOD","distinguishedname":"CN=INCOMING FOREST TRUST BUILDERS,CN=BUILTIN,DC=PANTHEON,DC=GOD","samaccountname":null,"highvalue":false,"admincount":false,"description":"Members of this group can create incoming, one-way trusts to this forest","whencreated":1749200687,"samaccoutname":"Incoming Forest Trust Builders"},"Members":[],"Aces":[{"RightName":"Owns","IsInherited":false,"PrincipalSID":"S-1-5-21-3516374454-2761537032-415496107-512","PrincipalType":"Group"},{"RightName":"GenericAll","IsInherited":false,"PrincipalSID":"S-1-5-21-3516374454-2761537032-415496107-512","PrincipalType":"Group"},{"RightName":"GenericAll","IsInherited":false,"PrincipalSID":"PANTHEON.GOD-S-1-5-32-548","PrincipalType":"Group"},{"RightName":"GenericAll","IsInherited":true,"PrincipalSID":"S-1-5-21-3516374454-2761537032-415496107-519","PrincipalType":"Group"},{"RightName":"GenericWrite","IsInherited":true,"PrincipalSID":"PANTHEON.GOD-S-1-5-32-544","PrincipalType":"Group"},{"RightName":"WriteOwner","IsInherited":true,"PrincipalSID":"PANTHEON.GOD-S-1-5-32-544","PrincipalType":"Group"},{"RightName":"WriteDacl","IsInherited":true,"PrincipalSID":"PANTHEON.GOD-S-1-5-32-544","PrincipalType":"Group"}]},{"ObjectIdentifier":"PANTHEON.GOD-S-1-5-32-560","IsDeleted":false,"IsACLProtected":false,"Properties":{"domain":"PANTHEON.GOD","domainsid":"S-1-5-21-3516374454-2761537032-415496107","name":"WINDOWS AUTHORIZATION ACCESS GROUP@PANTHEON.GOD","distinguishedname":"CN=WINDOWS AUTHORIZATION ACCESS GROUP,CN=BUILTIN,DC=PANTHEON,DC=GOD","samaccountname":null,"highvalue":false,"admincount":false,"description":"Members of this group have access to the computed tokenGroupsGlobalAndUniversal attribute on User objects","whencreated":1749200687,"samaccoutname":"Windows Authorization Access Group"},"Members":[{"ObjectIdentifier":"PANTHEON.GOD-S-1-5-9","ObjectType":"Group"}],"Aces":[{"RightName":"Owns","IsInherited":false,"PrincipalSID":"S-1-5-21-3516374454-2761537032-415496107-512","PrincipalType":"Group"},{"RightName":"GenericAll","IsInherited":false,"PrincipalSID":"S-1-5-21-3516374454-2761537032-415496107-512","PrincipalType":"Group"},{"RightName":"GenericAll","IsInherited":false,"PrincipalSID":"PANTHEON.GOD-S-1-5-32-548","PrincipalType":"Group"},{"RightName":"GenericAll","IsInherited":true,"PrincipalSID":"S-1-5-21-3516374454-2761537032-415496107-519","PrincipalType":"Group"},{"RightName":"GenericWrite","IsInherited":true,"PrincipalSID":"PANTHEON.GOD-S-1-5-32-544","PrincipalType":"Group"},{"RightName":"WriteOwner","IsInherited":true,"PrincipalSID":"PANTHEON.GOD-S-1-5-32-544","PrincipalType":"Group"},{"RightName":"WriteDacl","IsInherited":true,"PrincipalSID":"PANTHEON.GOD-S-1-5-32-544","PrincipalType":"Group"}]},{"ObjectIdentifier":"PANTHEON.GOD-S-1-5-32-561","IsDeleted":false,"IsACLProtected":false,"Properties":{"domain":"PANTHEON.GOD","domainsid":"S-1-5-21-3516374454-2761537032-415496107","name":"TERMINAL SERVER LICENSE SERVERS@PANTHEON.GOD","distinguishedname":"CN=TERMINAL SERVER LICENSE SERVERS,CN=BUILTIN,DC=PANTHEON,DC=GOD","samaccountname":null,"highvalue":false,"admincount":false,"description":"Members of this group can update user accounts in Active Directory with information about license issuance, for the purpose of tracking and reporting TS Per User CAL usage","whencreated":1749200687,"samaccoutname":"Terminal Server License Servers"},"Members":[],"Aces":[{"RightName":"Owns","IsInherited":false,"PrincipalSID":"S-1-5-21-3516374454-2761537032-415496107-512","PrincipalType":"Group"},{"RightName":"GenericAll","IsInherited":false,"PrincipalSID":"S-1-5-21-3516374454-2761537032-415496107-512","PrincipalType":"Group"},{"RightName":"GenericAll","IsInherited":false,"PrincipalSID":"PANTHEON.GOD-S-1-5-32-548","PrincipalType":"Group"},{"RightName":"GenericAll","IsInherited":true,"PrincipalSID":"S-1-5-21-3516374454-2761537032-415496107-519","PrincipalType":"Group"},{"RightName":"GenericWrite","IsInherited":true,"PrincipalSID":"PANTHEON.GOD-S-1-5-32-544","PrincipalType":"Group"},{"RightName":"WriteOwner","IsInherited":true,"PrincipalSID":"PANTHEON.GOD-S-1-5-32-544","PrincipalType":"Group"},{"RightName":"WriteDacl","IsInherited":true,"PrincipalSID":"PANTHEON.GOD-S-1-5-32-544","PrincipalType":"Group"}]},{"ObjectIdentifier":"S-1-5-21-3516374454-2761537032-415496107-1104","IsDeleted":false,"IsACLProtected":false,"Properties":{"domain":"PANTHEON.GOD","domainsid":"S-1-5-21-3516374454-2761537032-415496107","name":"OLYMPE-SERVICES-MANAGERS@PANTHEON.GOD","distinguishedname":"CN=OLYMPE-SERVICES-MANAGERS,CN=USERS,DC=PANTHEON,DC=GOD","samaccountname":null,"highvalue":false,"admincount":false,"description":"Gestionnaires des services de l'Olympe","whencreated":1749201732,"samaccoutname":"OLYMPE-SERVICES-MANAGERS"},"Members":[{"ObjectIdentifier":"S-1-5-21-3516374454-2761537032-415496107-1115","ObjectType":"User"}],"Aces":[{"RightName":"Owns","IsInherited":false,"PrincipalSID":"S-1-5-21-3516374454-2761537032-415496107-512","PrincipalType":"Group"},{"RightName":"GenericAll","IsInherited":false,"PrincipalSID":"S-1-5-21-3516374454-2761537032-415496107-512","PrincipalType":"Group"},{"RightName":"GenericAll","IsInherited":false,"PrincipalSID":"PANTHEON.GOD-S-1-5-32-548","PrincipalType":"Group"},{"RightName":"GenericAll","IsInherited":true,"PrincipalSID":"S-1-5-21-3516374454-2761537032-415496107-519","PrincipalType":"Group"},{"RightName":"GenericWrite","IsInherited":true,"PrincipalSID":"PANTHEON.GOD-S-1-5-32-544","PrincipalType":"Group"},{"RightName":"WriteOwner","IsInherited":true,"PrincipalSID":"PANTHEON.GOD-S-1-5-32-544","PrincipalType":"Group"},{"RightName":"WriteDacl","IsInherited":true,"PrincipalSID":"PANTHEON.GOD-S-1-5-32-544","PrincipalType":"Group"}]},{"ObjectIdentifier":"S-1-5-21-3516374454-2761537032-415496107-515","IsDeleted":false,"IsACLProtected":false,"Properties":{"domain":"PANTHEON.GOD","domainsid":"S-1-5-21-3516374454-2761537032-415496107","name":"DOMAIN COMPUTERS@PANTHEON.GOD","distinguishedname":"CN=DOMAIN COMPUTERS,CN=USERS,DC=PANTHEON,DC=GOD","samaccountname":null,"highvalue":false,"admincount":false,"description":"All workstations and servers joined to the domain","whencreated":1749200687,"samaccoutname":"Domain Computers"},"Members":[],"Aces":[{"RightName":"Owns","IsInherited":false,"PrincipalSID":"S-1-5-21-3516374454-2761537032-415496107-512","PrincipalType":"Group"},{"RightName":"GenericAll","IsInherited":false,"PrincipalSID":"S-1-5-21-3516374454-2761537032-415496107-512","PrincipalType":"Group"},{"RightName":"GenericAll","IsInherited":false,"PrincipalSID":"PANTHEON.GOD-S-1-5-32-548","PrincipalType":"Group"},{"RightName":"GenericAll","IsInherited":true,"PrincipalSID":"S-1-5-21-3516374454-2761537032-415496107-519","PrincipalType":"Group"},{"RightName":"GenericWrite","IsInherited":true,"PrincipalSID":"PANTHEON.GOD-S-1-5-32-544","PrincipalType":"Group"},{"RightName":"WriteOwner","IsInherited":true,"PrincipalSID":"PANTHEON.GOD-S-1-5-32-544","PrincipalType":"Group"},{"RightName":"WriteDacl","IsInherited":true,"PrincipalSID":"PANTHEON.GOD-S-1-5-32-544","PrincipalType":"Group"}]},{"ObjectIdentifier":"S-1-5-21-3516374454-2761537032-415496107-516","IsDeleted":false,"IsACLProtected":true,"Properties":{"domain":"PANTHEON.GOD","domainsid":"S-1-5-21-3516374454-2761537032-415496107","name":"DOMAIN CONTROLLERS@PANTHEON.GOD","distinguishedname":"CN=DOMAIN CONTROLLERS,CN=USERS,DC=PANTHEON,DC=GOD","samaccountname":null,"highvalue":true,"admincount":true,"description":"All domain controllers in the domain","whencreated":1749200687,"samaccoutname":"Domain Controllers"},"Members":[],"Aces":[{"RightName":"Owns","IsInherited":false,"PrincipalSID":"S-1-5-21-3516374454-2761537032-415496107-512","PrincipalType":"Group"},{"RightName":"GenericWrite","IsInherited":false,"PrincipalSID":"S-1-5-21-3516374454-2761537032-415496107-512","PrincipalType":"Group"},{"RightName":"WriteOwner","IsInherited":false,"PrincipalSID":"S-1-5-21-3516374454-2761537032-415496107-512","PrincipalType":"Group"},{"RightName":"WriteDacl","IsInherited":false,"PrincipalSID":"S-1-5-21-3516374454-2761537032-415496107-512","PrincipalType":"Group"},{"RightName":"GenericWrite","IsInherited":false,"PrincipalSID":"S-1-5-21-3516374454-2761537032-415496107-519","PrincipalType":"Group"},{"RightName":"WriteOwner","IsInherited":false,"PrincipalSID":"S-1-5-21-3516374454-2761537032-415496107-519","PrincipalType":"Group"},{"RightName":"WriteDacl","IsInherited":false,"PrincipalSID":"S-1-5-21-3516374454-2761537032-415496107-519","PrincipalType":"Group"},{"RightName":"GenericWrite","IsInherited":false,"PrincipalSID":"PANTHEON.GOD-S-1-5-32-544","PrincipalType":"Group"},{"RightName":"WriteOwner","IsInherited":false,"PrincipalSID":"PANTHEON.GOD-S-1-5-32-544","PrincipalType":"Group"},{"RightName":"WriteDacl","IsInherited":false,"PrincipalSID":"PANTHEON.GOD-S-1-5-32-544","PrincipalType":"Group"}]},{"ObjectIdentifier":"S-1-5-21-3516374454-2761537032-415496107-518","IsDeleted":false,"IsACLProtected":true,"Properties":{"domain":"PANTHEON.GOD","domainsid":"S-1-5-21-3516374454-2761537032-415496107","name":"SCHEMA ADMINS@PANTHEON.GOD","distinguishedname":"CN=SCHEMA ADMINS,CN=USERS,DC=PANTHEON,DC=GOD","samaccountname":null,"highvalue":false,"admincount":true,"description":"Designated administrators of the schema","whencreated":1749200687,"samaccoutname":"Schema Admins"},"Members":[{"ObjectIdentifier":"S-1-5-21-3516374454-2761537032-415496107-500","ObjectType":"User"}],"Aces":[{"RightName":"Owns","IsInherited":false,"PrincipalSID":"S-1-5-21-3516374454-2761537032-415496107-512","PrincipalType":"Group"},{"RightName":"GenericWrite","IsInherited":false,"PrincipalSID":"S-1-5-21-3516374454-2761537032-415496107-512","PrincipalType":"Group"},{"RightName":"WriteOwner","IsInherited":false,"PrincipalSID":"S-1-5-21-3516374454-2761537032-415496107-512","PrincipalType":"Group"},{"RightName":"WriteDacl","IsInherited":false,"PrincipalSID":"S-1-5-21-3516374454-2761537032-415496107-512","PrincipalType":"Group"},{"RightName":"GenericWrite","IsInherited":false,"PrincipalSID":"S-1-5-21-3516374454-2761537032-415496107-519","PrincipalType":"Group"},{"RightName":"WriteOwner","IsInherited":false,"PrincipalSID":"S-1-5-21-3516374454-2761537032-415496107-519","PrincipalType":"Group"},{"RightName":"WriteDacl","IsInherited":false,"PrincipalSID":"S-1-5-21-3516374454-2761537032-415496107-519","PrincipalType":"Group"},{"RightName":"GenericWrite","IsInherited":false,"PrincipalSID":"PANTHEON.GOD-S-1-5-32-544","PrincipalType":"Group"},{"RightName":"WriteOwner","IsInherited":false,"PrincipalSID":"PANTHEON.GOD-S-1-5-32-544","PrincipalType":"Group"},{"RightName":"WriteDacl","IsInherited":false,"PrincipalSID":"PANTHEON.GOD-S-1-5-32-544","PrincipalType":"Group"}]},{"ObjectIdentifier":"S-1-5-21-3516374454-2761537032-415496107-519","IsDeleted":false,"IsACLProtected":true,"Properties":{"domain":"PANTHEON.GOD","domainsid":"S-1-5-21-3516374454-2761537032-415496107","name":"ENTERPRISE ADMINS@PANTHEON.GOD","distinguishedname":"CN=ENTERPRISE ADMINS,CN=USERS,DC=PANTHEON,DC=GOD","samaccountname":null,"highvalue":true,"admincount":true,"description":"Designated administrators of the enterprise","whencreated":1749200687,"samaccoutname":"Enterprise Admins"},"Members":[{"ObjectIdentifier":"S-1-5-21-3516374454-2761537032-415496107-1111","ObjectType":"User"},{"ObjectIdentifier":"S-1-5-21-3516374454-2761537032-415496107-500","ObjectType":"User"}],"Aces":[{"RightName":"Owns","IsInherited":false,"PrincipalSID":"S-1-5-21-3516374454-2761537032-415496107-512","PrincipalType":"Group"},{"RightName":"GenericWrite","IsInherited":false,"PrincipalSID":"S-1-5-21-3516374454-2761537032-415496107-512","PrincipalType":"Group"},{"RightName":"WriteOwner","IsInherited":false,"PrincipalSID":"S-1-5-21-3516374454-2761537032-415496107-512","PrincipalType":"Group"},{"RightName":"WriteDacl","IsInherited":false,"PrincipalSID":"S-1-5-21-3516374454-2761537032-415496107-512","PrincipalType":"Group"},{"RightName":"GenericWrite","IsInherited":false,"PrincipalSID":"S-1-5-21-3516374454-2761537032-415496107-519","PrincipalType":"Group"},{"RightName":"WriteOwner","IsInherited":false,"PrincipalSID":"S-1-5-21-3516374454-2761537032-415496107-519","PrincipalType":"Group"},{"RightName":"WriteDacl","IsInherited":false,"PrincipalSID":"S-1-5-21-3516374454-2761537032-415496107-519","PrincipalType":"Group"},{"RightName":"GenericWrite","IsInherited":false,"PrincipalSID":"PANTHEON.GOD-S-1-5-32-544","PrincipalType":"Group"},{"RightName":"WriteOwner","IsInherited":false,"PrincipalSID":"PANTHEON.GOD-S-1-5-32-544","PrincipalType":"Group"},{"RightName":"WriteDacl","IsInherited":false,"PrincipalSID":"PANTHEON.GOD-S-1-5-32-544","PrincipalType":"Group"}]},{"ObjectIdentifier":"S-1-5-21-3516374454-2761537032-415496107-517","IsDeleted":false,"IsACLProtected":false,"Properties":{"domain":"PANTHEON.GOD","domainsid":"S-1-5-21-3516374454-2761537032-415496107","name":"CERT PUBLISHERS@PANTHEON.GOD","distinguishedname":"CN=CERT PUBLISHERS,CN=USERS,DC=PANTHEON,DC=GOD","samaccountname":null,"highvalue":false,"admincount":false,"description":"Members of this group are permitted to publish certificates to the directory","whencreated":1749200687,"samaccoutname":"Cert Publishers"},"Members":[{"ObjectIdentifier":"S-1-5-21-3516374454-2761537032-415496107-1001","ObjectType":"Computer"}],"Aces":[{"RightName":"Owns","IsInherited":false,"PrincipalSID":"S-1-5-21-3516374454-2761537032-415496107-512","PrincipalType":"Group"},{"RightName":"GenericAll","IsInherited":false,"PrincipalSID":"S-1-5-21-3516374454-2761537032-415496107-512","PrincipalType":"Group"},{"RightName":"GenericAll","IsInherited":false,"PrincipalSID":"PANTHEON.GOD-S-1-5-32-548","PrincipalType":"Group"},{"RightName":"GenericAll","IsInherited":true,"PrincipalSID":"S-1-5-21-3516374454-2761537032-415496107-519","PrincipalType":"Group"},{"RightName":"GenericWrite","IsInherited":true,"PrincipalSID":"PANTHEON.GOD-S-1-5-32-544","PrincipalType":"Group"},{"RightName":"WriteOwner","IsInherited":true,"PrincipalSID":"PANTHEON.GOD-S-1-5-32-544","PrincipalType":"Group"},{"RightName":"WriteDacl","IsInherited":true,"PrincipalSID":"PANTHEON.GOD-S-1-5-32-544","PrincipalType":"Group"}]},{"ObjectIdentifier":"S-1-5-21-3516374454-2761537032-415496107-512","IsDeleted":false,"IsACLProtected":true,"Properties":{"domain":"PANTHEON.GOD","domainsid":"S-1-5-21-3516374454-2761537032-415496107","name":"DOMAIN ADMINS@PANTHEON.GOD","distinguishedname":"CN=DOMAIN ADMINS,CN=USERS,DC=PANTHEON,DC=GOD","samaccountname":null,"highvalue":true,"admincount":true,"description":"Designated administrators of the domain","whencreated":1749200687,"samaccoutname":"Domain Admins"},"Members":[{"ObjectIdentifier":"S-1-5-21-3516374454-2761537032-415496107-1111","ObjectType":"User"},{"ObjectIdentifier":"S-1-5-21-3516374454-2761537032-415496107-500","ObjectType":"User"}],"Aces":[{"RightName":"Owns","IsInherited":false,"PrincipalSID":"S-1-5-21-3516374454-2761537032-415496107-512","PrincipalType":"Group"},{"RightName":"GenericWrite","IsInherited":false,"PrincipalSID":"S-1-5-21-3516374454-2761537032-415496107-512","PrincipalType":"Group"},{"RightName":"WriteOwner","IsInherited":false,"PrincipalSID":"S-1-5-21-3516374454-2761537032-415496107-512","PrincipalType":"Group"},{"RightName":"WriteDacl","IsInherited":false,"PrincipalSID":"S-1-5-21-3516374454-2761537032-415496107-512","PrincipalType":"Group"},{"RightName":"GenericWrite","IsInherited":false,"PrincipalSID":"S-1-5-21-3516374454-2761537032-415496107-519","PrincipalType":"Group"},{"RightName":"WriteOwner","IsInherited":false,"PrincipalSID":"S-1-5-21-3516374454-2761537032-415496107-519","PrincipalType":"Group"},{"RightName":"WriteDacl","IsInherited":false,"PrincipalSID":"S-1-5-21-3516374454-2761537032-415496107-519","PrincipalType":"Group"},{"RightName":"GenericWrite","IsInherited":false,"PrincipalSID":"PANTHEON.GOD-S-1-5-32-544","PrincipalType":"Group"},{"RightName":"WriteOwner","IsInherited":false,"PrincipalSID":"PANTHEON.GOD-S-1-5-32-544","PrincipalType":"Group"},{"RightName":"WriteDacl","IsInherited":false,"PrincipalSID":"PANTHEON.GOD-S-1-5-32-544","PrincipalType":"Group"}]},{"ObjectIdentifier":"S-1-5-21-3516374454-2761537032-415496107-513","IsDeleted":false,"IsACLProtected":false,"Properties":{"domain":"PANTHEON.GOD","domainsid":"S-1-5-21-3516374454-2761537032-415496107","name":"DOMAIN USERS@PANTHEON.GOD","distinguishedname":"CN=DOMAIN USERS,CN=USERS,DC=PANTHEON,DC=GOD","samaccountname":null,"highvalue":false,"admincount":false,"description":"All domain users","whencreated":1749200687,"samaccoutname":"Domain Users"},"Members":[],"Aces":[{"RightName":"Owns","IsInherited":false,"PrincipalSID":"S-1-5-21-3516374454-2761537032-415496107-512","PrincipalType":"Group"},{"RightName":"GenericAll","IsInherited":false,"PrincipalSID":"S-1-5-21-3516374454-2761537032-415496107-512","PrincipalType":"Group"},{"RightName":"GenericAll","IsInherited":false,"PrincipalSID":"PANTHEON.GOD-S-1-5-32-548","PrincipalType":"Group"},{"RightName":"GenericAll","IsInherited":true,"PrincipalSID":"S-1-5-21-3516374454-2761537032-415496107-519","PrincipalType":"Group"},{"RightName":"GenericWrite","IsInherited":true,"PrincipalSID":"PANTHEON.GOD-S-1-5-32-544","PrincipalType":"Group"},{"RightName":"WriteOwner","IsInherited":true,"PrincipalSID":"PANTHEON.GOD-S-1-5-32-544","PrincipalType":"Group"},{"RightName":"WriteDacl","IsInherited":true,"PrincipalSID":"PANTHEON.GOD-S-1-5-32-544","PrincipalType":"Group"}]},{"ObjectIdentifier":"S-1-5-21-3516374454-2761537032-415496107-514","IsDeleted":false,"IsACLProtected":false,"Properties":{"domain":"PANTHEON.GOD","domainsid":"S-1-5-21-3516374454-2761537032-415496107","name":"DOMAIN GUESTS@PANTHEON.GOD","distinguishedname":"CN=DOMAIN GUESTS,CN=USERS,DC=PANTHEON,DC=GOD","samaccountname":null,"highvalue":false,"admincount":false,"description":"All domain guests","whencreated":1749200687,"samaccoutname":"Domain Guests"},"Members":[],"Aces":[{"RightName":"Owns","IsInherited":false,"PrincipalSID":"S-1-5-21-3516374454-2761537032-415496107-512","PrincipalType":"Group"},{"RightName":"GenericAll","IsInherited":false,"PrincipalSID":"S-1-5-21-3516374454-2761537032-415496107-512","PrincipalType":"Group"},{"RightName":"GenericAll","IsInherited":false,"PrincipalSID":"PANTHEON.GOD-S-1-5-32-548","PrincipalType":"Group"},{"RightName":"GenericAll","IsInherited":true,"PrincipalSID":"S-1-5-21-3516374454-2761537032-415496107-519","PrincipalType":"Group"},{"RightName":"GenericWrite","IsInherited":true,"PrincipalSID":"PANTHEON.GOD-S-1-5-32-544","PrincipalType":"Group"},{"RightName":"WriteOwner","IsInherited":true,"PrincipalSID":"PANTHEON.GOD-S-1-5-32-544","PrincipalType":"Group"},{"RightName":"WriteDacl","IsInherited":true,"PrincipalSID":"PANTHEON.GOD-S-1-5-32-544","PrincipalType":"Group"}]},{"ObjectIdentifier":"S-1-5-21-3516374454-2761537032-415496107-520","IsDeleted":false,"IsACLProtected":false,"Properties":{"domain":"PANTHEON.GOD","domainsid":"S-1-5-21-3516374454-2761537032-415496107","name":"GROUP POLICY CREATOR OWNERS@PANTHEON.GOD","distinguishedname":"CN=GROUP POLICY CREATOR OWNERS,CN=USERS,DC=PANTHEON,DC=GOD","samaccountname":null,"highvalue":true,"admincount":false,"description":"Members in this group can modify group policy for the domain","whencreated":1749200687,"samaccoutname":"Group Policy Creator Owners"},"Members":[{"ObjectIdentifier":"S-1-5-21-3516374454-2761537032-415496107-500","ObjectType":"User"}],"Aces":[{"RightName":"Owns","IsInherited":false,"PrincipalSID":"S-1-5-21-3516374454-2761537032-415496107-512","PrincipalType":"Group"},{"RightName":"GenericAll","IsInherited":false,"PrincipalSID":"S-1-5-21-3516374454-2761537032-415496107-512","PrincipalType":"Group"},{"RightName":"GenericAll","IsInherited":false,"PrincipalSID":"PANTHEON.GOD-S-1-5-32-548","PrincipalType":"Group"},{"RightName":"GenericAll","IsInherited":true,"PrincipalSID":"S-1-5-21-3516374454-2761537032-415496107-519","PrincipalType":"Group"},{"RightName":"GenericWrite","IsInherited":true,"PrincipalSID":"PANTHEON.GOD-S-1-5-32-544","PrincipalType":"Group"},{"RightName":"WriteOwner","IsInherited":true,"PrincipalSID":"PANTHEON.GOD-S-1-5-32-544","PrincipalType":"Group"},{"RightName":"WriteDacl","IsInherited":true,"PrincipalSID":"PANTHEON.GOD-S-1-5-32-544","PrincipalType":"Group"}]},{"ObjectIdentifier":"S-1-5-21-3516374454-2761537032-415496107-553","IsDeleted":false,"IsACLProtected":false,"Properties":{"domain":"PANTHEON.GOD","domainsid":"S-1-5-21-3516374454-2761537032-415496107","name":"RAS AND IAS SERVERS@PANTHEON.GOD","distinguishedname":"CN=RAS AND IAS SERVERS,CN=USERS,DC=PANTHEON,DC=GOD","samaccountname":null,"highvalue":false,"admincount":false,"description":"Servers in this group can access remote access properties of users","whencreated":1749200687,"samaccoutname":"RAS and IAS Servers"},"Members":[],"Aces":[{"RightName":"Owns","IsInherited":false,"PrincipalSID":"S-1-5-21-3516374454-2761537032-415496107-512","PrincipalType":"Group"},{"RightName":"GenericAll","IsInherited":false,"PrincipalSID":"S-1-5-21-3516374454-2761537032-415496107-512","PrincipalType":"Group"},{"RightName":"GenericAll","IsInherited":false,"PrincipalSID":"PANTHEON.GOD-S-1-5-32-548","PrincipalType":"Group"},{"RightName":"GenericAll","IsInherited":true,"PrincipalSID":"S-1-5-21-3516374454-2761537032-415496107-519","PrincipalType":"Group"},{"RightName":"GenericWrite","IsInherited":true,"PrincipalSID":"PANTHEON.GOD-S-1-5-32-544","PrincipalType":"Group"},{"RightName":"WriteOwner","IsInherited":true,"PrincipalSID":"PANTHEON.GOD-S-1-5-32-544","PrincipalType":"Group"},{"RightName":"WriteDacl","IsInherited":true,"PrincipalSID":"PANTHEON.GOD-S-1-5-32-544","PrincipalType":"Group"}]},{"ObjectIdentifier":"S-1-5-21-3516374454-2761537032-415496107-571","IsDeleted":false,"IsACLProtected":false,"Properties":{"domain":"PANTHEON.GOD","domainsid":"S-1-5-21-3516374454-2761537032-415496107","name":"ALLOWED RODC PASSWORD REPLICATION GROUP@PANTHEON.GOD","distinguishedname":"CN=ALLOWED RODC PASSWORD REPLICATION GROUP,CN=USERS,DC=PANTHEON,DC=GOD","samaccountname":null,"highvalue":false,"admincount":false,"description":"Members in this group can have their passwords replicated to all read-only domain controllers in the domain","whencreated":1749200687,"samaccoutname":"Allowed RODC Password Replication Group"},"Members":[],"Aces":[{"RightName":"Owns","IsInherited":false,"PrincipalSID":"S-1-5-21-3516374454-2761537032-415496107-512","PrincipalType":"Group"},{"RightName":"GenericAll","IsInherited":false,"PrincipalSID":"S-1-5-21-3516374454-2761537032-415496107-512","PrincipalType":"Group"},{"RightName":"GenericAll","IsInherited":false,"PrincipalSID":"PANTHEON.GOD-S-1-5-32-548","PrincipalType":"Group"},{"RightName":"GenericAll","IsInherited":true,"PrincipalSID":"S-1-5-21-3516374454-2761537032-415496107-519","PrincipalType":"Group"},{"RightName":"GenericWrite","IsInherited":true,"PrincipalSID":"PANTHEON.GOD-S-1-5-32-544","PrincipalType":"Group"},{"RightName":"WriteOwner","IsInherited":true,"PrincipalSID":"PANTHEON.GOD-S-1-5-32-544","PrincipalType":"Group"},{"RightName":"WriteDacl","IsInherited":true,"PrincipalSID":"PANTHEON.GOD-S-1-5-32-544","PrincipalType":"Group"}]},{"ObjectIdentifier":"S-1-5-21-3516374454-2761537032-415496107-572","IsDeleted":false,"IsACLProtected":false,"Properties":{"domain":"PANTHEON.GOD","domainsid":"S-1-5-21-3516374454-2761537032-415496107","name":"DENIED RODC PASSWORD REPLICATION GROUP@PANTHEON.GOD","distinguishedname":"CN=DENIED RODC PASSWORD REPLICATION GROUP,CN=USERS,DC=PANTHEON,DC=GOD","samaccountname":null,"highvalue":false,"admincount":false,"description":"Members in this group cannot have their passwords replicated to any read-only domain controllers in the domain","whencreated":1749200687,"samaccoutname":"Denied RODC Password Replication Group"},"Members":[{"ObjectIdentifier":"S-1-5-21-3516374454-2761537032-415496107-521","ObjectType":"Group"},{"ObjectIdentifier":"S-1-5-21-3516374454-2761537032-415496107-520","ObjectType":"Group"},{"ObjectIdentifier":"S-1-5-21-3516374454-2761537032-415496107-512","ObjectType":"Group"},{"ObjectIdentifier":"S-1-5-21-3516374454-2761537032-415496107-517","ObjectType":"Group"},{"ObjectIdentifier":"S-1-5-21-3516374454-2761537032-415496107-519","ObjectType":"Group"},{"ObjectIdentifier":"S-1-5-21-3516374454-2761537032-415496107-518","ObjectType":"Group"},{"ObjectIdentifier":"S-1-5-21-3516374454-2761537032-415496107-516","ObjectType":"Group"},{"ObjectIdentifier":"S-1-5-21-3516374454-2761537032-415496107-502","ObjectType":"User"}],"Aces":[{"RightName":"Owns","IsInherited":false,"PrincipalSID":"S-1-5-21-3516374454-2761537032-415496107-512","PrincipalType":"Group"},{"RightName":"GenericAll","IsInherited":false,"PrincipalSID":"S-1-5-21-3516374454-2761537032-415496107-512","PrincipalType":"Group"},{"RightName":"GenericAll","IsInherited":false,"PrincipalSID":"PANTHEON.GOD-S-1-5-32-548","PrincipalType":"Group"},{"RightName":"GenericAll","IsInherited":true,"PrincipalSID":"S-1-5-21-3516374454-2761537032-415496107-519","PrincipalType":"Group"},{"RightName":"GenericWrite","IsInherited":true,"PrincipalSID":"PANTHEON.GOD-S-1-5-32-544","PrincipalType":"Group"},{"RightName":"WriteOwner","IsInherited":true,"PrincipalSID":"PANTHEON.GOD-S-1-5-32-544","PrincipalType":"Group"},{"RightName":"WriteDacl","IsInherited":true,"PrincipalSID":"PANTHEON.GOD-S-1-5-32-544","PrincipalType":"Group"}]},{"ObjectIdentifier":"S-1-5-21-3516374454-2761537032-415496107-521","IsDeleted":false,"IsACLProtected":true,"Properties":{"domain":"PANTHEON.GOD","domainsid":"S-1-5-21-3516374454-2761537032-415496107","name":"READ-ONLY DOMAIN CONTROLLERS@PANTHEON.GOD","distinguishedname":"CN=READ-ONLY DOMAIN CONTROLLERS,CN=USERS,DC=PANTHEON,DC=GOD","samaccountname":null,"highvalue":false,"admincount":true,"description":"Members of this group are Read-Only Domain Controllers in the domain","whencreated":1749200687,"samaccoutname":"Read-only Domain Controllers"},"Members":[],"Aces":[{"RightName":"Owns","IsInherited":false,"PrincipalSID":"S-1-5-21-3516374454-2761537032-415496107-512","PrincipalType":"Group"},{"RightName":"GenericWrite","IsInherited":false,"PrincipalSID":"S-1-5-21-3516374454-2761537032-415496107-512","PrincipalType":"Group"},{"RightName":"WriteOwner","IsInherited":false,"PrincipalSID":"S-1-5-21-3516374454-2761537032-415496107-512","PrincipalType":"Group"},{"RightName":"WriteDacl","IsInherited":false,"PrincipalSID":"S-1-5-21-3516374454-2761537032-415496107-512","PrincipalType":"Group"},{"RightName":"GenericWrite","IsInherited":false,"PrincipalSID":"S-1-5-21-3516374454-2761537032-415496107-519","PrincipalType":"Group"},{"RightName":"WriteOwner","IsInherited":false,"PrincipalSID":"S-1-5-21-3516374454-2761537032-415496107-519","PrincipalType":"Group"},{"RightName":"WriteDacl","IsInherited":false,"PrincipalSID":"S-1-5-21-3516374454-2761537032-415496107-519","PrincipalType":"Group"},{"RightName":"GenericWrite","IsInherited":false,"PrincipalSID":"PANTHEON.GOD-S-1-5-32-544","PrincipalType":"Group"},{"RightName":"WriteOwner","IsInherited":false,"PrincipalSID":"PANTHEON.GOD-S-1-5-32-544","PrincipalType":"Group"},{"RightName":"WriteDacl","IsInherited":false,"PrincipalSID":"PANTHEON.GOD-S-1-5-32-544","PrincipalType":"Group"}]},{"ObjectIdentifier":"S-1-5-21-3516374454-2761537032-415496107-498","IsDeleted":false,"IsACLProtected":false,"Properties":{"domain":"PANTHEON.GOD","domainsid":"S-1-5-21-3516374454-2761537032-415496107","name":"ENTERPRISE READ-ONLY DOMAIN CONTROLLERS@PANTHEON.GOD","distinguishedname":"CN=ENTERPRISE READ-ONLY DOMAIN CONTROLLERS,CN=USERS,DC=PANTHEON,DC=GOD","samaccountname":null,"highvalue":false,"admincount":false,"description":"Members of this group are Read-Only Domain Controllers in the enterprise","whencreated":1749200687,"samaccoutname":"Enterprise Read-only Domain Controllers"},"Members":[],"Aces":[{"RightName":"Owns","IsInherited":false,"PrincipalSID":"S-1-5-21-3516374454-2761537032-415496107-512","PrincipalType":"Group"},{"RightName":"GenericAll","IsInherited":false,"PrincipalSID":"S-1-5-21-3516374454-2761537032-415496107-512","PrincipalType":"Group"},{"RightName":"GenericAll","IsInherited":false,"PrincipalSID":"PANTHEON.GOD-S-1-5-32-548","PrincipalType":"Group"},{"RightName":"GenericAll","IsInherited":true,"PrincipalSID":"S-1-5-21-3516374454-2761537032-415496107-519","PrincipalType":"Group"},{"RightName":"GenericWrite","IsInherited":true,"PrincipalSID":"PANTHEON.GOD-S-1-5-32-544","PrincipalType":"Group"},{"RightName":"WriteOwner","IsInherited":true,"PrincipalSID":"PANTHEON.GOD-S-1-5-32-544","PrincipalType":"Group"},{"RightName":"WriteDacl","IsInherited":true,"PrincipalSID":"PANTHEON.GOD-S-1-5-32-544","PrincipalType":"Group"}]},{"ObjectIdentifier":"S-1-5-21-3516374454-2761537032-415496107-522","IsDeleted":false,"IsACLProtected":false,"Properties":{"domain":"PANTHEON.GOD","domainsid":"S-1-5-21-3516374454-2761537032-415496107","name":"CLONEABLE DOMAIN CONTROLLERS@PANTHEON.GOD","distinguishedname":"CN=CLONEABLE DOMAIN CONTROLLERS,CN=USERS,DC=PANTHEON,DC=GOD","samaccountname":null,"highvalue":false,"admincount":false,"description":"Members of this group that are domain controllers may be cloned.","whencreated":1749200687,"samaccoutname":"Cloneable Domain Controllers"},"Members":[],"Aces":[{"RightName":"Owns","IsInherited":false,"PrincipalSID":"S-1-5-21-3516374454-2761537032-415496107-512","PrincipalType":"Group"},{"RightName":"GenericAll","IsInherited":false,"PrincipalSID":"S-1-5-21-3516374454-2761537032-415496107-512","PrincipalType":"Group"},{"RightName":"GenericAll","IsInherited":false,"PrincipalSID":"PANTHEON.GOD-S-1-5-32-548","PrincipalType":"Group"},{"RightName":"GenericAll","IsInherited":true,"PrincipalSID":"S-1-5-21-3516374454-2761537032-415496107-519","PrincipalType":"Group"},{"RightName":"GenericWrite","IsInherited":true,"PrincipalSID":"PANTHEON.GOD-S-1-5-32-544","PrincipalType":"Group"},{"RightName":"WriteOwner","IsInherited":true,"PrincipalSID":"PANTHEON.GOD-S-1-5-32-544","PrincipalType":"Group"},{"RightName":"WriteDacl","IsInherited":true,"PrincipalSID":"PANTHEON.GOD-S-1-5-32-544","PrincipalType":"Group"}]},{"ObjectIdentifier":"S-1-5-21-3516374454-2761537032-415496107-525","IsDeleted":false,"IsACLProtected":false,"Properties":{"domain":"PANTHEON.GOD","domainsid":"S-1-5-21-3516374454-2761537032-415496107","name":"PROTECTED USERS@PANTHEON.GOD","distinguishedname":"CN=PROTECTED USERS,CN=USERS,DC=PANTHEON,DC=GOD","samaccountname":null,"highvalue":false,"admincount":false,"description":"Members of this group are afforded additional protections against authentication security threats. See http://go.microsoft.com/fwlink/?LinkId=298939 for more information.","whencreated":1749200687,"samaccoutname":"Protected Users"},"Members":[],"Aces":[{"RightName":"Owns","IsInherited":false,"PrincipalSID":"S-1-5-21-3516374454-2761537032-415496107-512","PrincipalType":"Group"},{"RightName":"GenericAll","IsInherited":false,"PrincipalSID":"S-1-5-21-3516374454-2761537032-415496107-512","PrincipalType":"Group"},{"RightName":"GenericAll","IsInherited":false,"PrincipalSID":"PANTHEON.GOD-S-1-5-32-548","PrincipalType":"Group"},{"RightName":"GenericAll","IsInherited":true,"PrincipalSID":"S-1-5-21-3516374454-2761537032-415496107-519","PrincipalType":"Group"},{"RightName":"GenericWrite","IsInherited":true,"PrincipalSID":"PANTHEON.GOD-S-1-5-32-544","PrincipalType":"Group"},{"RightName":"WriteOwner","IsInherited":true,"PrincipalSID":"PANTHEON.GOD-S-1-5-32-544","PrincipalType":"Group"},{"RightName":"WriteDacl","IsInherited":true,"PrincipalSID":"PANTHEON.GOD-S-1-5-32-544","PrincipalType":"Group"}]},{"ObjectIdentifier":"S-1-5-21-3516374454-2761537032-415496107-526","IsDeleted":false,"IsACLProtected":true,"Properties":{"domain":"PANTHEON.GOD","domainsid":"S-1-5-21-3516374454-2761537032-415496107","name":"KEY ADMINS@PANTHEON.GOD","distinguishedname":"CN=KEY ADMINS,CN=USERS,DC=PANTHEON,DC=GOD","samaccountname":null,"highvalue":false,"admincount":true,"description":"Members of this group can perform administrative actions on key objects within the domain.","whencreated":1749200687,"samaccoutname":"Key Admins"},"Members":[],"Aces":[{"RightName":"Owns","IsInherited":false,"PrincipalSID":"S-1-5-21-3516374454-2761537032-415496107-512","PrincipalType":"Group"},{"RightName":"GenericWrite","IsInherited":false,"PrincipalSID":"S-1-5-21-3516374454-2761537032-415496107-512","PrincipalType":"Group"},{"RightName":"WriteOwner","IsInherited":false,"PrincipalSID":"S-1-5-21-3516374454-2761537032-415496107-512","PrincipalType":"Group"},{"RightName":"WriteDacl","IsInherited":false,"PrincipalSID":"S-1-5-21-3516374454-2761537032-415496107-512","PrincipalType":"Group"},{"RightName":"GenericWrite","IsInherited":false,"PrincipalSID":"S-1-5-21-3516374454-2761537032-415496107-519","PrincipalType":"Group"},{"RightName":"WriteOwner","IsInherited":false,"PrincipalSID":"S-1-5-21-3516374454-2761537032-415496107-519","PrincipalType":"Group"},{"RightName":"WriteDacl","IsInherited":false,"PrincipalSID":"S-1-5-21-3516374454-2761537032-415496107-519","PrincipalType":"Group"},{"RightName":"GenericWrite","IsInherited":false,"PrincipalSID":"PANTHEON.GOD-S-1-5-32-544","PrincipalType":"Group"},{"RightName":"WriteOwner","IsInherited":false,"PrincipalSID":"PANTHEON.GOD-S-1-5-32-544","PrincipalType":"Group"},{"RightName":"WriteDacl","IsInherited":false,"PrincipalSID":"PANTHEON.GOD-S-1-5-32-544","PrincipalType":"Group"}]},{"ObjectIdentifier":"S-1-5-21-3516374454-2761537032-415496107-527","IsDeleted":false,"IsACLProtected":true,"Properties":{"domain":"PANTHEON.GOD","domainsid":"S-1-5-21-3516374454-2761537032-415496107","name":"ENTERPRISE KEY ADMINS@PANTHEON.GOD","distinguishedname":"CN=ENTERPRISE KEY ADMINS,CN=USERS,DC=PANTHEON,DC=GOD","samaccountname":null,"highvalue":false,"admincount":true,"description":"Members of this group can perform administrative actions on key objects within the forest.","whencreated":1749200687,"samaccoutname":"Enterprise Key Admins"},"Members":[],"Aces":[{"RightName":"Owns","IsInherited":false,"PrincipalSID":"S-1-5-21-3516374454-2761537032-415496107-512","PrincipalType":"Group"},{"RightName":"GenericWrite","IsInherited":false,"PrincipalSID":"S-1-5-21-3516374454-2761537032-415496107-512","PrincipalType":"Group"},{"RightName":"WriteOwner","IsInherited":false,"PrincipalSID":"S-1-5-21-3516374454-2761537032-415496107-512","PrincipalType":"Group"},{"RightName":"WriteDacl","IsInherited":false,"PrincipalSID":"S-1-5-21-3516374454-2761537032-415496107-512","PrincipalType":"Group"},{"RightName":"GenericWrite","IsInherited":false,"PrincipalSID":"S-1-5-21-3516374454-2761537032-415496107-519","PrincipalType":"Group"},{"RightName":"WriteOwner","IsInherited":false,"PrincipalSID":"S-1-5-21-3516374454-2761537032-415496107-519","PrincipalType":"Group"},{"RightName":"WriteDacl","IsInherited":false,"PrincipalSID":"S-1-5-21-3516374454-2761537032-415496107-519","PrincipalType":"Group"},{"RightName":"GenericWrite","IsInherited":false,"PrincipalSID":"PANTHEON.GOD-S-1-5-32-544","PrincipalType":"Group"},{"RightName":"WriteOwner","IsInherited":false,"PrincipalSID":"PANTHEON.GOD-S-1-5-32-544","PrincipalType":"Group"},{"RightName":"WriteDacl","IsInherited":false,"PrincipalSID":"PANTHEON.GOD-S-1-5-32-544","PrincipalType":"Group"}]},{"ObjectIdentifier":"S-1-5-21-3516374454-2761537032-415496107-528","IsDeleted":false,"IsACLProtected":false,"Properties":{"domain":"PANTHEON.GOD","domainsid":"S-1-5-21-3516374454-2761537032-415496107","name":"FOREST TRUST ACCOUNTS@PANTHEON.GOD","distinguishedname":"CN=FOREST TRUST ACCOUNTS,CN=USERS,DC=PANTHEON,DC=GOD","samaccountname":null,"highvalue":false,"admincount":false,"description":"All forest trust accounts in the forest.","whencreated":1749200687,"samaccoutname":"Forest Trust Accounts"},"Members":[],"Aces":[{"RightName":"Owns","IsInherited":false,"PrincipalSID":"S-1-5-21-3516374454-2761537032-415496107-512","PrincipalType":"Group"},{"RightName":"GenericAll","IsInherited":false,"PrincipalSID":"S-1-5-21-3516374454-2761537032-415496107-512","PrincipalType":"Group"},{"RightName":"GenericAll","IsInherited":false,"PrincipalSID":"PANTHEON.GOD-S-1-5-32-548","PrincipalType":"Group"},{"RightName":"GenericAll","IsInherited":true,"PrincipalSID":"S-1-5-21-3516374454-2761537032-415496107-519","PrincipalType":"Group"},{"RightName":"GenericWrite","IsInherited":true,"PrincipalSID":"PANTHEON.GOD-S-1-5-32-544","PrincipalType":"Group"},{"RightName":"WriteOwner","IsInherited":true,"PrincipalSID":"PANTHEON.GOD-S-1-5-32-544","PrincipalType":"Group"},{"RightName":"WriteDacl","IsInherited":true,"PrincipalSID":"PANTHEON.GOD-S-1-5-32-544","PrincipalType":"Group"}]},{"ObjectIdentifier":"S-1-5-21-3516374454-2761537032-415496107-529","IsDeleted":false,"IsACLProtected":false,"Properties":{"domain":"PANTHEON.GOD","domainsid":"S-1-5-21-3516374454-2761537032-415496107","name":"EXTERNAL TRUST ACCOUNTS@PANTHEON.GOD","distinguishedname":"CN=EXTERNAL TRUST ACCOUNTS,CN=USERS,DC=PANTHEON,DC=GOD","samaccountname":null,"highvalue":false,"admincount":false,"description":"All external trust accounts in the domain.","whencreated":1749200687,"samaccoutname":"External Trust Accounts"},"Members":[],"Aces":[{"RightName":"Owns","IsInherited":false,"PrincipalSID":"S-1-5-21-3516374454-2761537032-415496107-512","PrincipalType":"Group"},{"RightName":"GenericAll","IsInherited":false,"PrincipalSID":"S-1-5-21-3516374454-2761537032-415496107-512","PrincipalType":"Group"},{"RightName":"GenericAll","IsInherited":false,"PrincipalSID":"PANTHEON.GOD-S-1-5-32-548","PrincipalType":"Group"},{"RightName":"GenericAll","IsInherited":true,"PrincipalSID":"S-1-5-21-3516374454-2761537032-415496107-519","PrincipalType":"Group"},{"RightName":"GenericWrite","IsInherited":true,"PrincipalSID":"PANTHEON.GOD-S-1-5-32-544","PrincipalType":"Group"},{"RightName":"WriteOwner","IsInherited":true,"PrincipalSID":"PANTHEON.GOD-S-1-5-32-544","PrincipalType":"Group"},{"RightName":"WriteDacl","IsInherited":true,"PrincipalSID":"PANTHEON.GOD-S-1-5-32-544","PrincipalType":"Group"}]},{"ObjectIdentifier":"S-1-5-21-3516374454-2761537032-415496107-1102","IsDeleted":false,"IsACLProtected":false,"Properties":{"domain":"PANTHEON.GOD","domainsid":"S-1-5-21-3516374454-2761537032-415496107","name":"DNSADMINS@PANTHEON.GOD","distinguishedname":"CN=DNSADMINS,CN=USERS,DC=PANTHEON,DC=GOD","samaccountname":null,"highvalue":false,"admincount":false,"description":"DNS Administrators Group","whencreated":1749200726,"samaccoutname":"DnsAdmins"},"Members":[],"Aces":[{"RightName":"Owns","IsInherited":false,"PrincipalSID":"PANTHEON.GOD-S-1-5-18","PrincipalType":"Group"},{"RightName":"GenericAll","IsInherited":false,"PrincipalSID":"S-1-5-21-3516374454-2761537032-415496107-512","PrincipalType":"Group"},{"RightName":"GenericAll","IsInherited":false,"PrincipalSID":"PANTHEON.GOD-S-1-5-32-548","PrincipalType":"Group"},{"RightName":"GenericAll","IsInherited":true,"PrincipalSID":"S-1-5-21-3516374454-2761537032-415496107-519","PrincipalType":"Group"},{"RightName":"GenericWrite","IsInherited":true,"PrincipalSID":"PANTHEON.GOD-S-1-5-32-544","PrincipalType":"Group"},{"RightName":"WriteOwner","IsInherited":true,"PrincipalSID":"PANTHEON.GOD-S-1-5-32-544","PrincipalType":"Group"},{"RightName":"WriteDacl","IsInherited":true,"PrincipalSID":"PANTHEON.GOD-S-1-5-32-544","PrincipalType":"Group"}]},{"ObjectIdentifier":"S-1-5-21-3516374454-2761537032-415496107-1103","IsDeleted":false,"IsACLProtected":false,"Properties":{"domain":"PANTHEON.GOD","domainsid":"S-1-5-21-3516374454-2761537032-415496107","name":"DNSUPDATEPROXY@PANTHEON.GOD","distinguishedname":"CN=DNSUPDATEPROXY,CN=USERS,DC=PANTHEON,DC=GOD","samaccountname":null,"highvalue":false,"admincount":false,"description":"DNS clients who are permitted to perform dynamic updates on behalf of some other clients (such as DHCP servers).","whencreated":1749200726,"samaccoutname":"DnsUpdateProxy"},"Members":[],"Aces":[{"RightName":"Owns","IsInherited":false,"PrincipalSID":"PANTHEON.GOD-S-1-5-18","PrincipalType":"Group"},{"RightName":"GenericAll","IsInherited":false,"PrincipalSID":"S-1-5-21-3516374454-2761537032-415496107-512","PrincipalType":"Group"},{"RightName":"GenericAll","IsInherited":false,"PrincipalSID":"PANTHEON.GOD-S-1-5-32-548","PrincipalType":"Group"},{"RightName":"GenericAll","IsInherited":true,"PrincipalSID":"S-1-5-21-3516374454-2761537032-415496107-519","PrincipalType":"Group"},{"RightName":"GenericWrite","IsInherited":true,"PrincipalSID":"PANTHEON.GOD-S-1-5-32-544","PrincipalType":"Group"},{"RightName":"WriteOwner","IsInherited":true,"PrincipalSID":"PANTHEON.GOD-S-1-5-32-544","PrincipalType":"Group"},{"RightName":"WriteDacl","IsInherited":true,"PrincipalSID":"PANTHEON.GOD-S-1-5-32-544","PrincipalType":"Group"}]},{"Members":[{"ObjectIdentifier":"S-1-5-21-3516374454-2761537032-415496107-1001","ObjectType":"Computer"}],"Aces":[],"ObjectIdentifier":"PANTHEON.GOD-S-1-5-9","IsDeleted":false,"IsACLProtected":false,"Properties":{"name":"ENTERPRISE DOMAIN CONTROLLERS@PANTHEON.GOD","domainsid":"S-1-5-21-3516374454-2761537032-415496107","domain":"PANTHEON.GOD","highvalue":false}},{"Members":[],"Aces":[],"ObjectIdentifier":"PANTHEON.GOD-S-1-5-32-548","IsDeleted":false,"IsACLProtected":false,"Properties":{"name":"ACCOUNT OPERATORS@PANTHEON.GOD","domainsid":"S-1-5-21-3516374454-2761537032-415496107","domain":"PANTHEON.GOD","highvalue":true}},{"Members":[],"Aces":[],"ObjectIdentifier":"PANTHEON.GOD-S-1-5-32-560","IsDeleted":false,"IsACLProtected":false,"Properties":{"name":"WINDOWS AUTHORIZATION ACCESS GROUP@PANTHEON.GOD","domainsid":"S-1-5-21-3516374454-2761537032-415496107","domain":"PANTHEON.GOD","highvalue":false}},{"Members":[{"ObjectIdentifier":"S-1-5-21-3516374454-2761537032-415496107-515","ObjectType":"Group"},{"ObjectIdentifier":"S-1-5-21-3516374454-2761537032-415496107-513","ObjectType":"Group"}],"Aces":[],"ObjectIdentifier":"PANTHEON.GOD-S-1-1-0","IsDeleted":false,"IsACLProtected":false,"Properties":{"name":"EVERYONE@PANTHEON.GOD","domainsid":"S-1-5-21-3516374454-2761537032-415496107","domain":"PANTHEON.GOD","highvalue":false}},{"Members":[{"ObjectIdentifier":"S-1-5-21-3516374454-2761537032-415496107-515","ObjectType":"Group"},{"ObjectIdentifier":"S-1-5-21-3516374454-2761537032-415496107-513","ObjectType":"Group"}],"Aces":[],"ObjectIdentifier":"PANTHEON.GOD-S-1-5-11","IsDeleted":false,"IsACLProtected":false,"Properties":{"name":"AUTHENTICATED USERS@PANTHEON.GOD","domainsid":"S-1-5-21-3516374454-2761537032-415496107","domain":"PANTHEON.GOD","highvalue":false}},{"Members":[],"Aces":[],"ObjectIdentifier":"PANTHEON.GOD-S-1-5-32-544","IsDeleted":false,"IsACLProtected":false,"Properties":{"name":"ADMINISTRATORS@PANTHEON.GOD","domainsid":"S-1-5-21-3516374454-2761537032-415496107","domain":"PANTHEON.GOD","highvalue":true}},{"Members":[],"Aces":[],"ObjectIdentifier":"PANTHEON.GOD-S-1-5-32-554","IsDeleted":false,"IsACLProtected":false,"Properties":{"name":"PRE-WINDOWS 2000 COMPATIBLE ACCESS@PANTHEON.GOD","domainsid":"S-1-5-21-3516374454-2761537032-415496107","domain":"PANTHEON.GOD","highvalue":false}},{"Members":[],"Aces":[],"ObjectIdentifier":"PANTHEON.GOD-S-1-5-4","IsDeleted":false,"IsACLProtected":false,"Properties":{"name":"INTERACTIVE@PANTHEON.GOD","domainsid":"S-1-5-21-3516374454-2761537032-415496107","domain":"PANTHEON.GOD","highvalue":false}},{"Members":[],"Aces":[],"ObjectIdentifier":"PANTHEON.GOD-S-1-5-32-550","IsDeleted":false,"IsACLProtected":false,"Properties":{"name":"PRINT OPERATORS@PANTHEON.GOD","domainsid":"S-1-5-21-3516374454-2761537032-415496107","domain":"PANTHEON.GOD","highvalue":true}},{"Members":[],"Aces":[],"ObjectIdentifier":"PANTHEON.GOD-S-1-5-32-561","IsDeleted":false,"IsACLProtected":false,"Properties":{"name":"TERMINAL SERVER LICENSE SERVERS@PANTHEON.GOD","domainsid":"S-1-5-21-3516374454-2761537032-415496107","domain":"PANTHEON.GOD","highvalue":false}},{"Members":[],"Aces":[],"ObjectIdentifier":"PANTHEON.GOD-S-1-5-32-557","IsDeleted":false,"IsACLProtected":false,"Properties":{"name":"INCOMING FOREST TRUST BUILDERS@PANTHEON.GOD","domainsid":"S-1-5-21-3516374454-2761537032-415496107","domain":"PANTHEON.GOD","highvalue":false}},{"Members":[],"Aces":[],"ObjectIdentifier":"PANTHEON.GOD-S-1-5-15","IsDeleted":false,"IsACLProtected":false,"Properties":{"name":"THIS ORGANIZATION@PANTHEON.GOD","domainsid":"S-1-5-21-3516374454-2761537032-415496107","domain":"PANTHEON.GOD","highvalue":false}}],"meta":{"methods":0,"type":"groups","count":69,"version":5}}