{"data":[{"ObjectIdentifier":"S-1-5-21-3516374454-2761537032-415496107-1110","IsDeleted":false,"IsACLProtected":false,"Properties":{"domain":"PANTHEON.GOD","name":"SVC_THUNDERB$@PANTHEON.GOD","domainsid":"S-1-5-21-3516374454-2761537032-415496107","distinguishedname":"CN=SVC_THUNDERB,OU=OLYMPIENS,DC=PANTHEON,DC=GOD","highvalue":false,"description":null,"whencreated":1749201778,"sensitive":false,"dontreqpreauth":false,"passwordnotreqd":false,"unconstraineddelegation":false,"pwdneverexpires":false,"enabled":true,"trustedtoauth":false,"lastlogon":-1,"lastlogontimestamp":-1,"pwdlastset":1749201778,"serviceprincipalnames":["HTTP/thunderbolt.pantheon.god","HTTP/thunderbolt"],"hasspn":true,"displayname":null,"email":null,"title":null,"homedirectory":null,"logonscript":null,"samaccountname":"svc_thunderB$","userpassword":null,"unixpassword":null,"unicodepassword":null,"sfupassword":null,"admincount":false,"sidhistory":[],"allowedtodelegate":[]},"PrimaryGroupSID":"S-1-5-21-3516374454-2761537032-415496107-515","SPNTargets":[],"Aces":[{"RightName":"Owns","IsInherited":false,"PrincipalSID":"S-1-5-21-3516374454-2761537032-415496107-512","PrincipalType":"Group"},{"RightName":"AllExtendedRights","IsInherited":false,"PrincipalSID":"S-1-5-21-3516374454-2761537032-415496107-512","PrincipalType":"Group"},{"RightName":"GenericAll","IsInherited":false,"PrincipalSID":"S-1-5-21-3516374454-2761537032-415496107-512","PrincipalType":"Group"},{"RightName":"GenericAll","IsInherited":false,"PrincipalSID":"PANTHEON.GOD-S-1-5-32-548","PrincipalType":"Group"},{"RightName":"AddKeyCredentialLink","IsInherited":true,"PrincipalSID":"S-1-5-21-3516374454-2761537032-415496107-526","PrincipalType":"Group"},{"RightName":"AddKeyCredentialLink","IsInherited":true,"PrincipalSID":"S-1-5-21-3516374454-2761537032-415496107-527","PrincipalType":"Group"},{"RightName":"GenericAll","IsInherited":true,"PrincipalSID":"S-1-5-21-3516374454-2761537032-415496107-519","PrincipalType":"Group"},{"RightName":"GenericWrite","IsInherited":true,"PrincipalSID":"PANTHEON.GOD-S-1-5-32-544","PrincipalType":"Group"},{"RightName":"WriteOwner","IsInherited":true,"PrincipalSID":"PANTHEON.GOD-S-1-5-32-544","PrincipalType":"Group"},{"RightName":"AllExtendedRights","IsInherited":true,"PrincipalSID":"PANTHEON.GOD-S-1-5-32-544","PrincipalType":"Group"},{"RightName":"WriteDacl","IsInherited":true,"PrincipalSID":"PANTHEON.GOD-S-1-5-32-544","PrincipalType":"Group"},{"RightName":"ReadGMSAPassword","IsInherited":false,"PrincipalSID":"S-1-5-21-3516374454-2761537032-415496107-1104","PrincipalType":"Group"}],"AllowedToDelegate":[],"HasSIDHistory":[]},{"ObjectIdentifier":"S-1-5-21-3516374454-2761537032-415496107-1124","IsDeleted":false,"IsACLProtected":false,"Properties":{"domain":"PANTHEON.GOD","name":"THESEUS@PANTHEON.GOD","domainsid":"S-1-5-21-3516374454-2761537032-415496107","distinguishedname":"CN=THESEUS,OU=OLYMPIENS,DC=PANTHEON,DC=GOD","highvalue":false,"description":"Roi d'Athènes, vainqueur du Minotaure.","whencreated":1749201875,"sensitive":false,"dontreqpreauth":false,"passwordnotreqd":false,"unconstraineddelegation":false,"pwdneverexpires":true,"enabled":true,"trustedtoauth":false,"lastlogon":-1,"lastlogontimestamp":-1,"pwdlastset":1749204494,"serviceprincipalnames":[],"hasspn":false,"displayname":null,"email":null,"title":null,"homedirectory":null,"logonscript":null,"samaccountname":"theseus","userpassword":null,"unixpassword":null,"unicodepassword":null,"sfupassword":null,"admincount":false,"sidhistory":[],"allowedtodelegate":[]},"PrimaryGroupSID":"S-1-5-21-3516374454-2761537032-415496107-513","SPNTargets":[],"Aces":[{"RightName":"Owns","IsInherited":false,"PrincipalSID":"S-1-5-21-3516374454-2761537032-415496107-512","PrincipalType":"Group"},{"RightName":"GenericAll","IsInherited":false,"PrincipalSID":"S-1-5-21-3516374454-2761537032-415496107-512","PrincipalType":"Group"},{"RightName":"GenericAll","IsInherited":false,"PrincipalSID":"PANTHEON.GOD-S-1-5-32-548","PrincipalType":"Group"},{"RightName":"AddKeyCredentialLink","IsInherited":true,"PrincipalSID":"S-1-5-21-3516374454-2761537032-415496107-526","PrincipalType":"Group"},{"RightName":"AddKeyCredentialLink","IsInherited":true,"PrincipalSID":"S-1-5-21-3516374454-2761537032-415496107-527","PrincipalType":"Group"},{"RightName":"GenericAll","IsInherited":true,"PrincipalSID":"S-1-5-21-3516374454-2761537032-415496107-519","PrincipalType":"Group"},{"RightName":"GenericWrite","IsInherited":true,"PrincipalSID":"PANTHEON.GOD-S-1-5-32-544","PrincipalType":"Group"},{"RightName":"WriteOwner","IsInherited":true,"PrincipalSID":"PANTHEON.GOD-S-1-5-32-544","PrincipalType":"Group"},{"RightName":"AllExtendedRights","IsInherited":true,"PrincipalSID":"PANTHEON.GOD-S-1-5-32-544","PrincipalType":"Group"},{"RightName":"WriteDacl","IsInherited":true,"PrincipalSID":"PANTHEON.GOD-S-1-5-32-544","PrincipalType":"Group"}],"AllowedToDelegate":[],"HasSIDHistory":[]},{"ObjectIdentifier":"S-1-5-21-3516374454-2761537032-415496107-1125","IsDeleted":false,"IsACLProtected":false,"Properties":{"domain":"PANTHEON.GOD","name":"PERSEUS@PANTHEON.GOD","domainsid":"S-1-5-21-3516374454-2761537032-415496107","distinguishedname":"CN=PERSEUS,OU=OLYMPIENS,DC=PANTHEON,DC=GOD","highvalue":false,"description":"Vainqueur de Méduse, fils de Zeus et Danaé.","whencreated":1749201881,"sensitive":false,"dontreqpreauth":false,"passwordnotreqd":false,"unconstraineddelegation":false,"pwdneverexpires":true,"enabled":true,"trustedtoauth":false,"lastlogon":-1,"lastlogontimestamp":-1,"pwdlastset":1749204501,"serviceprincipalnames":[],"hasspn":false,"displayname":null,"email":null,"title":null,"homedirectory":null,"logonscript":null,"samaccountname":"perseus","userpassword":null,"unixpassword":null,"unicodepassword":null,"sfupassword":null,"admincount":false,"sidhistory":[],"allowedtodelegate":[]},"PrimaryGroupSID":"S-1-5-21-3516374454-2761537032-415496107-513","SPNTargets":[],"Aces":[{"RightName":"Owns","IsInherited":false,"PrincipalSID":"S-1-5-21-3516374454-2761537032-415496107-512","PrincipalType":"Group"},{"RightName":"GenericAll","IsInherited":false,"PrincipalSID":"S-1-5-21-3516374454-2761537032-415496107-512","PrincipalType":"Group"},{"RightName":"GenericAll","IsInherited":false,"PrincipalSID":"PANTHEON.GOD-S-1-5-32-548","PrincipalType":"Group"},{"RightName":"AddKeyCredentialLink","IsInherited":true,"PrincipalSID":"S-1-5-21-3516374454-2761537032-415496107-526","PrincipalType":"Group"},{"RightName":"AddKeyCredentialLink","IsInherited":true,"PrincipalSID":"S-1-5-21-3516374454-2761537032-415496107-527","PrincipalType":"Group"},{"RightName":"GenericAll","IsInherited":true,"PrincipalSID":"S-1-5-21-3516374454-2761537032-415496107-519","PrincipalType":"Group"},{"RightName":"GenericWrite","IsInherited":true,"PrincipalSID":"PANTHEON.GOD-S-1-5-32-544","PrincipalType":"Group"},{"RightName":"WriteOwner","IsInherited":true,"PrincipalSID":"PANTHEON.GOD-S-1-5-32-544","PrincipalType":"Group"},{"RightName":"AllExtendedRights","IsInherited":true,"PrincipalSID":"PANTHEON.GOD-S-1-5-32-544","PrincipalType":"Group"},{"RightName":"WriteDacl","IsInherited":true,"PrincipalSID":"PANTHEON.GOD-S-1-5-32-544","PrincipalType":"Group"}],"AllowedToDelegate":[],"HasSIDHistory":[]},{"ObjectIdentifier":"S-1-5-21-3516374454-2761537032-415496107-1126","IsDeleted":false,"IsACLProtected":false,"Properties":{"domain":"PANTHEON.GOD","name":"ULYSSE@PANTHEON.GOD","domainsid":"S-1-5-21-3516374454-2761537032-415496107","distinguishedname":"CN=ULYSSE,OU=OLYMPIENS,DC=PANTHEON,DC=GOD","highvalue":false,"description":"Roi d'Ithaque, héros de la guerre de Troie.","whencreated":1749201888,"sensitive":false,"dontreqpreauth":false,"passwordnotreqd":false,"unconstraineddelegation":false,"pwdneverexpires":true,"enabled":true,"trustedtoauth":false,"lastlogon":-1,"lastlogontimestamp":-1,"pwdlastset":1749204507,"serviceprincipalnames":[],"hasspn":false,"displayname":null,"email":null,"title":null,"homedirectory":null,"logonscript":null,"samaccountname":"ulysse","userpassword":null,"unixpassword":null,"unicodepassword":null,"sfupassword":null,"admincount":false,"sidhistory":[],"allowedtodelegate":[]},"PrimaryGroupSID":"S-1-5-21-3516374454-2761537032-415496107-513","SPNTargets":[],"Aces":[{"RightName":"Owns","IsInherited":false,"PrincipalSID":"S-1-5-21-3516374454-2761537032-415496107-512","PrincipalType":"Group"},{"RightName":"GenericAll","IsInherited":false,"PrincipalSID":"S-1-5-21-3516374454-2761537032-415496107-512","PrincipalType":"Group"},{"RightName":"GenericAll","IsInherited":false,"PrincipalSID":"PANTHEON.GOD-S-1-5-32-548","PrincipalType":"Group"},{"RightName":"AddKeyCredentialLink","IsInherited":true,"PrincipalSID":"S-1-5-21-3516374454-2761537032-415496107-526","PrincipalType":"Group"},{"RightName":"AddKeyCredentialLink","IsInherited":true,"PrincipalSID":"S-1-5-21-3516374454-2761537032-415496107-527","PrincipalType":"Group"},{"RightName":"GenericAll","IsInherited":true,"PrincipalSID":"S-1-5-21-3516374454-2761537032-415496107-519","PrincipalType":"Group"},{"RightName":"GenericWrite","IsInherited":true,"PrincipalSID":"PANTHEON.GOD-S-1-5-32-544","PrincipalType":"Group"},{"RightName":"WriteOwner","IsInherited":true,"PrincipalSID":"PANTHEON.GOD-S-1-5-32-544","PrincipalType":"Group"},{"RightName":"AllExtendedRights","IsInherited":true,"PrincipalSID":"PANTHEON.GOD-S-1-5-32-544","PrincipalType":"Group"},{"RightName":"WriteDacl","IsInherited":true,"PrincipalSID":"PANTHEON.GOD-S-1-5-32-544","PrincipalType":"Group"}],"AllowedToDelegate":[],"HasSIDHistory":[]},{"ObjectIdentifier":"S-1-5-21-3516374454-2761537032-415496107-1127","IsDeleted":false,"IsACLProtected":false,"Properties":{"domain":"PANTHEON.GOD","name":"JASON@PANTHEON.GOD","domainsid":"S-1-5-21-3516374454-2761537032-415496107","distinguishedname":"CN=JASON,OU=OLYMPIENS,DC=PANTHEON,DC=GOD","highvalue":false,"description":"Chef des Argonautes, à la recherche de la Toison d'Or.","whencreated":1749201895,"sensitive":false,"dontreqpreauth":false,"passwordnotreqd":false,"unconstraineddelegation":false,"pwdneverexpires":true,"enabled":true,"trustedtoauth":false,"lastlogon":-1,"lastlogontimestamp":-1,"pwdlastset":1749204514,"serviceprincipalnames":[],"hasspn":false,"displayname":null,"email":null,"title":null,"homedirectory":null,"logonscript":null,"samaccountname":"jason","userpassword":null,"unixpassword":null,"unicodepassword":null,"sfupassword":null,"admincount":false,"sidhistory":[],"allowedtodelegate":[]},"PrimaryGroupSID":"S-1-5-21-3516374454-2761537032-415496107-513","SPNTargets":[],"Aces":[{"RightName":"Owns","IsInherited":false,"PrincipalSID":"S-1-5-21-3516374454-2761537032-415496107-512","PrincipalType":"Group"},{"RightName":"GenericAll","IsInherited":false,"PrincipalSID":"S-1-5-21-3516374454-2761537032-415496107-512","PrincipalType":"Group"},{"RightName":"GenericAll","IsInherited":false,"PrincipalSID":"PANTHEON.GOD-S-1-5-32-548","PrincipalType":"Group"},{"RightName":"AddKeyCredentialLink","IsInherited":true,"PrincipalSID":"S-1-5-21-3516374454-2761537032-415496107-526","PrincipalType":"Group"},{"RightName":"AddKeyCredentialLink","IsInherited":true,"PrincipalSID":"S-1-5-21-3516374454-2761537032-415496107-527","PrincipalType":"Group"},{"RightName":"GenericAll","IsInherited":true,"PrincipalSID":"S-1-5-21-3516374454-2761537032-415496107-519","PrincipalType":"Group"},{"RightName":"GenericWrite","IsInherited":true,"PrincipalSID":"PANTHEON.GOD-S-1-5-32-544","PrincipalType":"Group"},{"RightName":"WriteOwner","IsInherited":true,"PrincipalSID":"PANTHEON.GOD-S-1-5-32-544","PrincipalType":"Group"},{"RightName":"AllExtendedRights","IsInherited":true,"PrincipalSID":"PANTHEON.GOD-S-1-5-32-544","PrincipalType":"Group"},{"RightName":"WriteDacl","IsInherited":true,"PrincipalSID":"PANTHEON.GOD-S-1-5-32-544","PrincipalType":"Group"}],"AllowedToDelegate":[],"HasSIDHistory":[]},{"ObjectIdentifier":"S-1-5-21-3516374454-2761537032-415496107-1130","IsDeleted":false,"IsACLProtected":false,"Properties":{"domain":"PANTHEON.GOD","name":"ASCLEPIOS@PANTHEON.GOD","domainsid":"S-1-5-21-3516374454-2761537032-415496107","distinguishedname":"CN=ASCLEPIOS,OU=OLYMPIENS,DC=PANTHEON,DC=GOD","highvalue":false,"description":"Fils d'Apollon et de Coronis","whencreated":1749201916,"sensitive":false,"dontreqpreauth":false,"passwordnotreqd":false,"unconstraineddelegation":false,"pwdneverexpires":true,"enabled":true,"trustedtoauth":false,"lastlogon":-1,"lastlogontimestamp":-1,"pwdlastset":1749204535,"serviceprincipalnames":[],"hasspn":false,"displayname":null,"email":null,"title":null,"homedirectory":null,"logonscript":null,"samaccountname":"asclepios","userpassword":null,"unixpassword":null,"unicodepassword":null,"sfupassword":null,"admincount":false,"sidhistory":[],"allowedtodelegate":[]},"PrimaryGroupSID":"S-1-5-21-3516374454-2761537032-415496107-513","SPNTargets":[],"Aces":[{"RightName":"Owns","IsInherited":false,"PrincipalSID":"S-1-5-21-3516374454-2761537032-415496107-512","PrincipalType":"Group"},{"RightName":"GenericAll","IsInherited":false,"PrincipalSID":"S-1-5-21-3516374454-2761537032-415496107-512","PrincipalType":"Group"},{"RightName":"GenericAll","IsInherited":false,"PrincipalSID":"PANTHEON.GOD-S-1-5-32-548","PrincipalType":"Group"},{"RightName":"AddKeyCredentialLink","IsInherited":true,"PrincipalSID":"S-1-5-21-3516374454-2761537032-415496107-526","PrincipalType":"Group"},{"RightName":"AddKeyCredentialLink","IsInherited":true,"PrincipalSID":"S-1-5-21-3516374454-2761537032-415496107-527","PrincipalType":"Group"},{"RightName":"GenericAll","IsInherited":true,"PrincipalSID":"S-1-5-21-3516374454-2761537032-415496107-519","PrincipalType":"Group"},{"RightName":"GenericWrite","IsInherited":true,"PrincipalSID":"PANTHEON.GOD-S-1-5-32-544","PrincipalType":"Group"},{"RightName":"WriteOwner","IsInherited":true,"PrincipalSID":"PANTHEON.GOD-S-1-5-32-544","PrincipalType":"Group"},{"RightName":"AllExtendedRights","IsInherited":true,"PrincipalSID":"PANTHEON.GOD-S-1-5-32-544","PrincipalType":"Group"},{"RightName":"WriteDacl","IsInherited":true,"PrincipalSID":"PANTHEON.GOD-S-1-5-32-544","PrincipalType":"Group"}],"AllowedToDelegate":[],"HasSIDHistory":[]},{"ObjectIdentifier":"S-1-5-21-3516374454-2761537032-415496107-1131","IsDeleted":false,"IsACLProtected":false,"Properties":{"domain":"PANTHEON.GOD","name":"PSYCHE@PANTHEON.GOD","domainsid":"S-1-5-21-3516374454-2761537032-415496107","distinguishedname":"CN=PSYCHE,OU=OLYMPIENS,DC=PANTHEON,DC=GOD","highvalue":false,"description":"Mortelle, épouse d'Éros/cupidon","whencreated":1749201922,"sensitive":false,"dontreqpreauth":false,"passwordnotreqd":false,"unconstraineddelegation":false,"pwdneverexpires":true,"enabled":true,"trustedtoauth":false,"lastlogon":-1,"lastlogontimestamp":-1,"pwdlastset":1749204542,"serviceprincipalnames":[],"hasspn":false,"displayname":null,"email":null,"title":null,"homedirectory":null,"logonscript":null,"samaccountname":"psyche","userpassword":null,"unixpassword":null,"unicodepassword":null,"sfupassword":null,"admincount":false,"sidhistory":[],"allowedtodelegate":[]},"PrimaryGroupSID":"S-1-5-21-3516374454-2761537032-415496107-513","SPNTargets":[],"Aces":[{"RightName":"Owns","IsInherited":false,"PrincipalSID":"S-1-5-21-3516374454-2761537032-415496107-512","PrincipalType":"Group"},{"RightName":"GenericAll","IsInherited":false,"PrincipalSID":"S-1-5-21-3516374454-2761537032-415496107-512","PrincipalType":"Group"},{"RightName":"GenericAll","IsInherited":false,"PrincipalSID":"PANTHEON.GOD-S-1-5-32-548","PrincipalType":"Group"},{"RightName":"AddKeyCredentialLink","IsInherited":true,"PrincipalSID":"S-1-5-21-3516374454-2761537032-415496107-526","PrincipalType":"Group"},{"RightName":"AddKeyCredentialLink","IsInherited":true,"PrincipalSID":"S-1-5-21-3516374454-2761537032-415496107-527","PrincipalType":"Group"},{"RightName":"GenericAll","IsInherited":true,"PrincipalSID":"S-1-5-21-3516374454-2761537032-415496107-519","PrincipalType":"Group"},{"RightName":"GenericWrite","IsInherited":true,"PrincipalSID":"PANTHEON.GOD-S-1-5-32-544","PrincipalType":"Group"},{"RightName":"WriteOwner","IsInherited":true,"PrincipalSID":"PANTHEON.GOD-S-1-5-32-544","PrincipalType":"Group"},{"RightName":"AllExtendedRights","IsInherited":true,"PrincipalSID":"PANTHEON.GOD-S-1-5-32-544","PrincipalType":"Group"},{"RightName":"WriteDacl","IsInherited":true,"PrincipalSID":"PANTHEON.GOD-S-1-5-32-544","PrincipalType":"Group"}],"AllowedToDelegate":[],"HasSIDHistory":[]},{"ObjectIdentifier":"S-1-5-21-3516374454-2761537032-415496107-1132","IsDeleted":false,"IsACLProtected":false,"Properties":{"domain":"PANTHEON.GOD","name":"GANYMEDE@PANTHEON.GOD","domainsid":"S-1-5-21-3516374454-2761537032-415496107","distinguishedname":"CN=GANYMEDE,OU=OLYMPIENS,DC=PANTHEON,DC=GOD","highvalue":false,"description":"Prince troyen d'une grande beauté.","whencreated":1749201929,"sensitive":false,"dontreqpreauth":false,"passwordnotreqd":false,"unconstraineddelegation":false,"pwdneverexpires":true,"enabled":true,"trustedtoauth":false,"lastlogon":-1,"lastlogontimestamp":-1,"pwdlastset":1749204549,"serviceprincipalnames":[],"hasspn":false,"displayname":null,"email":null,"title":null,"homedirectory":null,"logonscript":null,"samaccountname":"ganymede","userpassword":null,"unixpassword":null,"unicodepassword":null,"sfupassword":null,"admincount":false,"sidhistory":[],"allowedtodelegate":[]},"PrimaryGroupSID":"S-1-5-21-3516374454-2761537032-415496107-513","SPNTargets":[],"Aces":[{"RightName":"Owns","IsInherited":false,"PrincipalSID":"S-1-5-21-3516374454-2761537032-415496107-512","PrincipalType":"Group"},{"RightName":"GenericAll","IsInherited":false,"PrincipalSID":"S-1-5-21-3516374454-2761537032-415496107-512","PrincipalType":"Group"},{"RightName":"GenericAll","IsInherited":false,"PrincipalSID":"PANTHEON.GOD-S-1-5-32-548","PrincipalType":"Group"},{"RightName":"AddKeyCredentialLink","IsInherited":true,"PrincipalSID":"S-1-5-21-3516374454-2761537032-415496107-526","PrincipalType":"Group"},{"RightName":"AddKeyCredentialLink","IsInherited":true,"PrincipalSID":"S-1-5-21-3516374454-2761537032-415496107-527","PrincipalType":"Group"},{"RightName":"GenericAll","IsInherited":true,"PrincipalSID":"S-1-5-21-3516374454-2761537032-415496107-519","PrincipalType":"Group"},{"RightName":"GenericWrite","IsInherited":true,"PrincipalSID":"PANTHEON.GOD-S-1-5-32-544","PrincipalType":"Group"},{"RightName":"WriteOwner","IsInherited":true,"PrincipalSID":"PANTHEON.GOD-S-1-5-32-544","PrincipalType":"Group"},{"RightName":"AllExtendedRights","IsInherited":true,"PrincipalSID":"PANTHEON.GOD-S-1-5-32-544","PrincipalType":"Group"},{"RightName":"WriteDacl","IsInherited":true,"PrincipalSID":"PANTHEON.GOD-S-1-5-32-544","PrincipalType":"Group"}],"AllowedToDelegate":[],"HasSIDHistory":[]},{"ObjectIdentifier":"S-1-5-21-3516374454-2761537032-415496107-1123","IsDeleted":false,"IsACLProtected":false,"Properties":{"domain":"PANTHEON.GOD","name":"ACHILLE@PANTHEON.GOD","domainsid":"S-1-5-21-3516374454-2761537032-415496107","distinguishedname":"CN=ACHILLE,OU=ELYSEE,OU=ENFERS,DC=PANTHEON,DC=GOD","highvalue":false,"description":"Fils de Thétis (nymphe) et de Pélée (mortel).","whencreated":1749201868,"sensitive":false,"dontreqpreauth":false,"passwordnotreqd":false,"unconstraineddelegation":false,"pwdneverexpires":true,"enabled":true,"trustedtoauth":false,"lastlogon":-1,"lastlogontimestamp":-1,"pwdlastset":1749204487,"serviceprincipalnames":[],"hasspn":false,"displayname":null,"email":null,"title":null,"homedirectory":null,"logonscript":null,"samaccountname":"achille","userpassword":null,"unixpassword":null,"unicodepassword":null,"sfupassword":null,"admincount":false,"sidhistory":[],"allowedtodelegate":[]},"PrimaryGroupSID":"S-1-5-21-3516374454-2761537032-415496107-513","SPNTargets":[],"Aces":[{"RightName":"Owns","IsInherited":false,"PrincipalSID":"S-1-5-21-3516374454-2761537032-415496107-512","PrincipalType":"Group"},{"RightName":"GenericAll","IsInherited":false,"PrincipalSID":"S-1-5-21-3516374454-2761537032-415496107-512","PrincipalType":"Group"},{"RightName":"GenericAll","IsInherited":false,"PrincipalSID":"PANTHEON.GOD-S-1-5-32-548","PrincipalType":"Group"},{"RightName":"AddKeyCredentialLink","IsInherited":true,"PrincipalSID":"S-1-5-21-3516374454-2761537032-415496107-526","PrincipalType":"Group"},{"RightName":"AddKeyCredentialLink","IsInherited":true,"PrincipalSID":"S-1-5-21-3516374454-2761537032-415496107-527","PrincipalType":"Group"},{"RightName":"GenericAll","IsInherited":true,"PrincipalSID":"S-1-5-21-3516374454-2761537032-415496107-519","PrincipalType":"Group"},{"RightName":"GenericWrite","IsInherited":true,"PrincipalSID":"PANTHEON.GOD-S-1-5-32-544","PrincipalType":"Group"},{"RightName":"WriteOwner","IsInherited":true,"PrincipalSID":"PANTHEON.GOD-S-1-5-32-544","PrincipalType":"Group"},{"RightName":"AllExtendedRights","IsInherited":true,"PrincipalSID":"PANTHEON.GOD-S-1-5-32-544","PrincipalType":"Group"},{"RightName":"WriteDacl","IsInherited":true,"PrincipalSID":"PANTHEON.GOD-S-1-5-32-544","PrincipalType":"Group"}],"AllowedToDelegate":[],"HasSIDHistory":[]},{"ObjectIdentifier":"S-1-5-21-3516374454-2761537032-415496107-1128","IsDeleted":false,"IsACLProtected":false,"Properties":{"domain":"PANTHEON.GOD","name":"ORPHEE@PANTHEON.GOD","domainsid":"S-1-5-21-3516374454-2761537032-415496107","distinguishedname":"CN=ORPHEE,OU=ELYSEE,OU=ENFERS,DC=PANTHEON,DC=GOD","highvalue":false,"description":"Musicien légendaire, fils d'Apollon et de Calliope.","whencreated":1749201902,"sensitive":false,"dontreqpreauth":false,"passwordnotreqd":false,"unconstraineddelegation":false,"pwdneverexpires":true,"enabled":true,"trustedtoauth":false,"lastlogon":-1,"lastlogontimestamp":-1,"pwdlastset":1749204522,"serviceprincipalnames":[],"hasspn":false,"displayname":null,"email":null,"title":null,"homedirectory":null,"logonscript":null,"samaccountname":"orphee","userpassword":null,"unixpassword":null,"unicodepassword":null,"sfupassword":null,"admincount":false,"sidhistory":[],"allowedtodelegate":[]},"PrimaryGroupSID":"S-1-5-21-3516374454-2761537032-415496107-513","SPNTargets":[],"Aces":[{"RightName":"Owns","IsInherited":false,"PrincipalSID":"S-1-5-21-3516374454-2761537032-415496107-512","PrincipalType":"Group"},{"RightName":"GenericAll","IsInherited":false,"PrincipalSID":"S-1-5-21-3516374454-2761537032-415496107-512","PrincipalType":"Group"},{"RightName":"GenericAll","IsInherited":false,"PrincipalSID":"PANTHEON.GOD-S-1-5-32-548","PrincipalType":"Group"},{"RightName":"AddKeyCredentialLink","IsInherited":true,"PrincipalSID":"S-1-5-21-3516374454-2761537032-415496107-526","PrincipalType":"Group"},{"RightName":"AddKeyCredentialLink","IsInherited":true,"PrincipalSID":"S-1-5-21-3516374454-2761537032-415496107-527","PrincipalType":"Group"},{"RightName":"GenericAll","IsInherited":true,"PrincipalSID":"S-1-5-21-3516374454-2761537032-415496107-519","PrincipalType":"Group"},{"RightName":"GenericWrite","IsInherited":true,"PrincipalSID":"PANTHEON.GOD-S-1-5-32-544","PrincipalType":"Group"},{"RightName":"WriteOwner","IsInherited":true,"PrincipalSID":"PANTHEON.GOD-S-1-5-32-544","PrincipalType":"Group"},{"RightName":"AllExtendedRights","IsInherited":true,"PrincipalSID":"PANTHEON.GOD-S-1-5-32-544","PrincipalType":"Group"},{"RightName":"WriteDacl","IsInherited":true,"PrincipalSID":"PANTHEON.GOD-S-1-5-32-544","PrincipalType":"Group"}],"AllowedToDelegate":[],"HasSIDHistory":[]},{"ObjectIdentifier":"S-1-5-21-3516374454-2761537032-415496107-1129","IsDeleted":false,"IsACLProtected":false,"Properties":{"domain":"PANTHEON.GOD","name":"HERCULE@PANTHEON.GOD","domainsid":"S-1-5-21-3516374454-2761537032-415496107","distinguishedname":"CN=HERCULE,OU=ELYSEE,OU=ENFERS,DC=PANTHEON,DC=GOD","highvalue":false,"description":"Fils de Zeus et d'Alcmène","whencreated":1749201909,"sensitive":false,"dontreqpreauth":false,"passwordnotreqd":false,"unconstraineddelegation":false,"pwdneverexpires":true,"enabled":true,"trustedtoauth":false,"lastlogon":-1,"lastlogontimestamp":-1,"pwdlastset":1749204529,"serviceprincipalnames":[],"hasspn":false,"displayname":null,"email":null,"title":null,"homedirectory":null,"logonscript":null,"samaccountname":"hercule","userpassword":null,"unixpassword":null,"unicodepassword":null,"sfupassword":null,"admincount":false,"sidhistory":[],"allowedtodelegate":[]},"PrimaryGroupSID":"S-1-5-21-3516374454-2761537032-415496107-513","SPNTargets":[],"Aces":[{"RightName":"Owns","IsInherited":false,"PrincipalSID":"S-1-5-21-3516374454-2761537032-415496107-512","PrincipalType":"Group"},{"RightName":"GenericAll","IsInherited":false,"PrincipalSID":"S-1-5-21-3516374454-2761537032-415496107-512","PrincipalType":"Group"},{"RightName":"GenericAll","IsInherited":false,"PrincipalSID":"PANTHEON.GOD-S-1-5-32-548","PrincipalType":"Group"},{"RightName":"AddKeyCredentialLink","IsInherited":true,"PrincipalSID":"S-1-5-21-3516374454-2761537032-415496107-526","PrincipalType":"Group"},{"RightName":"AddKeyCredentialLink","IsInherited":true,"PrincipalSID":"S-1-5-21-3516374454-2761537032-415496107-527","PrincipalType":"Group"},{"RightName":"GenericAll","IsInherited":true,"PrincipalSID":"S-1-5-21-3516374454-2761537032-415496107-519","PrincipalType":"Group"},{"RightName":"GenericWrite","IsInherited":true,"PrincipalSID":"PANTHEON.GOD-S-1-5-32-544","PrincipalType":"Group"},{"RightName":"WriteOwner","IsInherited":true,"PrincipalSID":"PANTHEON.GOD-S-1-5-32-544","PrincipalType":"Group"},{"RightName":"AllExtendedRights","IsInherited":true,"PrincipalSID":"PANTHEON.GOD-S-1-5-32-544","PrincipalType":"Group"},{"RightName":"WriteDacl","IsInherited":true,"PrincipalSID":"PANTHEON.GOD-S-1-5-32-544","PrincipalType":"Group"}],"AllowedToDelegate":[],"HasSIDHistory":[]},{"ObjectIdentifier":"S-1-5-21-3516374454-2761537032-415496107-1134","IsDeleted":false,"IsACLProtected":false,"Properties":{"domain":"PANTHEON.GOD","name":"CRONOS@PANTHEON.GOD","domainsid":"S-1-5-21-3516374454-2761537032-415496107","distinguishedname":"CN=CRONOS,OU=TARTARE,OU=ENFERS,DC=PANTHEON,DC=GOD","highvalue":false,"description":"Roi des Titans, père de Zeus","whencreated":1749201943,"sensitive":false,"dontreqpreauth":false,"passwordnotreqd":false,"unconstraineddelegation":false,"pwdneverexpires":true,"enabled":true,"trustedtoauth":false,"lastlogon":-1,"lastlogontimestamp":-1,"pwdlastset":1749204563,"serviceprincipalnames":[],"hasspn":false,"displayname":null,"email":null,"title":null,"homedirectory":null,"logonscript":null,"samaccountname":"cronos","userpassword":null,"unixpassword":null,"unicodepassword":null,"sfupassword":null,"admincount":false,"sidhistory":[],"allowedtodelegate":[]},"PrimaryGroupSID":"S-1-5-21-3516374454-2761537032-415496107-513","SPNTargets":[],"Aces":[{"RightName":"Owns","IsInherited":false,"PrincipalSID":"S-1-5-21-3516374454-2761537032-415496107-512","PrincipalType":"Group"},{"RightName":"GenericAll","IsInherited":false,"PrincipalSID":"S-1-5-21-3516374454-2761537032-415496107-512","PrincipalType":"Group"},{"RightName":"GenericAll","IsInherited":false,"PrincipalSID":"PANTHEON.GOD-S-1-5-32-548","PrincipalType":"Group"},{"RightName":"AddKeyCredentialLink","IsInherited":true,"PrincipalSID":"S-1-5-21-3516374454-2761537032-415496107-526","PrincipalType":"Group"},{"RightName":"AddKeyCredentialLink","IsInherited":true,"PrincipalSID":"S-1-5-21-3516374454-2761537032-415496107-527","PrincipalType":"Group"},{"RightName":"GenericAll","IsInherited":true,"PrincipalSID":"S-1-5-21-3516374454-2761537032-415496107-519","PrincipalType":"Group"},{"RightName":"GenericWrite","IsInherited":true,"PrincipalSID":"PANTHEON.GOD-S-1-5-32-544","PrincipalType":"Group"},{"RightName":"WriteOwner","IsInherited":true,"PrincipalSID":"PANTHEON.GOD-S-1-5-32-544","PrincipalType":"Group"},{"RightName":"AllExtendedRights","IsInherited":true,"PrincipalSID":"PANTHEON.GOD-S-1-5-32-544","PrincipalType":"Group"},{"RightName":"WriteDacl","IsInherited":true,"PrincipalSID":"PANTHEON.GOD-S-1-5-32-544","PrincipalType":"Group"}],"AllowedToDelegate":[],"HasSIDHistory":[]},{"ObjectIdentifier":"S-1-5-21-3516374454-2761537032-415496107-1135","IsDeleted":false,"IsACLProtected":false,"Properties":{"domain":"PANTHEON.GOD","name":"IAPETOS@PANTHEON.GOD","domainsid":"S-1-5-21-3516374454-2761537032-415496107","distinguishedname":"CN=IAPETOS,OU=TARTARE,OU=ENFERS,DC=PANTHEON,DC=GOD","highvalue":false,"description":"Titan de la mortalité","whencreated":1749201950,"sensitive":false,"dontreqpreauth":false,"passwordnotreqd":false,"unconstraineddelegation":false,"pwdneverexpires":true,"enabled":true,"trustedtoauth":false,"lastlogon":-1,"lastlogontimestamp":-1,"pwdlastset":1749204570,"serviceprincipalnames":[],"hasspn":false,"displayname":null,"email":null,"title":null,"homedirectory":null,"logonscript":null,"samaccountname":"iapetos","userpassword":null,"unixpassword":null,"unicodepassword":null,"sfupassword":null,"admincount":false,"sidhistory":[],"allowedtodelegate":[]},"PrimaryGroupSID":"S-1-5-21-3516374454-2761537032-415496107-513","SPNTargets":[],"Aces":[{"RightName":"Owns","IsInherited":false,"PrincipalSID":"S-1-5-21-3516374454-2761537032-415496107-512","PrincipalType":"Group"},{"RightName":"GenericAll","IsInherited":false,"PrincipalSID":"S-1-5-21-3516374454-2761537032-415496107-512","PrincipalType":"Group"},{"RightName":"GenericAll","IsInherited":false,"PrincipalSID":"PANTHEON.GOD-S-1-5-32-548","PrincipalType":"Group"},{"RightName":"AddKeyCredentialLink","IsInherited":true,"PrincipalSID":"S-1-5-21-3516374454-2761537032-415496107-526","PrincipalType":"Group"},{"RightName":"AddKeyCredentialLink","IsInherited":true,"PrincipalSID":"S-1-5-21-3516374454-2761537032-415496107-527","PrincipalType":"Group"},{"RightName":"GenericAll","IsInherited":true,"PrincipalSID":"S-1-5-21-3516374454-2761537032-415496107-519","PrincipalType":"Group"},{"RightName":"GenericWrite","IsInherited":true,"PrincipalSID":"PANTHEON.GOD-S-1-5-32-544","PrincipalType":"Group"},{"RightName":"WriteOwner","IsInherited":true,"PrincipalSID":"PANTHEON.GOD-S-1-5-32-544","PrincipalType":"Group"},{"RightName":"AllExtendedRights","IsInherited":true,"PrincipalSID":"PANTHEON.GOD-S-1-5-32-544","PrincipalType":"Group"},{"RightName":"WriteDacl","IsInherited":true,"PrincipalSID":"PANTHEON.GOD-S-1-5-32-544","PrincipalType":"Group"}],"AllowedToDelegate":[],"HasSIDHistory":[]},{"ObjectIdentifier":"S-1-5-21-3516374454-2761537032-415496107-1136","IsDeleted":false,"IsACLProtected":false,"Properties":{"domain":"PANTHEON.GOD","name":"COEUS@PANTHEON.GOD","domainsid":"S-1-5-21-3516374454-2761537032-415496107","distinguishedname":"CN=COEUS,OU=TARTARE,OU=ENFERS,DC=PANTHEON,DC=GOD","highvalue":false,"description":"Titan de l'intelligence","whencreated":1749201957,"sensitive":false,"dontreqpreauth":false,"passwordnotreqd":false,"unconstraineddelegation":false,"pwdneverexpires":true,"enabled":true,"trustedtoauth":false,"lastlogon":-1,"lastlogontimestamp":-1,"pwdlastset":1749204577,"serviceprincipalnames":[],"hasspn":false,"displayname":null,"email":null,"title":null,"homedirectory":null,"logonscript":null,"samaccountname":"coeus","userpassword":null,"unixpassword":null,"unicodepassword":null,"sfupassword":null,"admincount":false,"sidhistory":[],"allowedtodelegate":[]},"PrimaryGroupSID":"S-1-5-21-3516374454-2761537032-415496107-513","SPNTargets":[],"Aces":[{"RightName":"Owns","IsInherited":false,"PrincipalSID":"S-1-5-21-3516374454-2761537032-415496107-512","PrincipalType":"Group"},{"RightName":"GenericAll","IsInherited":false,"PrincipalSID":"S-1-5-21-3516374454-2761537032-415496107-512","PrincipalType":"Group"},{"RightName":"GenericAll","IsInherited":false,"PrincipalSID":"PANTHEON.GOD-S-1-5-32-548","PrincipalType":"Group"},{"RightName":"AddKeyCredentialLink","IsInherited":true,"PrincipalSID":"S-1-5-21-3516374454-2761537032-415496107-526","PrincipalType":"Group"},{"RightName":"AddKeyCredentialLink","IsInherited":true,"PrincipalSID":"S-1-5-21-3516374454-2761537032-415496107-527","PrincipalType":"Group"},{"RightName":"GenericAll","IsInherited":true,"PrincipalSID":"S-1-5-21-3516374454-2761537032-415496107-519","PrincipalType":"Group"},{"RightName":"GenericWrite","IsInherited":true,"PrincipalSID":"PANTHEON.GOD-S-1-5-32-544","PrincipalType":"Group"},{"RightName":"WriteOwner","IsInherited":true,"PrincipalSID":"PANTHEON.GOD-S-1-5-32-544","PrincipalType":"Group"},{"RightName":"AllExtendedRights","IsInherited":true,"PrincipalSID":"PANTHEON.GOD-S-1-5-32-544","PrincipalType":"Group"},{"RightName":"WriteDacl","IsInherited":true,"PrincipalSID":"PANTHEON.GOD-S-1-5-32-544","PrincipalType":"Group"}],"AllowedToDelegate":[],"HasSIDHistory":[]},{"ObjectIdentifier":"S-1-5-21-3516374454-2761537032-415496107-1137","IsDeleted":false,"IsACLProtected":false,"Properties":{"domain":"PANTHEON.GOD","name":"HYPERION@PANTHEON.GOD","domainsid":"S-1-5-21-3516374454-2761537032-415496107","distinguishedname":"CN=HYPERION,OU=TARTARE,OU=ENFERS,DC=PANTHEON,DC=GOD","highvalue":false,"description":"Titan de la lumière","whencreated":1749201964,"sensitive":false,"dontreqpreauth":false,"passwordnotreqd":false,"unconstraineddelegation":false,"pwdneverexpires":true,"enabled":true,"trustedtoauth":false,"lastlogon":-1,"lastlogontimestamp":-1,"pwdlastset":1749204584,"serviceprincipalnames":[],"hasspn":false,"displayname":null,"email":null,"title":null,"homedirectory":null,"logonscript":null,"samaccountname":"hyperion","userpassword":null,"unixpassword":null,"unicodepassword":null,"sfupassword":null,"admincount":false,"sidhistory":[],"allowedtodelegate":[]},"PrimaryGroupSID":"S-1-5-21-3516374454-2761537032-415496107-513","SPNTargets":[],"Aces":[{"RightName":"Owns","IsInherited":false,"PrincipalSID":"S-1-5-21-3516374454-2761537032-415496107-512","PrincipalType":"Group"},{"RightName":"GenericAll","IsInherited":false,"PrincipalSID":"S-1-5-21-3516374454-2761537032-415496107-512","PrincipalType":"Group"},{"RightName":"GenericAll","IsInherited":false,"PrincipalSID":"PANTHEON.GOD-S-1-5-32-548","PrincipalType":"Group"},{"RightName":"AddKeyCredentialLink","IsInherited":true,"PrincipalSID":"S-1-5-21-3516374454-2761537032-415496107-526","PrincipalType":"Group"},{"RightName":"AddKeyCredentialLink","IsInherited":true,"PrincipalSID":"S-1-5-21-3516374454-2761537032-415496107-527","PrincipalType":"Group"},{"RightName":"GenericAll","IsInherited":true,"PrincipalSID":"S-1-5-21-3516374454-2761537032-415496107-519","PrincipalType":"Group"},{"RightName":"GenericWrite","IsInherited":true,"PrincipalSID":"PANTHEON.GOD-S-1-5-32-544","PrincipalType":"Group"},{"RightName":"WriteOwner","IsInherited":true,"PrincipalSID":"PANTHEON.GOD-S-1-5-32-544","PrincipalType":"Group"},{"RightName":"AllExtendedRights","IsInherited":true,"PrincipalSID":"PANTHEON.GOD-S-1-5-32-544","PrincipalType":"Group"},{"RightName":"WriteDacl","IsInherited":true,"PrincipalSID":"PANTHEON.GOD-S-1-5-32-544","PrincipalType":"Group"}],"AllowedToDelegate":[],"HasSIDHistory":[]},{"ObjectIdentifier":"S-1-5-21-3516374454-2761537032-415496107-1138","IsDeleted":false,"IsACLProtected":false,"Properties":{"domain":"PANTHEON.GOD","name":"KRIOS@PANTHEON.GOD","domainsid":"S-1-5-21-3516374454-2761537032-415496107","distinguishedname":"CN=KRIOS,OU=TARTARE,OU=ENFERS,DC=PANTHEON,DC=GOD","highvalue":false,"description":"Titan des constellations","whencreated":1749201971,"sensitive":false,"dontreqpreauth":false,"passwordnotreqd":false,"unconstraineddelegation":false,"pwdneverexpires":true,"enabled":true,"trustedtoauth":false,"lastlogon":-1,"lastlogontimestamp":-1,"pwdlastset":1749204591,"serviceprincipalnames":[],"hasspn":false,"displayname":null,"email":null,"title":null,"homedirectory":null,"logonscript":null,"samaccountname":"krios","userpassword":null,"unixpassword":null,"unicodepassword":null,"sfupassword":null,"admincount":false,"sidhistory":[],"allowedtodelegate":[]},"PrimaryGroupSID":"S-1-5-21-3516374454-2761537032-415496107-513","SPNTargets":[],"Aces":[{"RightName":"Owns","IsInherited":false,"PrincipalSID":"S-1-5-21-3516374454-2761537032-415496107-512","PrincipalType":"Group"},{"RightName":"GenericAll","IsInherited":false,"PrincipalSID":"S-1-5-21-3516374454-2761537032-415496107-512","PrincipalType":"Group"},{"RightName":"GenericAll","IsInherited":false,"PrincipalSID":"PANTHEON.GOD-S-1-5-32-548","PrincipalType":"Group"},{"RightName":"AddKeyCredentialLink","IsInherited":true,"PrincipalSID":"S-1-5-21-3516374454-2761537032-415496107-526","PrincipalType":"Group"},{"RightName":"AddKeyCredentialLink","IsInherited":true,"PrincipalSID":"S-1-5-21-3516374454-2761537032-415496107-527","PrincipalType":"Group"},{"RightName":"GenericAll","IsInherited":true,"PrincipalSID":"S-1-5-21-3516374454-2761537032-415496107-519","PrincipalType":"Group"},{"RightName":"GenericWrite","IsInherited":true,"PrincipalSID":"PANTHEON.GOD-S-1-5-32-544","PrincipalType":"Group"},{"RightName":"WriteOwner","IsInherited":true,"PrincipalSID":"PANTHEON.GOD-S-1-5-32-544","PrincipalType":"Group"},{"RightName":"AllExtendedRights","IsInherited":true,"PrincipalSID":"PANTHEON.GOD-S-1-5-32-544","PrincipalType":"Group"},{"RightName":"WriteDacl","IsInherited":true,"PrincipalSID":"PANTHEON.GOD-S-1-5-32-544","PrincipalType":"Group"}],"AllowedToDelegate":[],"HasSIDHistory":[]},{"ObjectIdentifier":"S-1-5-21-3516374454-2761537032-415496107-1111","IsDeleted":false,"IsACLProtected":true,"Properties":{"domain":"PANTHEON.GOD","name":"ZEUS@PANTHEON.GOD","domainsid":"S-1-5-21-3516374454-2761537032-415496107","distinguishedname":"CN=ZEUS,CN=USERS,DC=PANTHEON,DC=GOD","highvalue":false,"description":"Je suis Zeus, le roi de l'Olympe, le maître incontesté du ciel, de la foudre et du tonnerre.","whencreated":1749201785,"sensitive":false,"dontreqpreauth":false,"passwordnotreqd":false,"unconstraineddelegation":false,"pwdneverexpires":true,"enabled":true,"trustedtoauth":false,"lastlogon":-1,"lastlogontimestamp":-1,"pwdlastset":1749204401,"serviceprincipalnames":[],"hasspn":false,"displayname":null,"email":null,"title":null,"homedirectory":null,"logonscript":null,"samaccountname":"zeus","userpassword":null,"unixpassword":null,"unicodepassword":null,"sfupassword":null,"admincount":true,"sidhistory":[],"allowedtodelegate":[]},"PrimaryGroupSID":"S-1-5-21-3516374454-2761537032-415496107-513","SPNTargets":[],"Aces":[{"RightName":"Owns","IsInherited":false,"PrincipalSID":"S-1-5-21-3516374454-2761537032-415496107-512","PrincipalType":"Group"},{"RightName":"GenericWrite","IsInherited":false,"PrincipalSID":"S-1-5-21-3516374454-2761537032-415496107-512","PrincipalType":"Group"},{"RightName":"WriteOwner","IsInherited":false,"PrincipalSID":"S-1-5-21-3516374454-2761537032-415496107-512","PrincipalType":"Group"},{"RightName":"AllExtendedRights","IsInherited":false,"PrincipalSID":"S-1-5-21-3516374454-2761537032-415496107-512","PrincipalType":"Group"},{"RightName":"WriteDacl","IsInherited":false,"PrincipalSID":"S-1-5-21-3516374454-2761537032-415496107-512","PrincipalType":"Group"},{"RightName":"GenericWrite","IsInherited":false,"PrincipalSID":"S-1-5-21-3516374454-2761537032-415496107-519","PrincipalType":"Group"},{"RightName":"WriteOwner","IsInherited":false,"PrincipalSID":"S-1-5-21-3516374454-2761537032-415496107-519","PrincipalType":"Group"},{"RightName":"AllExtendedRights","IsInherited":false,"PrincipalSID":"S-1-5-21-3516374454-2761537032-415496107-519","PrincipalType":"Group"},{"RightName":"WriteDacl","IsInherited":false,"PrincipalSID":"S-1-5-21-3516374454-2761537032-415496107-519","PrincipalType":"Group"},{"RightName":"GenericWrite","IsInherited":false,"PrincipalSID":"PANTHEON.GOD-S-1-5-32-544","PrincipalType":"Group"},{"RightName":"WriteOwner","IsInherited":false,"PrincipalSID":"PANTHEON.GOD-S-1-5-32-544","PrincipalType":"Group"},{"RightName":"AllExtendedRights","IsInherited":false,"PrincipalSID":"PANTHEON.GOD-S-1-5-32-544","PrincipalType":"Group"},{"RightName":"WriteDacl","IsInherited":false,"PrincipalSID":"PANTHEON.GOD-S-1-5-32-544","PrincipalType":"Group"}],"AllowedToDelegate":[],"HasSIDHistory":[]},{"ObjectIdentifier":"S-1-5-21-3516374454-2761537032-415496107-500","IsDeleted":false,"IsACLProtected":true,"Properties":{"domain":"PANTHEON.GOD","name":"ADMINISTRATOR@PANTHEON.GOD","domainsid":"S-1-5-21-3516374454-2761537032-415496107","distinguishedname":"CN=ADMINISTRATOR,CN=USERS,DC=PANTHEON,DC=GOD","highvalue":false,"description":"Built-in account for administering the computer/domain","whencreated":1749200664,"sensitive":false,"dontreqpreauth":false,"passwordnotreqd":false,"unconstraineddelegation":false,"pwdneverexpires":false,"enabled":true,"trustedtoauth":false,"lastlogon":1749204823,"lastlogontimestamp":1749200728,"pwdlastset":1749203786,"serviceprincipalnames":[],"hasspn":false,"displayname":null,"email":null,"title":null,"homedirectory":null,"logonscript":null,"samaccountname":"Administrator","userpassword":null,"unixpassword":null,"unicodepassword":null,"sfupassword":null,"admincount":true,"sidhistory":[],"allowedtodelegate":[]},"PrimaryGroupSID":"S-1-5-21-3516374454-2761537032-415496107-513","SPNTargets":[],"Aces":[{"RightName":"Owns","IsInherited":false,"PrincipalSID":"S-1-5-21-3516374454-2761537032-415496107-512","PrincipalType":"Group"},{"RightName":"GenericWrite","IsInherited":false,"PrincipalSID":"S-1-5-21-3516374454-2761537032-415496107-512","PrincipalType":"Group"},{"RightName":"WriteOwner","IsInherited":false,"PrincipalSID":"S-1-5-21-3516374454-2761537032-415496107-512","PrincipalType":"Group"},{"RightName":"AllExtendedRights","IsInherited":false,"PrincipalSID":"S-1-5-21-3516374454-2761537032-415496107-512","PrincipalType":"Group"},{"RightName":"WriteDacl","IsInherited":false,"PrincipalSID":"S-1-5-21-3516374454-2761537032-415496107-512","PrincipalType":"Group"},{"RightName":"GenericWrite","IsInherited":false,"PrincipalSID":"S-1-5-21-3516374454-2761537032-415496107-519","PrincipalType":"Group"},{"RightName":"WriteOwner","IsInherited":false,"PrincipalSID":"S-1-5-21-3516374454-2761537032-415496107-519","PrincipalType":"Group"},{"RightName":"AllExtendedRights","IsInherited":false,"PrincipalSID":"S-1-5-21-3516374454-2761537032-415496107-519","PrincipalType":"Group"},{"RightName":"WriteDacl","IsInherited":false,"PrincipalSID":"S-1-5-21-3516374454-2761537032-415496107-519","PrincipalType":"Group"},{"RightName":"GenericWrite","IsInherited":false,"PrincipalSID":"PANTHEON.GOD-S-1-5-32-544","PrincipalType":"Group"},{"RightName":"WriteOwner","IsInherited":false,"PrincipalSID":"PANTHEON.GOD-S-1-5-32-544","PrincipalType":"Group"},{"RightName":"AllExtendedRights","IsInherited":false,"PrincipalSID":"PANTHEON.GOD-S-1-5-32-544","PrincipalType":"Group"},{"RightName":"WriteDacl","IsInherited":false,"PrincipalSID":"PANTHEON.GOD-S-1-5-32-544","PrincipalType":"Group"}],"AllowedToDelegate":[],"HasSIDHistory":[]},{"ObjectIdentifier":"S-1-5-21-3516374454-2761537032-415496107-1112","IsDeleted":false,"IsACLProtected":false,"Properties":{"domain":"PANTHEON.GOD","name":"HERA@PANTHEON.GOD","domainsid":"S-1-5-21-3516374454-2761537032-415496107","distinguishedname":"CN=HERA,CN=USERS,DC=PANTHEON,DC=GOD","highvalue":false,"description":"Je suis Héra, grande reine de l'Olympe, épouse de Zeus, déesse du mariage, de la fidélité et des femmes.","whencreated":1749201792,"sensitive":false,"dontreqpreauth":false,"passwordnotreqd":false,"unconstraineddelegation":false,"pwdneverexpires":true,"enabled":true,"trustedtoauth":false,"lastlogon":-1,"lastlogontimestamp":-1,"pwdlastset":1749204408,"serviceprincipalnames":[],"hasspn":false,"displayname":null,"email":null,"title":null,"homedirectory":null,"logonscript":null,"samaccountname":"hera","userpassword":null,"unixpassword":null,"unicodepassword":null,"sfupassword":null,"admincount":false,"sidhistory":[],"allowedtodelegate":[]},"PrimaryGroupSID":"S-1-5-21-3516374454-2761537032-415496107-513","SPNTargets":[],"Aces":[{"RightName":"Owns","IsInherited":false,"PrincipalSID":"S-1-5-21-3516374454-2761537032-415496107-512","PrincipalType":"Group"},{"RightName":"GenericAll","IsInherited":false,"PrincipalSID":"S-1-5-21-3516374454-2761537032-415496107-512","PrincipalType":"Group"},{"RightName":"GenericAll","IsInherited":false,"PrincipalSID":"PANTHEON.GOD-S-1-5-32-548","PrincipalType":"Group"},{"RightName":"AddKeyCredentialLink","IsInherited":true,"PrincipalSID":"S-1-5-21-3516374454-2761537032-415496107-526","PrincipalType":"Group"},{"RightName":"AddKeyCredentialLink","IsInherited":true,"PrincipalSID":"S-1-5-21-3516374454-2761537032-415496107-527","PrincipalType":"Group"},{"RightName":"GenericAll","IsInherited":true,"PrincipalSID":"S-1-5-21-3516374454-2761537032-415496107-519","PrincipalType":"Group"},{"RightName":"GenericWrite","IsInherited":true,"PrincipalSID":"PANTHEON.GOD-S-1-5-32-544","PrincipalType":"Group"},{"RightName":"WriteOwner","IsInherited":true,"PrincipalSID":"PANTHEON.GOD-S-1-5-32-544","PrincipalType":"Group"},{"RightName":"AllExtendedRights","IsInherited":true,"PrincipalSID":"PANTHEON.GOD-S-1-5-32-544","PrincipalType":"Group"},{"RightName":"WriteDacl","IsInherited":true,"PrincipalSID":"PANTHEON.GOD-S-1-5-32-544","PrincipalType":"Group"}],"AllowedToDelegate":[],"HasSIDHistory":[]},{"ObjectIdentifier":"S-1-5-21-3516374454-2761537032-415496107-501","IsDeleted":false,"IsACLProtected":false,"Properties":{"domain":"PANTHEON.GOD","name":"GUEST@PANTHEON.GOD","domainsid":"S-1-5-21-3516374454-2761537032-415496107","distinguishedname":"CN=GUEST,CN=USERS,DC=PANTHEON,DC=GOD","highvalue":false,"description":"Built-in account for guest access to the computer/domain","whencreated":1749200664,"sensitive":false,"dontreqpreauth":false,"passwordnotreqd":true,"unconstraineddelegation":false,"pwdneverexpires":true,"enabled":true,"trustedtoauth":false,"lastlogon":-1,"lastlogontimestamp":-1,"pwdlastset":-1,"serviceprincipalnames":[],"hasspn":false,"displayname":null,"email":null,"title":null,"homedirectory":null,"logonscript":null,"samaccountname":"Guest","userpassword":null,"unixpassword":null,"unicodepassword":null,"sfupassword":null,"admincount":false,"sidhistory":[],"allowedtodelegate":[]},"PrimaryGroupSID":"S-1-5-21-3516374454-2761537032-415496107-514","SPNTargets":[],"Aces":[{"RightName":"Owns","IsInherited":false,"PrincipalSID":"PANTHEON.GOD-S-1-5-32-544","PrincipalType":"Group"},{"RightName":"GenericAll","IsInherited":false,"PrincipalSID":"S-1-5-21-3516374454-2761537032-415496107-512","PrincipalType":"Group"},{"RightName":"GenericAll","IsInherited":false,"PrincipalSID":"PANTHEON.GOD-S-1-5-32-548","PrincipalType":"Group"},{"RightName":"AddKeyCredentialLink","IsInherited":true,"PrincipalSID":"S-1-5-21-3516374454-2761537032-415496107-526","PrincipalType":"Group"},{"RightName":"AddKeyCredentialLink","IsInherited":true,"PrincipalSID":"S-1-5-21-3516374454-2761537032-415496107-527","PrincipalType":"Group"},{"RightName":"GenericAll","IsInherited":true,"PrincipalSID":"S-1-5-21-3516374454-2761537032-415496107-519","PrincipalType":"Group"},{"RightName":"GenericWrite","IsInherited":true,"PrincipalSID":"PANTHEON.GOD-S-1-5-32-544","PrincipalType":"Group"},{"RightName":"WriteOwner","IsInherited":true,"PrincipalSID":"PANTHEON.GOD-S-1-5-32-544","PrincipalType":"Group"},{"RightName":"AllExtendedRights","IsInherited":true,"PrincipalSID":"PANTHEON.GOD-S-1-5-32-544","PrincipalType":"Group"},{"RightName":"WriteDacl","IsInherited":true,"PrincipalSID":"PANTHEON.GOD-S-1-5-32-544","PrincipalType":"Group"}],"AllowedToDelegate":[],"HasSIDHistory":[]},{"ObjectIdentifier":"S-1-5-21-3516374454-2761537032-415496107-1113","IsDeleted":false,"IsACLProtected":false,"Properties":{"domain":"PANTHEON.GOD","name":"POSEIDON@PANTHEON.GOD","domainsid":"S-1-5-21-3516374454-2761537032-415496107","distinguishedname":"CN=POSEIDON,CN=USERS,DC=PANTHEON,DC=GOD","highvalue":false,"description":"Je suis Poséidon, le souverain des océans, le seigneur des tempêtes et le maître des profondeurs.","whencreated":1749201799,"sensitive":false,"dontreqpreauth":false,"passwordnotreqd":false,"unconstraineddelegation":false,"pwdneverexpires":true,"enabled":true,"trustedtoauth":false,"lastlogon":-1,"lastlogontimestamp":-1,"pwdlastset":1749204416,"serviceprincipalnames":[],"hasspn":false,"displayname":null,"email":null,"title":null,"homedirectory":null,"logonscript":null,"samaccountname":"poseidon","userpassword":null,"unixpassword":null,"unicodepassword":null,"sfupassword":null,"admincount":false,"sidhistory":[],"allowedtodelegate":[]},"PrimaryGroupSID":"S-1-5-21-3516374454-2761537032-415496107-513","SPNTargets":[],"Aces":[{"RightName":"Owns","IsInherited":false,"PrincipalSID":"S-1-5-21-3516374454-2761537032-415496107-512","PrincipalType":"Group"},{"RightName":"GenericAll","IsInherited":false,"PrincipalSID":"S-1-5-21-3516374454-2761537032-415496107-512","PrincipalType":"Group"},{"RightName":"GenericAll","IsInherited":false,"PrincipalSID":"PANTHEON.GOD-S-1-5-32-548","PrincipalType":"Group"},{"RightName":"AddKeyCredentialLink","IsInherited":true,"PrincipalSID":"S-1-5-21-3516374454-2761537032-415496107-526","PrincipalType":"Group"},{"RightName":"AddKeyCredentialLink","IsInherited":true,"PrincipalSID":"S-1-5-21-3516374454-2761537032-415496107-527","PrincipalType":"Group"},{"RightName":"GenericAll","IsInherited":true,"PrincipalSID":"S-1-5-21-3516374454-2761537032-415496107-519","PrincipalType":"Group"},{"RightName":"GenericWrite","IsInherited":true,"PrincipalSID":"PANTHEON.GOD-S-1-5-32-544","PrincipalType":"Group"},{"RightName":"WriteOwner","IsInherited":true,"PrincipalSID":"PANTHEON.GOD-S-1-5-32-544","PrincipalType":"Group"},{"RightName":"AllExtendedRights","IsInherited":true,"PrincipalSID":"PANTHEON.GOD-S-1-5-32-544","PrincipalType":"Group"},{"RightName":"WriteDacl","IsInherited":true,"PrincipalSID":"PANTHEON.GOD-S-1-5-32-544","PrincipalType":"Group"}],"AllowedToDelegate":[],"HasSIDHistory":[]},{"ObjectIdentifier":"S-1-5-21-3516374454-2761537032-415496107-1000","IsDeleted":false,"IsACLProtected":true,"Properties":{"domain":"PANTHEON.GOD","name":"VAGRANT@PANTHEON.GOD","domainsid":"S-1-5-21-3516374454-2761537032-415496107","distinguishedname":"CN=VAGRANT,CN=USERS,DC=PANTHEON,DC=GOD","highvalue":false,"description":"Vagrant","whencreated":1749200664,"sensitive":false,"dontreqpreauth":false,"passwordnotreqd":false,"unconstraineddelegation":false,"pwdneverexpires":true,"enabled":true,"trustedtoauth":false,"lastlogon":1749203228,"lastlogontimestamp":1749202761,"pwdlastset":1749198975,"serviceprincipalnames":[],"hasspn":false,"displayname":"Vagrant","email":null,"title":null,"homedirectory":null,"logonscript":null,"samaccountname":"vagrant","userpassword":null,"unixpassword":null,"unicodepassword":null,"sfupassword":null,"admincount":true,"sidhistory":[],"allowedtodelegate":[]},"PrimaryGroupSID":"S-1-5-21-3516374454-2761537032-415496107-513","SPNTargets":[],"Aces":[{"RightName":"Owns","IsInherited":false,"PrincipalSID":"S-1-5-21-3516374454-2761537032-415496107-512","PrincipalType":"Group"},{"RightName":"GenericWrite","IsInherited":false,"PrincipalSID":"S-1-5-21-3516374454-2761537032-415496107-512","PrincipalType":"Group"},{"RightName":"WriteOwner","IsInherited":false,"PrincipalSID":"S-1-5-21-3516374454-2761537032-415496107-512","PrincipalType":"Group"},{"RightName":"AllExtendedRights","IsInherited":false,"PrincipalSID":"S-1-5-21-3516374454-2761537032-415496107-512","PrincipalType":"Group"},{"RightName":"WriteDacl","IsInherited":false,"PrincipalSID":"S-1-5-21-3516374454-2761537032-415496107-512","PrincipalType":"Group"},{"RightName":"GenericWrite","IsInherited":false,"PrincipalSID":"S-1-5-21-3516374454-2761537032-415496107-519","PrincipalType":"Group"},{"RightName":"WriteOwner","IsInherited":false,"PrincipalSID":"S-1-5-21-3516374454-2761537032-415496107-519","PrincipalType":"Group"},{"RightName":"AllExtendedRights","IsInherited":false,"PrincipalSID":"S-1-5-21-3516374454-2761537032-415496107-519","PrincipalType":"Group"},{"RightName":"WriteDacl","IsInherited":false,"PrincipalSID":"S-1-5-21-3516374454-2761537032-415496107-519","PrincipalType":"Group"},{"RightName":"GenericWrite","IsInherited":false,"PrincipalSID":"PANTHEON.GOD-S-1-5-32-544","PrincipalType":"Group"},{"RightName":"WriteOwner","IsInherited":false,"PrincipalSID":"PANTHEON.GOD-S-1-5-32-544","PrincipalType":"Group"},{"RightName":"AllExtendedRights","IsInherited":false,"PrincipalSID":"PANTHEON.GOD-S-1-5-32-544","PrincipalType":"Group"},{"RightName":"WriteDacl","IsInherited":false,"PrincipalSID":"PANTHEON.GOD-S-1-5-32-544","PrincipalType":"Group"}],"AllowedToDelegate":[],"HasSIDHistory":[]},{"ObjectIdentifier":"S-1-5-21-3516374454-2761537032-415496107-1114","IsDeleted":false,"IsACLProtected":false,"Properties":{"domain":"PANTHEON.GOD","name":"DEMETER@PANTHEON.GOD","domainsid":"S-1-5-21-3516374454-2761537032-415496107","distinguishedname":"CN=DEMETER,CN=USERS,DC=PANTHEON,DC=GOD","highvalue":false,"description":"Je suis Déméter, déesse nourricière, gardienne de la terre cultivée, des moissons et de la fertilité.","whencreated":1749201806,"sensitive":false,"dontreqpreauth":false,"passwordnotreqd":false,"unconstraineddelegation":false,"pwdneverexpires":true,"enabled":true,"trustedtoauth":false,"lastlogon":-1,"lastlogontimestamp":-1,"pwdlastset":1749204423,"serviceprincipalnames":[],"hasspn":false,"displayname":null,"email":null,"title":null,"homedirectory":null,"logonscript":null,"samaccountname":"demeter","userpassword":null,"unixpassword":null,"unicodepassword":null,"sfupassword":null,"admincount":false,"sidhistory":[],"allowedtodelegate":[]},"PrimaryGroupSID":"S-1-5-21-3516374454-2761537032-415496107-513","SPNTargets":[],"Aces":[{"RightName":"Owns","IsInherited":false,"PrincipalSID":"S-1-5-21-3516374454-2761537032-415496107-512","PrincipalType":"Group"},{"RightName":"GenericAll","IsInherited":false,"PrincipalSID":"S-1-5-21-3516374454-2761537032-415496107-512","PrincipalType":"Group"},{"RightName":"GenericAll","IsInherited":false,"PrincipalSID":"PANTHEON.GOD-S-1-5-32-548","PrincipalType":"Group"},{"RightName":"AddKeyCredentialLink","IsInherited":true,"PrincipalSID":"S-1-5-21-3516374454-2761537032-415496107-526","PrincipalType":"Group"},{"RightName":"AddKeyCredentialLink","IsInherited":true,"PrincipalSID":"S-1-5-21-3516374454-2761537032-415496107-527","PrincipalType":"Group"},{"RightName":"GenericAll","IsInherited":true,"PrincipalSID":"S-1-5-21-3516374454-2761537032-415496107-519","PrincipalType":"Group"},{"RightName":"GenericWrite","IsInherited":true,"PrincipalSID":"PANTHEON.GOD-S-1-5-32-544","PrincipalType":"Group"},{"RightName":"WriteOwner","IsInherited":true,"PrincipalSID":"PANTHEON.GOD-S-1-5-32-544","PrincipalType":"Group"},{"RightName":"AllExtendedRights","IsInherited":true,"PrincipalSID":"PANTHEON.GOD-S-1-5-32-544","PrincipalType":"Group"},{"RightName":"WriteDacl","IsInherited":true,"PrincipalSID":"PANTHEON.GOD-S-1-5-32-544","PrincipalType":"Group"}],"AllowedToDelegate":[],"HasSIDHistory":[]},{"ObjectIdentifier":"S-1-5-21-3516374454-2761537032-415496107-1115","IsDeleted":false,"IsACLProtected":false,"Properties":{"domain":"PANTHEON.GOD","name":"ATHENA@PANTHEON.GOD","domainsid":"S-1-5-21-3516374454-2761537032-415496107","distinguishedname":"CN=ATHENA,CN=USERS,DC=PANTHEON,DC=GOD","highvalue":false,"description":"Je suis Athéna, née toute armée du crâne de Zeus, déesse de la sagesse, de la stratégie et de l'intelligence éclairée.","whencreated":1749201813,"sensitive":false,"dontreqpreauth":false,"passwordnotreqd":false,"unconstraineddelegation":false,"pwdneverexpires":true,"enabled":true,"trustedtoauth":false,"lastlogon":-1,"lastlogontimestamp":-1,"pwdlastset":1749204430,"serviceprincipalnames":[],"hasspn":false,"displayname":null,"email":null,"title":null,"homedirectory":null,"logonscript":null,"samaccountname":"athena","userpassword":null,"unixpassword":null,"unicodepassword":null,"sfupassword":null,"admincount":false,"sidhistory":[],"allowedtodelegate":[]},"PrimaryGroupSID":"S-1-5-21-3516374454-2761537032-415496107-513","SPNTargets":[],"Aces":[{"RightName":"Owns","IsInherited":false,"PrincipalSID":"S-1-5-21-3516374454-2761537032-415496107-512","PrincipalType":"Group"},{"RightName":"GenericAll","IsInherited":false,"PrincipalSID":"S-1-5-21-3516374454-2761537032-415496107-512","PrincipalType":"Group"},{"RightName":"GenericAll","IsInherited":false,"PrincipalSID":"PANTHEON.GOD-S-1-5-32-548","PrincipalType":"Group"},{"RightName":"AddKeyCredentialLink","IsInherited":true,"PrincipalSID":"S-1-5-21-3516374454-2761537032-415496107-526","PrincipalType":"Group"},{"RightName":"AddKeyCredentialLink","IsInherited":true,"PrincipalSID":"S-1-5-21-3516374454-2761537032-415496107-527","PrincipalType":"Group"},{"RightName":"GenericAll","IsInherited":true,"PrincipalSID":"S-1-5-21-3516374454-2761537032-415496107-519","PrincipalType":"Group"},{"RightName":"GenericWrite","IsInherited":true,"PrincipalSID":"PANTHEON.GOD-S-1-5-32-544","PrincipalType":"Group"},{"RightName":"WriteOwner","IsInherited":true,"PrincipalSID":"PANTHEON.GOD-S-1-5-32-544","PrincipalType":"Group"},{"RightName":"AllExtendedRights","IsInherited":true,"PrincipalSID":"PANTHEON.GOD-S-1-5-32-544","PrincipalType":"Group"},{"RightName":"WriteDacl","IsInherited":true,"PrincipalSID":"PANTHEON.GOD-S-1-5-32-544","PrincipalType":"Group"}],"AllowedToDelegate":[],"HasSIDHistory":[]},{"ObjectIdentifier":"S-1-5-21-3516374454-2761537032-415496107-1116","IsDeleted":false,"IsACLProtected":false,"Properties":{"domain":"PANTHEON.GOD","name":"APOLLO@PANTHEON.GOD","domainsid":"S-1-5-21-3516374454-2761537032-415496107","distinguishedname":"CN=APOLLO,CN=USERS,DC=PANTHEON,DC=GOD","highvalue":false,"description":"Je suis Apollon, éclat du soleil, musicien des sphères célestes, dieu des arts, de la lumière, de la médecine et de la vérité.","whencreated":1749201819,"sensitive":false,"dontreqpreauth":false,"passwordnotreqd":false,"unconstraineddelegation":false,"pwdneverexpires":true,"enabled":true,"trustedtoauth":false,"lastlogon":-1,"lastlogontimestamp":-1,"pwdlastset":1749204437,"serviceprincipalnames":[],"hasspn":false,"displayname":null,"email":null,"title":null,"homedirectory":null,"logonscript":null,"samaccountname":"apollo","userpassword":null,"unixpassword":null,"unicodepassword":null,"sfupassword":null,"admincount":false,"sidhistory":[],"allowedtodelegate":[]},"PrimaryGroupSID":"S-1-5-21-3516374454-2761537032-415496107-513","SPNTargets":[],"Aces":[{"RightName":"Owns","IsInherited":false,"PrincipalSID":"S-1-5-21-3516374454-2761537032-415496107-512","PrincipalType":"Group"},{"RightName":"GenericAll","IsInherited":false,"PrincipalSID":"S-1-5-21-3516374454-2761537032-415496107-512","PrincipalType":"Group"},{"RightName":"GenericAll","IsInherited":false,"PrincipalSID":"PANTHEON.GOD-S-1-5-32-548","PrincipalType":"Group"},{"RightName":"AddKeyCredentialLink","IsInherited":true,"PrincipalSID":"S-1-5-21-3516374454-2761537032-415496107-526","PrincipalType":"Group"},{"RightName":"AddKeyCredentialLink","IsInherited":true,"PrincipalSID":"S-1-5-21-3516374454-2761537032-415496107-527","PrincipalType":"Group"},{"RightName":"GenericAll","IsInherited":true,"PrincipalSID":"S-1-5-21-3516374454-2761537032-415496107-519","PrincipalType":"Group"},{"RightName":"GenericWrite","IsInherited":true,"PrincipalSID":"PANTHEON.GOD-S-1-5-32-544","PrincipalType":"Group"},{"RightName":"WriteOwner","IsInherited":true,"PrincipalSID":"PANTHEON.GOD-S-1-5-32-544","PrincipalType":"Group"},{"RightName":"AllExtendedRights","IsInherited":true,"PrincipalSID":"PANTHEON.GOD-S-1-5-32-544","PrincipalType":"Group"},{"RightName":"WriteDacl","IsInherited":true,"PrincipalSID":"PANTHEON.GOD-S-1-5-32-544","PrincipalType":"Group"}],"AllowedToDelegate":[],"HasSIDHistory":[]},{"ObjectIdentifier":"S-1-5-21-3516374454-2761537032-415496107-1117","IsDeleted":false,"IsACLProtected":false,"Properties":{"domain":"PANTHEON.GOD","name":"ARTEMIS@PANTHEON.GOD","domainsid":"S-1-5-21-3516374454-2761537032-415496107","distinguishedname":"CN=ARTEMIS,CN=USERS,DC=PANTHEON,DC=GOD","highvalue":false,"description":"Je suis Artémis, sœur d'Apollon, déesse de la chasse, de la nature sauvage et de la lune.","whencreated":1749201826,"sensitive":false,"dontreqpreauth":false,"passwordnotreqd":false,"unconstraineddelegation":false,"pwdneverexpires":true,"enabled":true,"trustedtoauth":false,"lastlogon":-1,"lastlogontimestamp":-1,"pwdlastset":1749204444,"serviceprincipalnames":[],"hasspn":false,"displayname":null,"email":null,"title":null,"homedirectory":null,"logonscript":null,"samaccountname":"artemis","userpassword":null,"unixpassword":null,"unicodepassword":null,"sfupassword":null,"admincount":false,"sidhistory":[],"allowedtodelegate":[]},"PrimaryGroupSID":"S-1-5-21-3516374454-2761537032-415496107-513","SPNTargets":[],"Aces":[{"RightName":"Owns","IsInherited":false,"PrincipalSID":"S-1-5-21-3516374454-2761537032-415496107-512","PrincipalType":"Group"},{"RightName":"GenericAll","IsInherited":false,"PrincipalSID":"S-1-5-21-3516374454-2761537032-415496107-512","PrincipalType":"Group"},{"RightName":"GenericAll","IsInherited":false,"PrincipalSID":"PANTHEON.GOD-S-1-5-32-548","PrincipalType":"Group"},{"RightName":"AddKeyCredentialLink","IsInherited":true,"PrincipalSID":"S-1-5-21-3516374454-2761537032-415496107-526","PrincipalType":"Group"},{"RightName":"AddKeyCredentialLink","IsInherited":true,"PrincipalSID":"S-1-5-21-3516374454-2761537032-415496107-527","PrincipalType":"Group"},{"RightName":"GenericAll","IsInherited":true,"PrincipalSID":"S-1-5-21-3516374454-2761537032-415496107-519","PrincipalType":"Group"},{"RightName":"GenericWrite","IsInherited":true,"PrincipalSID":"PANTHEON.GOD-S-1-5-32-544","PrincipalType":"Group"},{"RightName":"WriteOwner","IsInherited":true,"PrincipalSID":"PANTHEON.GOD-S-1-5-32-544","PrincipalType":"Group"},{"RightName":"AllExtendedRights","IsInherited":true,"PrincipalSID":"PANTHEON.GOD-S-1-5-32-544","PrincipalType":"Group"},{"RightName":"WriteDacl","IsInherited":true,"PrincipalSID":"PANTHEON.GOD-S-1-5-32-544","PrincipalType":"Group"}],"AllowedToDelegate":[],"HasSIDHistory":[]},{"ObjectIdentifier":"S-1-5-21-3516374454-2761537032-415496107-1118","IsDeleted":false,"IsACLProtected":false,"Properties":{"domain":"PANTHEON.GOD","name":"ARES@PANTHEON.GOD","domainsid":"S-1-5-21-3516374454-2761537032-415496107","distinguishedname":"CN=ARES,CN=USERS,DC=PANTHEON,DC=GOD","highvalue":false,"description":"Je suis Arès, incarnation vivante du conflit, dieu de la guerre brute, du sang versé et de la rage incontrôlée.","whencreated":1749201833,"sensitive":false,"dontreqpreauth":false,"passwordnotreqd":false,"unconstraineddelegation":false,"pwdneverexpires":true,"enabled":true,"trustedtoauth":false,"lastlogon":-1,"lastlogontimestamp":-1,"pwdlastset":1749204451,"serviceprincipalnames":[],"hasspn":false,"displayname":null,"email":null,"title":null,"homedirectory":null,"logonscript":null,"samaccountname":"ares","userpassword":null,"unixpassword":null,"unicodepassword":null,"sfupassword":null,"admincount":false,"sidhistory":[],"allowedtodelegate":[]},"PrimaryGroupSID":"S-1-5-21-3516374454-2761537032-415496107-513","SPNTargets":[],"Aces":[{"RightName":"Owns","IsInherited":false,"PrincipalSID":"S-1-5-21-3516374454-2761537032-415496107-512","PrincipalType":"Group"},{"RightName":"GenericAll","IsInherited":false,"PrincipalSID":"S-1-5-21-3516374454-2761537032-415496107-512","PrincipalType":"Group"},{"RightName":"GenericAll","IsInherited":false,"PrincipalSID":"PANTHEON.GOD-S-1-5-32-548","PrincipalType":"Group"},{"RightName":"AddKeyCredentialLink","IsInherited":true,"PrincipalSID":"S-1-5-21-3516374454-2761537032-415496107-526","PrincipalType":"Group"},{"RightName":"AddKeyCredentialLink","IsInherited":true,"PrincipalSID":"S-1-5-21-3516374454-2761537032-415496107-527","PrincipalType":"Group"},{"RightName":"GenericAll","IsInherited":true,"PrincipalSID":"S-1-5-21-3516374454-2761537032-415496107-519","PrincipalType":"Group"},{"RightName":"GenericWrite","IsInherited":true,"PrincipalSID":"PANTHEON.GOD-S-1-5-32-544","PrincipalType":"Group"},{"RightName":"WriteOwner","IsInherited":true,"PrincipalSID":"PANTHEON.GOD-S-1-5-32-544","PrincipalType":"Group"},{"RightName":"AllExtendedRights","IsInherited":true,"PrincipalSID":"PANTHEON.GOD-S-1-5-32-544","PrincipalType":"Group"},{"RightName":"WriteDacl","IsInherited":true,"PrincipalSID":"PANTHEON.GOD-S-1-5-32-544","PrincipalType":"Group"}],"AllowedToDelegate":[],"HasSIDHistory":[]},{"ObjectIdentifier":"S-1-5-21-3516374454-2761537032-415496107-1119","IsDeleted":false,"IsACLProtected":false,"Properties":{"domain":"PANTHEON.GOD","name":"APHRODITE@PANTHEON.GOD","domainsid":"S-1-5-21-3516374454-2761537032-415496107","distinguishedname":"CN=APHRODITE,CN=USERS,DC=PANTHEON,DC=GOD","highvalue":false,"description":"Je suis Aphrodite, née de l'écume des mers, déesse de l'amour, du désir et de la beauté envoûtante.","whencreated":1749201840,"sensitive":false,"dontreqpreauth":false,"passwordnotreqd":false,"unconstraineddelegation":false,"pwdneverexpires":true,"enabled":true,"trustedtoauth":false,"lastlogon":-1,"lastlogontimestamp":-1,"pwdlastset":1749204458,"serviceprincipalnames":[],"hasspn":false,"displayname":null,"email":null,"title":null,"homedirectory":null,"logonscript":null,"samaccountname":"aphrodite","userpassword":null,"unixpassword":null,"unicodepassword":null,"sfupassword":null,"admincount":false,"sidhistory":[],"allowedtodelegate":[]},"PrimaryGroupSID":"S-1-5-21-3516374454-2761537032-415496107-513","SPNTargets":[],"Aces":[{"RightName":"Owns","IsInherited":false,"PrincipalSID":"S-1-5-21-3516374454-2761537032-415496107-512","PrincipalType":"Group"},{"RightName":"GenericAll","IsInherited":false,"PrincipalSID":"S-1-5-21-3516374454-2761537032-415496107-512","PrincipalType":"Group"},{"RightName":"GenericAll","IsInherited":false,"PrincipalSID":"PANTHEON.GOD-S-1-5-32-548","PrincipalType":"Group"},{"RightName":"AddKeyCredentialLink","IsInherited":true,"PrincipalSID":"S-1-5-21-3516374454-2761537032-415496107-526","PrincipalType":"Group"},{"RightName":"AddKeyCredentialLink","IsInherited":true,"PrincipalSID":"S-1-5-21-3516374454-2761537032-415496107-527","PrincipalType":"Group"},{"RightName":"GenericAll","IsInherited":true,"PrincipalSID":"S-1-5-21-3516374454-2761537032-415496107-519","PrincipalType":"Group"},{"RightName":"GenericWrite","IsInherited":true,"PrincipalSID":"PANTHEON.GOD-S-1-5-32-544","PrincipalType":"Group"},{"RightName":"WriteOwner","IsInherited":true,"PrincipalSID":"PANTHEON.GOD-S-1-5-32-544","PrincipalType":"Group"},{"RightName":"AllExtendedRights","IsInherited":true,"PrincipalSID":"PANTHEON.GOD-S-1-5-32-544","PrincipalType":"Group"},{"RightName":"WriteDacl","IsInherited":true,"PrincipalSID":"PANTHEON.GOD-S-1-5-32-544","PrincipalType":"Group"}],"AllowedToDelegate":[],"HasSIDHistory":[]},{"ObjectIdentifier":"S-1-5-21-3516374454-2761537032-415496107-1120","IsDeleted":false,"IsACLProtected":false,"Properties":{"domain":"PANTHEON.GOD","name":"HEPHAISTOS@PANTHEON.GOD","domainsid":"S-1-5-21-3516374454-2761537032-415496107","distinguishedname":"CN=HEPHAISTOS,CN=USERS,DC=PANTHEON,DC=GOD","highvalue":false,"description":"Je suis Héphaïstos, maître du feu et des forges divines.","whencreated":1749201847,"sensitive":false,"dontreqpreauth":false,"passwordnotreqd":false,"unconstraineddelegation":false,"pwdneverexpires":true,"enabled":true,"trustedtoauth":false,"lastlogon":-1,"lastlogontimestamp":-1,"pwdlastset":1749204465,"serviceprincipalnames":[],"hasspn":false,"displayname":null,"email":null,"title":null,"homedirectory":null,"logonscript":null,"samaccountname":"hephaistos","userpassword":null,"unixpassword":null,"unicodepassword":null,"sfupassword":null,"admincount":false,"sidhistory":[],"allowedtodelegate":[]},"PrimaryGroupSID":"S-1-5-21-3516374454-2761537032-415496107-513","SPNTargets":[],"Aces":[{"RightName":"Owns","IsInherited":false,"PrincipalSID":"S-1-5-21-3516374454-2761537032-415496107-512","PrincipalType":"Group"},{"RightName":"GenericAll","IsInherited":false,"PrincipalSID":"S-1-5-21-3516374454-2761537032-415496107-512","PrincipalType":"Group"},{"RightName":"GenericAll","IsInherited":false,"PrincipalSID":"PANTHEON.GOD-S-1-5-32-548","PrincipalType":"Group"},{"RightName":"AddKeyCredentialLink","IsInherited":true,"PrincipalSID":"S-1-5-21-3516374454-2761537032-415496107-526","PrincipalType":"Group"},{"RightName":"AddKeyCredentialLink","IsInherited":true,"PrincipalSID":"S-1-5-21-3516374454-2761537032-415496107-527","PrincipalType":"Group"},{"RightName":"GenericAll","IsInherited":true,"PrincipalSID":"S-1-5-21-3516374454-2761537032-415496107-519","PrincipalType":"Group"},{"RightName":"GenericWrite","IsInherited":true,"PrincipalSID":"PANTHEON.GOD-S-1-5-32-544","PrincipalType":"Group"},{"RightName":"WriteOwner","IsInherited":true,"PrincipalSID":"PANTHEON.GOD-S-1-5-32-544","PrincipalType":"Group"},{"RightName":"AllExtendedRights","IsInherited":true,"PrincipalSID":"PANTHEON.GOD-S-1-5-32-544","PrincipalType":"Group"},{"RightName":"WriteDacl","IsInherited":true,"PrincipalSID":"PANTHEON.GOD-S-1-5-32-544","PrincipalType":"Group"}],"AllowedToDelegate":[],"HasSIDHistory":[]},{"ObjectIdentifier":"S-1-5-21-3516374454-2761537032-415496107-1121","IsDeleted":false,"IsACLProtected":false,"Properties":{"domain":"PANTHEON.GOD","name":"HERMES@PANTHEON.GOD","domainsid":"S-1-5-21-3516374454-2761537032-415496107","distinguishedname":"CN=HERMES,CN=USERS,DC=PANTHEON,DC=GOD","highvalue":false,"description":"Je suis Hermès, le messager ailé, le dieu des voyageurs, des commerçants, des voleurs, et des frontières.","whencreated":1749201854,"sensitive":false,"dontreqpreauth":false,"passwordnotreqd":false,"unconstraineddelegation":false,"pwdneverexpires":true,"enabled":true,"trustedtoauth":false,"lastlogon":-1,"lastlogontimestamp":-1,"pwdlastset":1749204471,"serviceprincipalnames":[],"hasspn":false,"displayname":null,"email":null,"title":null,"homedirectory":null,"logonscript":null,"samaccountname":"hermes","userpassword":null,"unixpassword":null,"unicodepassword":null,"sfupassword":null,"admincount":false,"sidhistory":[],"allowedtodelegate":[]},"PrimaryGroupSID":"S-1-5-21-3516374454-2761537032-415496107-513","SPNTargets":[],"Aces":[{"RightName":"Owns","IsInherited":false,"PrincipalSID":"S-1-5-21-3516374454-2761537032-415496107-512","PrincipalType":"Group"},{"RightName":"GenericAll","IsInherited":false,"PrincipalSID":"S-1-5-21-3516374454-2761537032-415496107-512","PrincipalType":"Group"},{"RightName":"GenericAll","IsInherited":false,"PrincipalSID":"PANTHEON.GOD-S-1-5-32-548","PrincipalType":"Group"},{"RightName":"AddKeyCredentialLink","IsInherited":true,"PrincipalSID":"S-1-5-21-3516374454-2761537032-415496107-526","PrincipalType":"Group"},{"RightName":"AddKeyCredentialLink","IsInherited":true,"PrincipalSID":"S-1-5-21-3516374454-2761537032-415496107-527","PrincipalType":"Group"},{"RightName":"GenericAll","IsInherited":true,"PrincipalSID":"S-1-5-21-3516374454-2761537032-415496107-519","PrincipalType":"Group"},{"RightName":"GenericWrite","IsInherited":true,"PrincipalSID":"PANTHEON.GOD-S-1-5-32-544","PrincipalType":"Group"},{"RightName":"WriteOwner","IsInherited":true,"PrincipalSID":"PANTHEON.GOD-S-1-5-32-544","PrincipalType":"Group"},{"RightName":"AllExtendedRights","IsInherited":true,"PrincipalSID":"PANTHEON.GOD-S-1-5-32-544","PrincipalType":"Group"},{"RightName":"WriteDacl","IsInherited":true,"PrincipalSID":"PANTHEON.GOD-S-1-5-32-544","PrincipalType":"Group"}],"AllowedToDelegate":[],"HasSIDHistory":[]},{"ObjectIdentifier":"S-1-5-21-3516374454-2761537032-415496107-1122","IsDeleted":false,"IsACLProtected":false,"Properties":{"domain":"PANTHEON.GOD","name":"DIONYSOS@PANTHEON.GOD","domainsid":"S-1-5-21-3516374454-2761537032-415496107","distinguishedname":"CN=DIONYSOS,CN=USERS,DC=PANTHEON,DC=GOD","highvalue":false,"description":"Je suis Dionysos, dieu du vin, de l'extase, des mystères et des fêtes déchaînées.","whencreated":1749201861,"sensitive":false,"dontreqpreauth":false,"passwordnotreqd":false,"unconstraineddelegation":false,"pwdneverexpires":true,"enabled":true,"trustedtoauth":false,"lastlogon":-1,"lastlogontimestamp":-1,"pwdlastset":1749204479,"serviceprincipalnames":[],"hasspn":false,"displayname":null,"email":null,"title":null,"homedirectory":null,"logonscript":null,"samaccountname":"dionysos","userpassword":null,"unixpassword":null,"unicodepassword":null,"sfupassword":null,"admincount":false,"sidhistory":[],"allowedtodelegate":[]},"PrimaryGroupSID":"S-1-5-21-3516374454-2761537032-415496107-513","SPNTargets":[],"Aces":[{"RightName":"Owns","IsInherited":false,"PrincipalSID":"S-1-5-21-3516374454-2761537032-415496107-512","PrincipalType":"Group"},{"RightName":"GenericAll","IsInherited":false,"PrincipalSID":"S-1-5-21-3516374454-2761537032-415496107-512","PrincipalType":"Group"},{"RightName":"GenericAll","IsInherited":false,"PrincipalSID":"PANTHEON.GOD-S-1-5-32-548","PrincipalType":"Group"},{"RightName":"AddKeyCredentialLink","IsInherited":true,"PrincipalSID":"S-1-5-21-3516374454-2761537032-415496107-526","PrincipalType":"Group"},{"RightName":"AddKeyCredentialLink","IsInherited":true,"PrincipalSID":"S-1-5-21-3516374454-2761537032-415496107-527","PrincipalType":"Group"},{"RightName":"GenericAll","IsInherited":true,"PrincipalSID":"S-1-5-21-3516374454-2761537032-415496107-519","PrincipalType":"Group"},{"RightName":"GenericWrite","IsInherited":true,"PrincipalSID":"PANTHEON.GOD-S-1-5-32-544","PrincipalType":"Group"},{"RightName":"WriteOwner","IsInherited":true,"PrincipalSID":"PANTHEON.GOD-S-1-5-32-544","PrincipalType":"Group"},{"RightName":"AllExtendedRights","IsInherited":true,"PrincipalSID":"PANTHEON.GOD-S-1-5-32-544","PrincipalType":"Group"},{"RightName":"WriteDacl","IsInherited":true,"PrincipalSID":"PANTHEON.GOD-S-1-5-32-544","PrincipalType":"Group"}],"AllowedToDelegate":[],"HasSIDHistory":[]},{"ObjectIdentifier":"S-1-5-21-3516374454-2761537032-415496107-502","IsDeleted":false,"IsACLProtected":true,"Properties":{"domain":"PANTHEON.GOD","name":"KRBTGT@PANTHEON.GOD","domainsid":"S-1-5-21-3516374454-2761537032-415496107","distinguishedname":"CN=KRBTGT,CN=USERS,DC=PANTHEON,DC=GOD","highvalue":false,"description":"Key Distribution Center Service Account","whencreated":1749200687,"sensitive":false,"dontreqpreauth":false,"passwordnotreqd":false,"unconstraineddelegation":false,"pwdneverexpires":false,"enabled":true,"trustedtoauth":false,"lastlogon":-1,"lastlogontimestamp":-1,"pwdlastset":1749200687,"serviceprincipalnames":["kadmin/changepw"],"hasspn":true,"displayname":null,"email":null,"title":null,"homedirectory":null,"logonscript":null,"samaccountname":"krbtgt","userpassword":null,"unixpassword":null,"unicodepassword":null,"sfupassword":null,"admincount":true,"sidhistory":[],"allowedtodelegate":[]},"PrimaryGroupSID":"S-1-5-21-3516374454-2761537032-415496107-513","SPNTargets":[],"Aces":[{"RightName":"Owns","IsInherited":false,"PrincipalSID":"S-1-5-21-3516374454-2761537032-415496107-512","PrincipalType":"Group"},{"RightName":"GenericWrite","IsInherited":false,"PrincipalSID":"S-1-5-21-3516374454-2761537032-415496107-512","PrincipalType":"Group"},{"RightName":"WriteOwner","IsInherited":false,"PrincipalSID":"S-1-5-21-3516374454-2761537032-415496107-512","PrincipalType":"Group"},{"RightName":"AllExtendedRights","IsInherited":false,"PrincipalSID":"S-1-5-21-3516374454-2761537032-415496107-512","PrincipalType":"Group"},{"RightName":"WriteDacl","IsInherited":false,"PrincipalSID":"S-1-5-21-3516374454-2761537032-415496107-512","PrincipalType":"Group"},{"RightName":"GenericWrite","IsInherited":false,"PrincipalSID":"S-1-5-21-3516374454-2761537032-415496107-519","PrincipalType":"Group"},{"RightName":"WriteOwner","IsInherited":false,"PrincipalSID":"S-1-5-21-3516374454-2761537032-415496107-519","PrincipalType":"Group"},{"RightName":"AllExtendedRights","IsInherited":false,"PrincipalSID":"S-1-5-21-3516374454-2761537032-415496107-519","PrincipalType":"Group"},{"RightName":"WriteDacl","IsInherited":false,"PrincipalSID":"S-1-5-21-3516374454-2761537032-415496107-519","PrincipalType":"Group"},{"RightName":"GenericWrite","IsInherited":false,"PrincipalSID":"PANTHEON.GOD-S-1-5-32-544","PrincipalType":"Group"},{"RightName":"WriteOwner","IsInherited":false,"PrincipalSID":"PANTHEON.GOD-S-1-5-32-544","PrincipalType":"Group"},{"RightName":"AllExtendedRights","IsInherited":false,"PrincipalSID":"PANTHEON.GOD-S-1-5-32-544","PrincipalType":"Group"},{"RightName":"WriteDacl","IsInherited":false,"PrincipalSID":"PANTHEON.GOD-S-1-5-32-544","PrincipalType":"Group"}],"AllowedToDelegate":[],"HasSIDHistory":[]},{"ObjectIdentifier":"S-1-5-21-3516374454-2761537032-415496107-1133","IsDeleted":false,"IsACLProtected":false,"Properties":{"domain":"PANTHEON.GOD","name":"HADES@PANTHEON.GOD","domainsid":"S-1-5-21-3516374454-2761537032-415496107","distinguishedname":"CN=HADES,CN=USERS,DC=PANTHEON,DC=GOD","highvalue":false,"description":"Je suis Hadès, le souverain des Enfers, le maître du royaume des morts.","whencreated":1749201936,"sensitive":false,"dontreqpreauth":false,"passwordnotreqd":false,"unconstraineddelegation":false,"pwdneverexpires":true,"enabled":true,"trustedtoauth":false,"lastlogon":-1,"lastlogontimestamp":-1,"pwdlastset":1749204556,"serviceprincipalnames":[],"hasspn":false,"displayname":null,"email":null,"title":null,"homedirectory":null,"logonscript":null,"samaccountname":"hades","userpassword":null,"unixpassword":null,"unicodepassword":null,"sfupassword":null,"admincount":false,"sidhistory":[],"allowedtodelegate":[]},"PrimaryGroupSID":"S-1-5-21-3516374454-2761537032-415496107-513","SPNTargets":[],"Aces":[{"RightName":"Owns","IsInherited":false,"PrincipalSID":"S-1-5-21-3516374454-2761537032-415496107-512","PrincipalType":"Group"},{"RightName":"GenericAll","IsInherited":false,"PrincipalSID":"S-1-5-21-3516374454-2761537032-415496107-512","PrincipalType":"Group"},{"RightName":"GenericAll","IsInherited":false,"PrincipalSID":"PANTHEON.GOD-S-1-5-32-548","PrincipalType":"Group"},{"RightName":"AddKeyCredentialLink","IsInherited":true,"PrincipalSID":"S-1-5-21-3516374454-2761537032-415496107-526","PrincipalType":"Group"},{"RightName":"AddKeyCredentialLink","IsInherited":true,"PrincipalSID":"S-1-5-21-3516374454-2761537032-415496107-527","PrincipalType":"Group"},{"RightName":"GenericAll","IsInherited":true,"PrincipalSID":"S-1-5-21-3516374454-2761537032-415496107-519","PrincipalType":"Group"},{"RightName":"GenericWrite","IsInherited":true,"PrincipalSID":"PANTHEON.GOD-S-1-5-32-544","PrincipalType":"Group"},{"RightName":"WriteOwner","IsInherited":true,"PrincipalSID":"PANTHEON.GOD-S-1-5-32-544","PrincipalType":"Group"},{"RightName":"AllExtendedRights","IsInherited":true,"PrincipalSID":"PANTHEON.GOD-S-1-5-32-544","PrincipalType":"Group"},{"RightName":"WriteDacl","IsInherited":true,"PrincipalSID":"PANTHEON.GOD-S-1-5-32-544","PrincipalType":"Group"}],"AllowedToDelegate":[],"HasSIDHistory":[]},{"AllowedToDelegate":[],"IsDeleted":false,"IsACLProtected":false,"ObjectIdentifier":"PANTHEON.GOD-S-1-5-20","PrimaryGroupSID":null,"Properties":{"domain":"PANTHEON.GOD","domainsid":"S-1-5-21-3516374454-2761537032-415496107","name":"NT AUTHORITY@PANTHEON.GOD"},"SPNTargets":[],"Aces":[],"HasSIDHistory":[]}],"meta":{"methods":0,"type":"users","count":34,"version":5}}