{"data": [{"Properties": {"name": "PANTHEON-DC01-CA@PANTHEON.GOD", "highvalue": false, "CA Name": "pantheon-dc01-CA", "DNS Name": "pantheon-dc01.pantheon.god", "Certificate Subject": "CN=pantheon-dc01-CA, DC=pantheon, DC=god", "Certificate Serial Number": "171333B01ABF41B845ED9AB4DAD99C03", "Certificate Validity Start": "2025-06-05 16:29:58+00:00", "Certificate Validity End": "2030-06-05 16:39:58+00:00", "Web Enrollment": "Disabled", "User Specified SAN": "Disabled", "Request Disposition": "Issue", "Enforce Encryption for Requests": "Enabled", "domain": "PANTHEON.GOD", "type": "Enrollment Service"}, "ObjectIdentifier": "537b2f70-1c90-46f8-93ac-75304099f60e", "Aces": [{"PrincipalSID": "PANTHEON.GOD-S-1-5-32-544", "PrincipalType": "Group", "RightName": "Owns", "IsInherited": false}, {"PrincipalSID": "PANTHEON.GOD-S-1-5-32-544", "PrincipalType": "Group", "RightName": "ManageCertificates", "IsInherited": false}, {"PrincipalSID": "PANTHEON.GOD-S-1-5-32-544", "PrincipalType": "Group", "RightName": "ManageCa", "IsInherited": false}, {"PrincipalSID": "S-1-5-21-2719813644-4043245918-1696442929-512", "PrincipalType": "Group", "RightName": "ManageCertificates", "IsInherited": false}, {"PrincipalSID": "S-1-5-21-2719813644-4043245918-1696442929-512", "PrincipalType": "Group", "RightName": "ManageCa", "IsInherited": false}, {"PrincipalSID": "S-1-5-21-2719813644-4043245918-1696442929-519", "PrincipalType": "Group", "RightName": "ManageCertificates", "IsInherited": false}, {"PrincipalSID": "S-1-5-21-2719813644-4043245918-1696442929-519", "PrincipalType": "Group", "RightName": "ManageCa", "IsInherited": false}, {"PrincipalSID": "PANTHEON.GOD-S-1-5-11", "PrincipalType": "Group", "RightName": "Enroll", "IsInherited": false}]}, {"Properties": {"name": "KERBEROSAUTHENTICATION@PANTHEON.GOD", "highvalue": false, "Template Name": "KerberosAuthentication", "Display Name": "Kerberos Authentication", "Certificate Authorities": ["pantheon-dc01-CA"], "Enabled": true, "Client Authentication": true, "Enrollment Agent": false, "Any Purpose": false, "Enrollee Supplies Subject": false, "Certificate Name Flag": ["SubjectAltRequireDns", "SubjectAltRequireDomainDns"], "Enrollment Flag": ["AutoEnrollment"], "Private Key Flag": ["AttestNone"], "Extended Key Usage": ["Client Authentication", "Server Authentication", "Smart Card Logon", "KDC Authentication"], "Requires Manager Approval": false, "Requires Key Archival": false, "Authorized Signatures Required": 0, "Validity Period": "1 year", "Renewal Period": "6 weeks", "Minimum RSA Key Length": 2048, "domain": "PANTHEON.GOD", "type": "Certificate Template"}, "ObjectIdentifier": "5f307ccd-c519-4c32-bfa5-2e04e12589c3", "Aces": [{"PrincipalSID": "S-1-5-21-2719813644-4043245918-1696442929-519", "PrincipalType": "Group", "RightName": "Owns", "IsInherited": false}, {"PrincipalSID": "S-1-5-21-2719813644-4043245918-1696442929-498", "PrincipalType": "Group", "RightName": "Enroll", "IsInherited": false}, {"PrincipalSID": "S-1-5-21-2719813644-4043245918-1696442929-498", "PrincipalType": "Group", "RightName": "AutoEnroll", "IsInherited": false}, {"PrincipalSID": "S-1-5-21-2719813644-4043245918-1696442929-512", "PrincipalType": "Group", "RightName": "WriteOwner", "IsInherited": false}, {"PrincipalSID": "S-1-5-21-2719813644-4043245918-1696442929-512", "PrincipalType": "Group", "RightName": "WriteDacl", "IsInherited": false}, {"PrincipalSID": "S-1-5-21-2719813644-4043245918-1696442929-512", "PrincipalType": "Group", "RightName": "WriteProperty", "IsInherited": false}, {"PrincipalSID": "S-1-5-21-2719813644-4043245918-1696442929-512", "PrincipalType": "Group", "RightName": "Enroll", "IsInherited": false}, {"PrincipalSID": "S-1-5-21-2719813644-4043245918-1696442929-516", "PrincipalType": "Group", "RightName": "Enroll", "IsInherited": false}, {"PrincipalSID": "S-1-5-21-2719813644-4043245918-1696442929-516", "PrincipalType": "Group", "RightName": "AutoEnroll", "IsInherited": false}, {"PrincipalSID": "S-1-5-21-2719813644-4043245918-1696442929-519", "PrincipalType": "Group", "RightName": "WriteOwner", "IsInherited": false}, {"PrincipalSID": "S-1-5-21-2719813644-4043245918-1696442929-519", "PrincipalType": "Group", "RightName": "WriteDacl", "IsInherited": false}, {"PrincipalSID": "S-1-5-21-2719813644-4043245918-1696442929-519", "PrincipalType": "Group", "RightName": "WriteProperty", "IsInherited": false}, {"PrincipalSID": "S-1-5-21-2719813644-4043245918-1696442929-519", "PrincipalType": "Group", "RightName": "Enroll", "IsInherited": false}, {"PrincipalSID": "PANTHEON.GOD-S-1-5-9", "PrincipalType": "Group", "RightName": "Enroll", "IsInherited": false}, {"PrincipalSID": "PANTHEON.GOD-S-1-5-9", "PrincipalType": "Group", "RightName": "AutoEnroll", "IsInherited": false}]}, {"Properties": {"name": "OCSPRESPONSESIGNING@PANTHEON.GOD", "highvalue": false, "Template Name": "OCSPResponseSigning", "Display Name": "OCSP Response Signing", "Enabled": false, "Client Authentication": false, "Enrollment Agent": false, "Any Purpose": false, "Enrollee Supplies Subject": false, "Certificate Name Flag": ["SubjectRequireDnsAsCn", "SubjectAltRequireDns"], "Enrollment Flag": ["Norevocationinfoinissuedcerts", "AddOcspNocheck"], "Private Key Flag": ["AttestNone"], "Extended Key Usage": ["OCSP Signing"], "Requires Manager Approval": false, "Requires Key Archival": false, "Authorized Signatures Required": 0, "Validity Period": "2 weeks", "Renewal Period": "2 days", "Minimum RSA Key Length": 2048, "domain": "PANTHEON.GOD", "type": "Certificate Template"}, "ObjectIdentifier": "eaf702e6-7286-4632-986e-deb4d2e9fc23", "Aces": [{"PrincipalSID": "S-1-5-21-2719813644-4043245918-1696442929-519", "PrincipalType": "Group", "RightName": "Owns", "IsInherited": false}, {"PrincipalSID": "S-1-5-21-2719813644-4043245918-1696442929-512", "PrincipalType": "Group", "RightName": "WriteOwner", "IsInherited": false}, {"PrincipalSID": "S-1-5-21-2719813644-4043245918-1696442929-512", "PrincipalType": "Group", "RightName": "WriteDacl", "IsInherited": false}, {"PrincipalSID": "S-1-5-21-2719813644-4043245918-1696442929-512", "PrincipalType": "Group", "RightName": "WriteProperty", "IsInherited": false}, {"PrincipalSID": "S-1-5-21-2719813644-4043245918-1696442929-512", "PrincipalType": "Group", "RightName": "Enroll", "IsInherited": false}, {"PrincipalSID": "S-1-5-21-2719813644-4043245918-1696442929-519", "PrincipalType": "Group", "RightName": "WriteOwner", "IsInherited": false}, {"PrincipalSID": "S-1-5-21-2719813644-4043245918-1696442929-519", "PrincipalType": "Group", "RightName": "WriteDacl", "IsInherited": false}, {"PrincipalSID": "S-1-5-21-2719813644-4043245918-1696442929-519", "PrincipalType": "Group", "RightName": "WriteProperty", "IsInherited": false}, {"PrincipalSID": "S-1-5-21-2719813644-4043245918-1696442929-519", "PrincipalType": "Group", "RightName": "Enroll", "IsInherited": false}]}, {"Properties": {"name": "RASANDIASSERVER@PANTHEON.GOD", "highvalue": false, "Template Name": "RASAndIASServer", "Display Name": "RAS and IAS Server", "Enabled": false, "Client Authentication": true, "Enrollment Agent": false, "Any Purpose": false, "Enrollee Supplies Subject": false, "Certificate Name Flag": ["SubjectRequireCommonName", "SubjectAltRequireDns"], "Enrollment Flag": ["AutoEnrollment"], "Private Key Flag": ["AttestNone"], "Extended Key Usage": ["Client Authentication", "Server Authentication"], "Requires Manager Approval": false, "Requires Key Archival": false, "Authorized Signatures Required": 0, "Validity Period": "1 year", "Renewal Period": "6 weeks", "Minimum RSA Key Length": 2048, "domain": "PANTHEON.GOD", "type": "Certificate Template"}, "ObjectIdentifier": "c924efeb-ad78-4edb-8cc8-5f0685659cd3", "Aces": [{"PrincipalSID": "S-1-5-21-2719813644-4043245918-1696442929-519", "PrincipalType": "Group", "RightName": "Owns", "IsInherited": false}, {"PrincipalSID": "S-1-5-21-2719813644-4043245918-1696442929-512", "PrincipalType": "Group", "RightName": "WriteOwner", "IsInherited": false}, {"PrincipalSID": "S-1-5-21-2719813644-4043245918-1696442929-512", "PrincipalType": "Group", "RightName": "WriteDacl", "IsInherited": false}, {"PrincipalSID": "S-1-5-21-2719813644-4043245918-1696442929-512", "PrincipalType": "Group", "RightName": "WriteProperty", "IsInherited": false}, {"PrincipalSID": "S-1-5-21-2719813644-4043245918-1696442929-512", "PrincipalType": "Group", "RightName": "Enroll", "IsInherited": false}, {"PrincipalSID": "S-1-5-21-2719813644-4043245918-1696442929-519", "PrincipalType": "Group", "RightName": "WriteOwner", "IsInherited": false}, {"PrincipalSID": "S-1-5-21-2719813644-4043245918-1696442929-519", "PrincipalType": "Group", "RightName": "WriteDacl", "IsInherited": false}, {"PrincipalSID": "S-1-5-21-2719813644-4043245918-1696442929-519", "PrincipalType": "Group", "RightName": "WriteProperty", "IsInherited": false}, {"PrincipalSID": "S-1-5-21-2719813644-4043245918-1696442929-519", "PrincipalType": "Group", "RightName": "Enroll", "IsInherited": false}, {"PrincipalSID": "S-1-5-21-2719813644-4043245918-1696442929-553", "PrincipalType": "Group", "RightName": "Enroll", "IsInherited": false}]}, {"Properties": {"name": "WORKSTATION@PANTHEON.GOD", "highvalue": false, "Template Name": "Workstation", "Display Name": "Workstation Authentication", "Enabled": false, "Client Authentication": true, "Enrollment Agent": false, "Any Purpose": false, "Enrollee Supplies Subject": false, "Certificate Name Flag": ["SubjectAltRequireDns"], "Enrollment Flag": ["AutoEnrollment"], "Private Key Flag": ["AttestNone"], "Extended Key Usage": ["Client Authentication"], "Requires Manager Approval": false, "Requires Key Archival": false, "Authorized Signatures Required": 0, "Validity Period": "1 year", "Renewal Period": "6 weeks", "Minimum RSA Key Length": 2048, "domain": "PANTHEON.GOD", "type": "Certificate Template"}, "ObjectIdentifier": "bc27e16e-49e2-4112-9c0a-36d4f47a5a59", "Aces": [{"PrincipalSID": "S-1-5-21-2719813644-4043245918-1696442929-519", "PrincipalType": "Group", "RightName": "Owns", "IsInherited": false}, {"PrincipalSID": "S-1-5-21-2719813644-4043245918-1696442929-512", "PrincipalType": "Group", "RightName": "WriteOwner", "IsInherited": false}, {"PrincipalSID": "S-1-5-21-2719813644-4043245918-1696442929-512", "PrincipalType": "Group", "RightName": "WriteDacl", "IsInherited": false}, {"PrincipalSID": "S-1-5-21-2719813644-4043245918-1696442929-512", "PrincipalType": "Group", "RightName": "WriteProperty", "IsInherited": false}, {"PrincipalSID": "S-1-5-21-2719813644-4043245918-1696442929-512", "PrincipalType": "Group", "RightName": "Enroll", "IsInherited": false}, {"PrincipalSID": "S-1-5-21-2719813644-4043245918-1696442929-515", "PrincipalType": "Group", "RightName": "Enroll", "IsInherited": false}, {"PrincipalSID": "S-1-5-21-2719813644-4043245918-1696442929-519", "PrincipalType": "Group", "RightName": "WriteOwner", "IsInherited": false}, {"PrincipalSID": "S-1-5-21-2719813644-4043245918-1696442929-519", "PrincipalType": "Group", "RightName": "WriteDacl", "IsInherited": false}, {"PrincipalSID": "S-1-5-21-2719813644-4043245918-1696442929-519", "PrincipalType": "Group", "RightName": "WriteProperty", "IsInherited": false}, {"PrincipalSID": "S-1-5-21-2719813644-4043245918-1696442929-519", "PrincipalType": "Group", "RightName": "Enroll", "IsInherited": false}]}, {"Properties": {"name": "DIRECTORYEMAILREPLICATION@PANTHEON.GOD", "highvalue": false, "Template Name": "DirectoryEmailReplication", "Display Name": "Directory Email Replication", "Certificate Authorities": ["pantheon-dc01-CA"], "Enabled": true, "Client Authentication": false, "Enrollment Agent": false, "Any Purpose": false, "Enrollee Supplies Subject": false, "Certificate Name Flag": ["SubjectAltRequireDns", "SubjectAltRequireDirectoryGuid"], "Enrollment Flag": ["AutoEnrollment", "PublishToDs", "IncludeSymmetricAlgorithms"], "Private Key Flag": ["AttestNone"], "Extended Key Usage": ["Directory Service Email Replication"], "Requires Manager Approval": false, "Requires Key Archival": false, "Authorized Signatures Required": 0, "Validity Period": "1 year", "Renewal Period": "6 weeks", "Minimum RSA Key Length": 2048, "domain": "PANTHEON.GOD", "type": "Certificate Template"}, "ObjectIdentifier": "a38f3820-76e6-4daf-86fa-11b081cebf60", "Aces": [{"PrincipalSID": "S-1-5-21-2719813644-4043245918-1696442929-519", "PrincipalType": "Group", "RightName": "Owns", "IsInherited": false}, {"PrincipalSID": "S-1-5-21-2719813644-4043245918-1696442929-498", "PrincipalType": "Group", "RightName": "Enroll", "IsInherited": false}, {"PrincipalSID": "S-1-5-21-2719813644-4043245918-1696442929-498", "PrincipalType": "Group", "RightName": "AutoEnroll", "IsInherited": false}, {"PrincipalSID": "S-1-5-21-2719813644-4043245918-1696442929-512", "PrincipalType": "Group", "RightName": "WriteOwner", "IsInherited": false}, {"PrincipalSID": "S-1-5-21-2719813644-4043245918-1696442929-512", "PrincipalType": "Group", "RightName": "WriteDacl", "IsInherited": false}, {"PrincipalSID": "S-1-5-21-2719813644-4043245918-1696442929-512", "PrincipalType": "Group", "RightName": "WriteProperty", "IsInherited": false}, {"PrincipalSID": "S-1-5-21-2719813644-4043245918-1696442929-512", "PrincipalType": "Group", "RightName": "Enroll", "IsInherited": false}, {"PrincipalSID": "S-1-5-21-2719813644-4043245918-1696442929-516", "PrincipalType": "Group", "RightName": "Enroll", "IsInherited": false}, {"PrincipalSID": "S-1-5-21-2719813644-4043245918-1696442929-516", "PrincipalType": "Group", "RightName": "AutoEnroll", "IsInherited": false}, {"PrincipalSID": "S-1-5-21-2719813644-4043245918-1696442929-519", "PrincipalType": "Group", "RightName": "WriteOwner", "IsInherited": false}, {"PrincipalSID": "S-1-5-21-2719813644-4043245918-1696442929-519", "PrincipalType": "Group", "RightName": "WriteDacl", "IsInherited": false}, {"PrincipalSID": "S-1-5-21-2719813644-4043245918-1696442929-519", "PrincipalType": "Group", "RightName": "WriteProperty", "IsInherited": false}, {"PrincipalSID": "S-1-5-21-2719813644-4043245918-1696442929-519", "PrincipalType": "Group", "RightName": "Enroll", "IsInherited": false}, {"PrincipalSID": "PANTHEON.GOD-S-1-5-9", "PrincipalType": "Group", "RightName": "Enroll", "IsInherited": false}, {"PrincipalSID": "PANTHEON.GOD-S-1-5-9", "PrincipalType": "Group", "RightName": "AutoEnroll", "IsInherited": false}]}, {"Properties": {"name": "DOMAINCONTROLLERAUTHENTICATION@PANTHEON.GOD", "highvalue": false, "Template Name": "DomainControllerAuthentication", "Display Name": "Domain Controller Authentication", "Certificate Authorities": ["pantheon-dc01-CA"], "Enabled": true, "Client Authentication": true, "Enrollment Agent": false, "Any Purpose": false, "Enrollee Supplies Subject": false, "Certificate Name Flag": ["SubjectAltRequireDns"], "Enrollment Flag": ["AutoEnrollment"], "Private Key Flag": ["AttestNone"], "Extended Key Usage": ["Client Authentication", "Server Authentication", "Smart Card Logon"], "Requires Manager Approval": false, "Requires Key Archival": false, "Authorized Signatures Required": 0, "Validity Period": "1 year", "Renewal Period": "6 weeks", "Minimum RSA Key Length": 2048, "domain": "PANTHEON.GOD", "type": "Certificate Template"}, "ObjectIdentifier": "16509c66-9ebf-420e-b238-e604b6f17483", "Aces": [{"PrincipalSID": "S-1-5-21-2719813644-4043245918-1696442929-519", "PrincipalType": "Group", "RightName": "Owns", "IsInherited": false}, {"PrincipalSID": "S-1-5-21-2719813644-4043245918-1696442929-498", "PrincipalType": "Group", "RightName": "Enroll", "IsInherited": false}, {"PrincipalSID": "S-1-5-21-2719813644-4043245918-1696442929-498", "PrincipalType": "Group", "RightName": "AutoEnroll", "IsInherited": false}, {"PrincipalSID": "S-1-5-21-2719813644-4043245918-1696442929-512", "PrincipalType": "Group", "RightName": "WriteOwner", "IsInherited": false}, {"PrincipalSID": "S-1-5-21-2719813644-4043245918-1696442929-512", "PrincipalType": "Group", "RightName": "WriteDacl", "IsInherited": false}, {"PrincipalSID": "S-1-5-21-2719813644-4043245918-1696442929-512", "PrincipalType": "Group", "RightName": "WriteProperty", "IsInherited": false}, {"PrincipalSID": "S-1-5-21-2719813644-4043245918-1696442929-512", "PrincipalType": "Group", "RightName": "Enroll", "IsInherited": false}, {"PrincipalSID": "S-1-5-21-2719813644-4043245918-1696442929-516", "PrincipalType": "Group", "RightName": "Enroll", "IsInherited": false}, {"PrincipalSID": "S-1-5-21-2719813644-4043245918-1696442929-516", "PrincipalType": "Group", "RightName": "AutoEnroll", "IsInherited": false}, {"PrincipalSID": "S-1-5-21-2719813644-4043245918-1696442929-519", "PrincipalType": "Group", "RightName": "WriteOwner", "IsInherited": false}, {"PrincipalSID": "S-1-5-21-2719813644-4043245918-1696442929-519", "PrincipalType": "Group", "RightName": "WriteDacl", "IsInherited": false}, {"PrincipalSID": "S-1-5-21-2719813644-4043245918-1696442929-519", "PrincipalType": "Group", "RightName": "WriteProperty", "IsInherited": false}, {"PrincipalSID": "S-1-5-21-2719813644-4043245918-1696442929-519", "PrincipalType": "Group", "RightName": "Enroll", "IsInherited": false}, {"PrincipalSID": "PANTHEON.GOD-S-1-5-9", "PrincipalType": "Group", "RightName": "Enroll", "IsInherited": false}, {"PrincipalSID": "PANTHEON.GOD-S-1-5-9", "PrincipalType": "Group", "RightName": "AutoEnroll", "IsInherited": false}]}, {"Properties": {"name": "KEYRECOVERYAGENT@PANTHEON.GOD", "highvalue": false, "Template Name": "KeyRecoveryAgent", "Display Name": "Key Recovery Agent", "Enabled": false, "Client Authentication": false, "Enrollment Agent": false, "Any Purpose": false, "Enrollee Supplies Subject": false, "Certificate Name Flag": ["SubjectRequireDirectoryPath", "SubjectAltRequireUpn"], "Enrollment Flag": ["AutoEnrollment", "PublishToKraContainer", "PendAllRequests", "IncludeSymmetricAlgorithms"], "Private Key Flag": ["ExportableKey"], "Extended Key Usage": ["Key Recovery Agent"], "Requires Manager Approval": true, "Requires Key Archival": false, "Authorized Signatures Required": 0, "Validity Period": "2 years", "Renewal Period": "6 weeks", "Minimum RSA Key Length": 2048, "domain": "PANTHEON.GOD", "type": "Certificate Template"}, "ObjectIdentifier": "3876283a-dc1b-49e3-adba-20a65e2aa450", "Aces": [{"PrincipalSID": "S-1-5-21-2719813644-4043245918-1696442929-519", "PrincipalType": "Group", "RightName": "Owns", "IsInherited": false}, {"PrincipalSID": "S-1-5-21-2719813644-4043245918-1696442929-512", "PrincipalType": "Group", "RightName": "WriteOwner", "IsInherited": false}, {"PrincipalSID": "S-1-5-21-2719813644-4043245918-1696442929-512", "PrincipalType": "Group", "RightName": "WriteDacl", "IsInherited": false}, {"PrincipalSID": "S-1-5-21-2719813644-4043245918-1696442929-512", "PrincipalType": "Group", "RightName": "WriteProperty", "IsInherited": false}, {"PrincipalSID": "S-1-5-21-2719813644-4043245918-1696442929-512", "PrincipalType": "Group", "RightName": "Enroll", "IsInherited": false}, {"PrincipalSID": "S-1-5-21-2719813644-4043245918-1696442929-519", "PrincipalType": "Group", "RightName": "WriteOwner", "IsInherited": false}, {"PrincipalSID": "S-1-5-21-2719813644-4043245918-1696442929-519", "PrincipalType": "Group", "RightName": "WriteDacl", "IsInherited": false}, {"PrincipalSID": "S-1-5-21-2719813644-4043245918-1696442929-519", "PrincipalType": "Group", "RightName": "WriteProperty", "IsInherited": false}, {"PrincipalSID": "S-1-5-21-2719813644-4043245918-1696442929-519", "PrincipalType": "Group", "RightName": "Enroll", "IsInherited": false}]}, {"Properties": {"name": "CAEXCHANGE@PANTHEON.GOD", "highvalue": false, "Template Name": "CAExchange", "Display Name": "CA Exchange", "Enabled": false, "Client Authentication": false, "Enrollment Agent": false, "Any Purpose": false, "Enrollee Supplies Subject": true, "Certificate Name Flag": ["EnrolleeSuppliesSubject"], "Enrollment Flag": ["IncludeSymmetricAlgorithms"], "Private Key Flag": ["AttestNone"], "Extended Key Usage": ["Private Key Archival"], "Requires Manager Approval": false, "Requires Key Archival": false, "Authorized Signatures Required": 0, "Validity Period": "1 week", "Renewal Period": "1 day", "Minimum RSA Key Length": 2048, "domain": "PANTHEON.GOD", "type": "Certificate Template"}, "ObjectIdentifier": "dc67930f-f178-472c-8160-031cf99d6ed7", "Aces": [{"PrincipalSID": "S-1-5-21-2719813644-4043245918-1696442929-519", "PrincipalType": "Group", "RightName": "Owns", "IsInherited": false}, {"PrincipalSID": "S-1-5-21-2719813644-4043245918-1696442929-512", "PrincipalType": "Group", "RightName": "WriteOwner", "IsInherited": false}, {"PrincipalSID": "S-1-5-21-2719813644-4043245918-1696442929-512", "PrincipalType": "Group", "RightName": "WriteDacl", "IsInherited": false}, {"PrincipalSID": "S-1-5-21-2719813644-4043245918-1696442929-512", "PrincipalType": "Group", "RightName": "WriteProperty", "IsInherited": false}, {"PrincipalSID": "S-1-5-21-2719813644-4043245918-1696442929-512", "PrincipalType": "Group", "RightName": "Enroll", "IsInherited": false}, {"PrincipalSID": "S-1-5-21-2719813644-4043245918-1696442929-519", "PrincipalType": "Group", "RightName": "WriteOwner", "IsInherited": false}, {"PrincipalSID": "S-1-5-21-2719813644-4043245918-1696442929-519", "PrincipalType": "Group", "RightName": "WriteDacl", "IsInherited": false}, {"PrincipalSID": "S-1-5-21-2719813644-4043245918-1696442929-519", "PrincipalType": "Group", "RightName": "WriteProperty", "IsInherited": false}, {"PrincipalSID": "S-1-5-21-2719813644-4043245918-1696442929-519", "PrincipalType": "Group", "RightName": "Enroll", "IsInherited": false}]}, {"Properties": {"name": "CROSSCA@PANTHEON.GOD", "highvalue": false, "Template Name": "CrossCA", "Display Name": "Cross Certification Authority", "Enabled": false, "Client Authentication": true, "Enrollment Agent": true, "Any Purpose": true, "Enrollee Supplies Subject": true, "Certificate Name Flag": ["EnrolleeSuppliesSubject"], "Enrollment Flag": ["PublishToDs"], "Private Key Flag": ["ExportableKey"], "Requires Manager Approval": false, "Requires Key Archival": false, "Authorized Signatures Required": 1, "Validity Period": "5 years", "Renewal Period": "6 weeks", "Minimum RSA Key Length": 2048, "domain": "PANTHEON.GOD", "type": "Certificate Template"}, "ObjectIdentifier": "1d5a1d9f-4ebc-4b89-826d-c795e3eef79a", "Aces": [{"PrincipalSID": "S-1-5-21-2719813644-4043245918-1696442929-519", "PrincipalType": "Group", "RightName": "Owns", "IsInherited": false}, {"PrincipalSID": "S-1-5-21-2719813644-4043245918-1696442929-512", "PrincipalType": "Group", "RightName": "WriteOwner", "IsInherited": false}, {"PrincipalSID": "S-1-5-21-2719813644-4043245918-1696442929-512", "PrincipalType": "Group", "RightName": "WriteDacl", "IsInherited": false}, {"PrincipalSID": "S-1-5-21-2719813644-4043245918-1696442929-512", "PrincipalType": "Group", "RightName": "WriteProperty", "IsInherited": false}, {"PrincipalSID": "S-1-5-21-2719813644-4043245918-1696442929-512", "PrincipalType": "Group", "RightName": "Enroll", "IsInherited": false}, {"PrincipalSID": "S-1-5-21-2719813644-4043245918-1696442929-519", "PrincipalType": "Group", "RightName": "WriteOwner", "IsInherited": false}, {"PrincipalSID": "S-1-5-21-2719813644-4043245918-1696442929-519", "PrincipalType": "Group", "RightName": "WriteDacl", "IsInherited": false}, {"PrincipalSID": "S-1-5-21-2719813644-4043245918-1696442929-519", "PrincipalType": "Group", "RightName": "WriteProperty", "IsInherited": false}, {"PrincipalSID": "S-1-5-21-2719813644-4043245918-1696442929-519", "PrincipalType": "Group", "RightName": "Enroll", "IsInherited": false}]}, {"Properties": {"name": "EXCHANGEUSERSIGNATURE@PANTHEON.GOD", "highvalue": false, "Template Name": "ExchangeUserSignature", "Display Name": "Exchange Signature Only", "Enabled": false, "Client Authentication": false, "Enrollment Agent": false, "Any Purpose": false, "Enrollee Supplies Subject": true, "Certificate Name Flag": ["EnrolleeSuppliesSubject"], "Enrollment Flag": ["None"], "Private Key Flag": ["AttestNone"], "Extended Key Usage": ["Secure Email"], "Requires Manager Approval": false, "Requires Key Archival": false, "Authorized Signatures Required": 0, "Validity Period": "1 year", "Renewal Period": "6 weeks", "Minimum RSA Key Length": 2048, "domain": "PANTHEON.GOD", "type": "Certificate Template"}, "ObjectIdentifier": "ef56fac1-df06-4139-81d2-ad768e785400", "Aces": [{"PrincipalSID": "S-1-5-21-2719813644-4043245918-1696442929-519", "PrincipalType": "Group", "RightName": "Owns", "IsInherited": false}, {"PrincipalSID": "S-1-5-21-2719813644-4043245918-1696442929-512", "PrincipalType": "Group", "RightName": "WriteOwner", "IsInherited": false}, {"PrincipalSID": "S-1-5-21-2719813644-4043245918-1696442929-512", "PrincipalType": "Group", "RightName": "WriteDacl", "IsInherited": false}, {"PrincipalSID": "S-1-5-21-2719813644-4043245918-1696442929-512", "PrincipalType": "Group", "RightName": "WriteProperty", "IsInherited": false}, {"PrincipalSID": "S-1-5-21-2719813644-4043245918-1696442929-512", "PrincipalType": "Group", "RightName": "Enroll", "IsInherited": false}, {"PrincipalSID": "S-1-5-21-2719813644-4043245918-1696442929-519", "PrincipalType": "Group", "RightName": "WriteOwner", "IsInherited": false}, {"PrincipalSID": "S-1-5-21-2719813644-4043245918-1696442929-519", "PrincipalType": "Group", "RightName": "WriteDacl", "IsInherited": false}, {"PrincipalSID": "S-1-5-21-2719813644-4043245918-1696442929-519", "PrincipalType": "Group", "RightName": "WriteProperty", "IsInherited": false}, {"PrincipalSID": "S-1-5-21-2719813644-4043245918-1696442929-519", "PrincipalType": "Group", "RightName": "Enroll", "IsInherited": false}]}, {"Properties": {"name": "EXCHANGEUSER@PANTHEON.GOD", "highvalue": false, "Template Name": "ExchangeUser", "Display Name": "Exchange User", "Enabled": false, "Client Authentication": false, "Enrollment Agent": false, "Any Purpose": false, "Enrollee Supplies Subject": true, "Certificate Name Flag": ["EnrolleeSuppliesSubject"], "Enrollment Flag": ["IncludeSymmetricAlgorithms"], "Private Key Flag": ["ExportableKey"], "Extended Key Usage": ["Secure Email"], "Requires Manager Approval": false, "Requires Key Archival": false, "Authorized Signatures Required": 0, "Validity Period": "1 year", "Renewal Period": "6 weeks", "Minimum RSA Key Length": 2048, "domain": "PANTHEON.GOD", "type": "Certificate Template"}, "ObjectIdentifier": "4e44f81f-52cc-4070-80d7-a9b455b0ca09", "Aces": [{"PrincipalSID": "S-1-5-21-2719813644-4043245918-1696442929-519", "PrincipalType": "Group", "RightName": "Owns", "IsInherited": false}, {"PrincipalSID": "S-1-5-21-2719813644-4043245918-1696442929-512", "PrincipalType": "Group", "RightName": "WriteOwner", "IsInherited": false}, {"PrincipalSID": "S-1-5-21-2719813644-4043245918-1696442929-512", "PrincipalType": "Group", "RightName": "WriteDacl", "IsInherited": false}, {"PrincipalSID": "S-1-5-21-2719813644-4043245918-1696442929-512", "PrincipalType": "Group", "RightName": "WriteProperty", "IsInherited": false}, {"PrincipalSID": "S-1-5-21-2719813644-4043245918-1696442929-512", "PrincipalType": "Group", "RightName": "Enroll", "IsInherited": false}, {"PrincipalSID": "S-1-5-21-2719813644-4043245918-1696442929-519", "PrincipalType": "Group", "RightName": "WriteOwner", "IsInherited": false}, {"PrincipalSID": "S-1-5-21-2719813644-4043245918-1696442929-519", "PrincipalType": "Group", "RightName": "WriteDacl", "IsInherited": false}, {"PrincipalSID": "S-1-5-21-2719813644-4043245918-1696442929-519", "PrincipalType": "Group", "RightName": "WriteProperty", "IsInherited": false}, {"PrincipalSID": "S-1-5-21-2719813644-4043245918-1696442929-519", "PrincipalType": "Group", "RightName": "Enroll", "IsInherited": false}]}, {"Properties": {"name": "CEPENCRYPTION@PANTHEON.GOD", "highvalue": false, "Template Name": "CEPEncryption", "Display Name": "CEP Encryption", "Enabled": false, "Client Authentication": false, "Enrollment Agent": true, "Any Purpose": false, "Enrollee Supplies Subject": true, "Certificate Name Flag": ["EnrolleeSuppliesSubject"], "Enrollment Flag": ["None"], "Private Key Flag": ["AttestNone"], "Extended Key Usage": ["Certificate Request Agent"], "Requires Manager Approval": false, "Requires Key Archival": false, "Authorized Signatures Required": 0, "Validity Period": "2 years", "Renewal Period": "6 weeks", "Minimum RSA Key Length": 2048, "domain": "PANTHEON.GOD", "type": "Certificate Template"}, "ObjectIdentifier": "ab1a69c7-e728-415e-baf4-2b54388824f0", "Aces": [{"PrincipalSID": "S-1-5-21-2719813644-4043245918-1696442929-519", "PrincipalType": "Group", "RightName": "Owns", "IsInherited": false}, {"PrincipalSID": "S-1-5-21-2719813644-4043245918-1696442929-512", "PrincipalType": "Group", "RightName": "WriteOwner", "IsInherited": false}, {"PrincipalSID": "S-1-5-21-2719813644-4043245918-1696442929-512", "PrincipalType": "Group", "RightName": "WriteDacl", "IsInherited": false}, {"PrincipalSID": "S-1-5-21-2719813644-4043245918-1696442929-512", "PrincipalType": "Group", "RightName": "WriteProperty", "IsInherited": false}, {"PrincipalSID": "S-1-5-21-2719813644-4043245918-1696442929-512", "PrincipalType": "Group", "RightName": "Enroll", "IsInherited": false}, {"PrincipalSID": "S-1-5-21-2719813644-4043245918-1696442929-519", "PrincipalType": "Group", "RightName": "WriteOwner", "IsInherited": false}, {"PrincipalSID": "S-1-5-21-2719813644-4043245918-1696442929-519", "PrincipalType": "Group", "RightName": "WriteDacl", "IsInherited": false}, {"PrincipalSID": "S-1-5-21-2719813644-4043245918-1696442929-519", "PrincipalType": "Group", "RightName": "WriteProperty", "IsInherited": false}, {"PrincipalSID": "S-1-5-21-2719813644-4043245918-1696442929-519", "PrincipalType": "Group", "RightName": "Enroll", "IsInherited": false}]}, {"Properties": {"name": "OFFLINEROUTER@PANTHEON.GOD", "highvalue": false, "Template Name": "OfflineRouter", "Display Name": "Router (Offline request)", "Enabled": false, "Client Authentication": true, "Enrollment Agent": false, "Any Purpose": false, "Enrollee Supplies Subject": true, "Certificate Name Flag": ["EnrolleeSuppliesSubject"], "Enrollment Flag": ["None"], "Private Key Flag": ["AttestNone"], "Extended Key Usage": ["Client Authentication"], "Requires Manager Approval": false, "Requires Key Archival": false, "Authorized Signatures Required": 0, "Validity Period": "2 years", "Renewal Period": "6 weeks", "Minimum RSA Key Length": 2048, "domain": "PANTHEON.GOD", "type": "Certificate Template"}, "ObjectIdentifier": "d87d23ca-77aa-4bb3-b963-343376587e86", "Aces": [{"PrincipalSID": "S-1-5-21-2719813644-4043245918-1696442929-519", "PrincipalType": "Group", "RightName": "Owns", "IsInherited": false}, {"PrincipalSID": "S-1-5-21-2719813644-4043245918-1696442929-512", "PrincipalType": "Group", "RightName": "WriteOwner", "IsInherited": false}, {"PrincipalSID": "S-1-5-21-2719813644-4043245918-1696442929-512", "PrincipalType": "Group", "RightName": "WriteDacl", "IsInherited": false}, {"PrincipalSID": "S-1-5-21-2719813644-4043245918-1696442929-512", "PrincipalType": "Group", "RightName": "WriteProperty", "IsInherited": false}, {"PrincipalSID": "S-1-5-21-2719813644-4043245918-1696442929-512", "PrincipalType": "Group", "RightName": "Enroll", "IsInherited": false}, {"PrincipalSID": "S-1-5-21-2719813644-4043245918-1696442929-519", "PrincipalType": "Group", "RightName": "WriteOwner", "IsInherited": false}, {"PrincipalSID": "S-1-5-21-2719813644-4043245918-1696442929-519", "PrincipalType": "Group", "RightName": "WriteDacl", "IsInherited": false}, {"PrincipalSID": "S-1-5-21-2719813644-4043245918-1696442929-519", "PrincipalType": "Group", "RightName": "WriteProperty", "IsInherited": false}, {"PrincipalSID": "S-1-5-21-2719813644-4043245918-1696442929-519", "PrincipalType": "Group", "RightName": "Enroll", "IsInherited": false}]}, {"Properties": {"name": "IPSECINTERMEDIATEOFFLINE@PANTHEON.GOD", "highvalue": false, "Template Name": "IPSECIntermediateOffline", "Display Name": "IPSec (Offline request)", "Enabled": false, "Client Authentication": false, "Enrollment Agent": false, "Any Purpose": false, "Enrollee Supplies Subject": true, "Certificate Name Flag": ["EnrolleeSuppliesSubject"], "Enrollment Flag": ["None"], "Private Key Flag": ["AttestNone"], "Extended Key Usage": ["IP security IKE intermediate"], "Requires Manager Approval": false, "Requires Key Archival": false, "Authorized Signatures Required": 0, "Validity Period": "2 years", "Renewal Period": "6 weeks", "Minimum RSA Key Length": 2048, "domain": "PANTHEON.GOD", "type": "Certificate Template"}, "ObjectIdentifier": "f4cf1952-7e8c-4948-aee6-050044966d6f", "Aces": [{"PrincipalSID": "S-1-5-21-2719813644-4043245918-1696442929-519", "PrincipalType": "Group", "RightName": "Owns", "IsInherited": false}, {"PrincipalSID": "S-1-5-21-2719813644-4043245918-1696442929-512", "PrincipalType": "Group", "RightName": "WriteOwner", "IsInherited": false}, {"PrincipalSID": "S-1-5-21-2719813644-4043245918-1696442929-512", "PrincipalType": "Group", "RightName": "WriteDacl", "IsInherited": false}, {"PrincipalSID": "S-1-5-21-2719813644-4043245918-1696442929-512", "PrincipalType": "Group", "RightName": "WriteProperty", "IsInherited": false}, {"PrincipalSID": "S-1-5-21-2719813644-4043245918-1696442929-512", "PrincipalType": "Group", "RightName": "Enroll", "IsInherited": false}, {"PrincipalSID": "S-1-5-21-2719813644-4043245918-1696442929-519", "PrincipalType": "Group", "RightName": "WriteOwner", "IsInherited": false}, {"PrincipalSID": "S-1-5-21-2719813644-4043245918-1696442929-519", "PrincipalType": "Group", "RightName": "WriteDacl", "IsInherited": false}, {"PrincipalSID": "S-1-5-21-2719813644-4043245918-1696442929-519", "PrincipalType": "Group", "RightName": "WriteProperty", "IsInherited": false}, {"PrincipalSID": "S-1-5-21-2719813644-4043245918-1696442929-519", "PrincipalType": "Group", "RightName": "Enroll", "IsInherited": false}]}, {"Properties": {"name": "IPSECINTERMEDIATEONLINE@PANTHEON.GOD", "highvalue": false, "Template Name": "IPSECIntermediateOnline", "Display Name": "IPSec", "Enabled": false, "Client Authentication": false, "Enrollment Agent": false, "Any Purpose": false, "Enrollee Supplies Subject": false, "Certificate Name Flag": ["SubjectRequireDnsAsCn", "SubjectAltRequireDns"], "Enrollment Flag": ["AutoEnrollment"], "Private Key Flag": ["AttestNone"], "Extended Key Usage": ["IP security IKE intermediate"], "Requires Manager Approval": false, "Requires Key Archival": false, "Authorized Signatures Required": 0, "Validity Period": "2 years", "Renewal Period": "6 weeks", "Minimum RSA Key Length": 2048, "domain": "PANTHEON.GOD", "type": "Certificate Template"}, "ObjectIdentifier": "fe187314-a888-4477-ad73-2a03c61b3505", "Aces": [{"PrincipalSID": "S-1-5-21-2719813644-4043245918-1696442929-519", "PrincipalType": "Group", "RightName": "Owns", "IsInherited": false}, {"PrincipalSID": "S-1-5-21-2719813644-4043245918-1696442929-512", "PrincipalType": "Group", "RightName": "WriteOwner", "IsInherited": false}, {"PrincipalSID": "S-1-5-21-2719813644-4043245918-1696442929-512", "PrincipalType": "Group", "RightName": "WriteDacl", "IsInherited": false}, {"PrincipalSID": "S-1-5-21-2719813644-4043245918-1696442929-512", "PrincipalType": "Group", "RightName": "WriteProperty", "IsInherited": false}, {"PrincipalSID": "S-1-5-21-2719813644-4043245918-1696442929-512", "PrincipalType": "Group", "RightName": "Enroll", "IsInherited": false}, {"PrincipalSID": "S-1-5-21-2719813644-4043245918-1696442929-515", "PrincipalType": "Group", "RightName": "Enroll", "IsInherited": false}, {"PrincipalSID": "S-1-5-21-2719813644-4043245918-1696442929-516", "PrincipalType": "Group", "RightName": "Enroll", "IsInherited": false}, {"PrincipalSID": "S-1-5-21-2719813644-4043245918-1696442929-519", "PrincipalType": "Group", "RightName": "WriteOwner", "IsInherited": false}, {"PrincipalSID": "S-1-5-21-2719813644-4043245918-1696442929-519", "PrincipalType": "Group", "RightName": "WriteDacl", "IsInherited": false}, {"PrincipalSID": "S-1-5-21-2719813644-4043245918-1696442929-519", "PrincipalType": "Group", "RightName": "WriteProperty", "IsInherited": false}, {"PrincipalSID": "S-1-5-21-2719813644-4043245918-1696442929-519", "PrincipalType": "Group", "RightName": "Enroll", "IsInherited": false}]}, {"Properties": {"name": "SUBCA@PANTHEON.GOD", "highvalue": true, "Template Name": "SubCA", "Display Name": "Subordinate Certification Authority", "Certificate Authorities": ["pantheon-dc01-CA"], "Enabled": true, "Client Authentication": true, "Enrollment Agent": true, "Any Purpose": true, "Enrollee Supplies Subject": true, "Certificate Name Flag": ["EnrolleeSuppliesSubject"], "Enrollment Flag": ["None"], "Private Key Flag": ["ExportableKey"], "Requires Manager Approval": false, "Requires Key Archival": false, "Authorized Signatures Required": 0, "Validity Period": "5 years", "Renewal Period": "6 weeks", "Minimum RSA Key Length": 2048, "domain": "PANTHEON.GOD", "type": "Certificate Template"}, "ObjectIdentifier": "8231eca4-819d-4083-b93e-1b961ea2f71d", "Aces": [{"PrincipalSID": "S-1-5-21-2719813644-4043245918-1696442929-519", "PrincipalType": "Group", "RightName": "Owns", "IsInherited": false}, {"PrincipalSID": "S-1-5-21-2719813644-4043245918-1696442929-512", "PrincipalType": "Group", "RightName": "WriteOwner", "IsInherited": false}, {"PrincipalSID": "S-1-5-21-2719813644-4043245918-1696442929-512", "PrincipalType": "Group", "RightName": "WriteDacl", "IsInherited": false}, {"PrincipalSID": "S-1-5-21-2719813644-4043245918-1696442929-512", "PrincipalType": "Group", "RightName": "WriteProperty", "IsInherited": false}, {"PrincipalSID": "S-1-5-21-2719813644-4043245918-1696442929-512", "PrincipalType": "Group", "RightName": "Enroll", "IsInherited": false}, {"PrincipalSID": "S-1-5-21-2719813644-4043245918-1696442929-519", "PrincipalType": "Group", "RightName": "WriteOwner", "IsInherited": false}, {"PrincipalSID": "S-1-5-21-2719813644-4043245918-1696442929-519", "PrincipalType": "Group", "RightName": "WriteDacl", "IsInherited": false}, {"PrincipalSID": "S-1-5-21-2719813644-4043245918-1696442929-519", "PrincipalType": "Group", "RightName": "WriteProperty", "IsInherited": false}, {"PrincipalSID": "S-1-5-21-2719813644-4043245918-1696442929-519", "PrincipalType": "Group", "RightName": "Enroll", "IsInherited": false}]}, {"Properties": {"name": "CA@PANTHEON.GOD", "highvalue": false, "Template Name": "CA", "Display Name": "Root Certification Authority", "Enabled": false, "Client Authentication": true, "Enrollment Agent": true, "Any Purpose": true, "Enrollee Supplies Subject": true, "Certificate Name Flag": ["EnrolleeSuppliesSubject"], "Enrollment Flag": ["None"], "Private Key Flag": ["ExportableKey"], "Requires Manager Approval": false, "Requires Key Archival": false, "Authorized Signatures Required": 0, "Validity Period": "5 years", "Renewal Period": "6 weeks", "Minimum RSA Key Length": 2048, "domain": "PANTHEON.GOD", "type": "Certificate Template"}, "ObjectIdentifier": "0f78d56b-0ac1-4b8d-a628-779f3b8e820c", "Aces": [{"PrincipalSID": "S-1-5-21-2719813644-4043245918-1696442929-519", "PrincipalType": "Group", "RightName": "Owns", "IsInherited": false}, {"PrincipalSID": "S-1-5-21-2719813644-4043245918-1696442929-512", "PrincipalType": "Group", "RightName": "WriteOwner", "IsInherited": false}, {"PrincipalSID": "S-1-5-21-2719813644-4043245918-1696442929-512", "PrincipalType": "Group", "RightName": "WriteDacl", "IsInherited": false}, {"PrincipalSID": "S-1-5-21-2719813644-4043245918-1696442929-512", "PrincipalType": "Group", "RightName": "WriteProperty", "IsInherited": false}, {"PrincipalSID": "S-1-5-21-2719813644-4043245918-1696442929-512", "PrincipalType": "Group", "RightName": "Enroll", "IsInherited": false}, {"PrincipalSID": "S-1-5-21-2719813644-4043245918-1696442929-519", "PrincipalType": "Group", "RightName": "WriteOwner", "IsInherited": false}, {"PrincipalSID": "S-1-5-21-2719813644-4043245918-1696442929-519", "PrincipalType": "Group", "RightName": "WriteDacl", "IsInherited": false}, {"PrincipalSID": "S-1-5-21-2719813644-4043245918-1696442929-519", "PrincipalType": "Group", "RightName": "WriteProperty", "IsInherited": false}, {"PrincipalSID": "S-1-5-21-2719813644-4043245918-1696442929-519", "PrincipalType": "Group", "RightName": "Enroll", "IsInherited": false}]}, {"Properties": {"name": "WEBSERVER@PANTHEON.GOD", "highvalue": false, "Template Name": "WebServer", "Display Name": "Web Server", "Certificate Authorities": ["pantheon-dc01-CA"], "Enabled": true, "Client Authentication": false, "Enrollment Agent": false, "Any Purpose": false, "Enrollee Supplies Subject": true, "Certificate Name Flag": ["EnrolleeSuppliesSubject"], "Enrollment Flag": ["None"], "Private Key Flag": ["AttestNone"], "Extended Key Usage": ["Server Authentication"], "Requires Manager Approval": false, "Requires Key Archival": false, "Authorized Signatures Required": 0, "Validity Period": "2 years", "Renewal Period": "6 weeks", "Minimum RSA Key Length": 2048, "domain": "PANTHEON.GOD", "type": "Certificate Template"}, "ObjectIdentifier": "60ce8e26-c31d-4791-8bb7-1adc9798ce2b", "Aces": [{"PrincipalSID": "S-1-5-21-2719813644-4043245918-1696442929-519", "PrincipalType": "Group", "RightName": "Owns", "IsInherited": false}, {"PrincipalSID": "S-1-5-21-2719813644-4043245918-1696442929-512", "PrincipalType": "Group", "RightName": "WriteOwner", "IsInherited": false}, {"PrincipalSID": "S-1-5-21-2719813644-4043245918-1696442929-512", "PrincipalType": "Group", "RightName": "WriteDacl", "IsInherited": false}, {"PrincipalSID": "S-1-5-21-2719813644-4043245918-1696442929-512", "PrincipalType": "Group", "RightName": "WriteProperty", "IsInherited": false}, {"PrincipalSID": "S-1-5-21-2719813644-4043245918-1696442929-512", "PrincipalType": "Group", "RightName": "Enroll", "IsInherited": false}, {"PrincipalSID": "S-1-5-21-2719813644-4043245918-1696442929-519", "PrincipalType": "Group", "RightName": "WriteOwner", "IsInherited": false}, {"PrincipalSID": "S-1-5-21-2719813644-4043245918-1696442929-519", "PrincipalType": "Group", "RightName": "WriteDacl", "IsInherited": false}, {"PrincipalSID": "S-1-5-21-2719813644-4043245918-1696442929-519", "PrincipalType": "Group", "RightName": "WriteProperty", "IsInherited": false}, {"PrincipalSID": "S-1-5-21-2719813644-4043245918-1696442929-519", "PrincipalType": "Group", "RightName": "Enroll", "IsInherited": false}]}, {"Properties": {"name": "DOMAINCONTROLLER@PANTHEON.GOD", "highvalue": false, "Template Name": "DomainController", "Display Name": "Domain Controller", "Certificate Authorities": ["pantheon-dc01-CA"], "Enabled": true, "Client Authentication": true, "Enrollment Agent": false, "Any Purpose": false, "Enrollee Supplies Subject": false, "Certificate Name Flag": ["SubjectRequireDnsAsCn", "SubjectAltRequireDns", "SubjectAltRequireDirectoryGuid"], "Enrollment Flag": ["AutoEnrollment", "PublishToDs", "IncludeSymmetricAlgorithms"], "Private Key Flag": ["AttestNone"], "Extended Key Usage": ["Client Authentication", "Server Authentication"], "Requires Manager Approval": false, "Requires Key Archival": false, "Authorized Signatures Required": 0, "Validity Period": "1 year", "Renewal Period": "6 weeks", "Minimum RSA Key Length": 2048, "domain": "PANTHEON.GOD", "type": "Certificate Template"}, "ObjectIdentifier": "e7774b7b-7ae4-4823-a827-819ba0654639", "Aces": [{"PrincipalSID": "S-1-5-21-2719813644-4043245918-1696442929-519", "PrincipalType": "Group", "RightName": "Owns", "IsInherited": false}, {"PrincipalSID": "S-1-5-21-2719813644-4043245918-1696442929-498", "PrincipalType": "Group", "RightName": "Enroll", "IsInherited": false}, {"PrincipalSID": "S-1-5-21-2719813644-4043245918-1696442929-512", "PrincipalType": "Group", "RightName": "WriteOwner", "IsInherited": false}, {"PrincipalSID": "S-1-5-21-2719813644-4043245918-1696442929-512", "PrincipalType": "Group", "RightName": "WriteDacl", "IsInherited": false}, {"PrincipalSID": "S-1-5-21-2719813644-4043245918-1696442929-512", "PrincipalType": "Group", "RightName": "WriteProperty", "IsInherited": false}, {"PrincipalSID": "S-1-5-21-2719813644-4043245918-1696442929-512", "PrincipalType": "Group", "RightName": "Enroll", "IsInherited": false}, {"PrincipalSID": "S-1-5-21-2719813644-4043245918-1696442929-516", "PrincipalType": "Group", "RightName": "Enroll", "IsInherited": false}, {"PrincipalSID": "S-1-5-21-2719813644-4043245918-1696442929-519", "PrincipalType": "Group", "RightName": "WriteOwner", "IsInherited": false}, {"PrincipalSID": "S-1-5-21-2719813644-4043245918-1696442929-519", "PrincipalType": "Group", "RightName": "WriteDacl", "IsInherited": false}, {"PrincipalSID": "S-1-5-21-2719813644-4043245918-1696442929-519", "PrincipalType": "Group", "RightName": "WriteProperty", "IsInherited": false}, {"PrincipalSID": "S-1-5-21-2719813644-4043245918-1696442929-519", "PrincipalType": "Group", "RightName": "Enroll", "IsInherited": false}, {"PrincipalSID": "PANTHEON.GOD-S-1-5-9", "PrincipalType": "Group", "RightName": "Enroll", "IsInherited": false}]}, {"Properties": {"name": "MACHINE@PANTHEON.GOD", "highvalue": false, "Template Name": "Machine", "Display Name": "Computer", "Certificate Authorities": ["pantheon-dc01-CA"], "Enabled": true, "Client Authentication": true, "Enrollment Agent": false, "Any Purpose": false, "Enrollee Supplies Subject": false, "Certificate Name Flag": ["SubjectRequireDnsAsCn", "SubjectAltRequireDns"], "Enrollment Flag": ["AutoEnrollment"], "Private Key Flag": ["AttestNone"], "Extended Key Usage": ["Client Authentication", "Server Authentication"], "Requires Manager Approval": false, "Requires Key Archival": false, "Authorized Signatures Required": 0, "Validity Period": "1 year", "Renewal Period": "6 weeks", "Minimum RSA Key Length": 2048, "domain": "PANTHEON.GOD", "type": "Certificate Template"}, "ObjectIdentifier": "6d63cb68-598c-43ac-8dc1-a44e477a7e20", "Aces": [{"PrincipalSID": "S-1-5-21-2719813644-4043245918-1696442929-519", "PrincipalType": "Group", "RightName": "Owns", "IsInherited": false}, {"PrincipalSID": "S-1-5-21-2719813644-4043245918-1696442929-512", "PrincipalType": "Group", "RightName": "WriteOwner", "IsInherited": false}, {"PrincipalSID": "S-1-5-21-2719813644-4043245918-1696442929-512", "PrincipalType": "Group", "RightName": "WriteDacl", "IsInherited": false}, {"PrincipalSID": "S-1-5-21-2719813644-4043245918-1696442929-512", "PrincipalType": "Group", "RightName": "WriteProperty", "IsInherited": false}, {"PrincipalSID": "S-1-5-21-2719813644-4043245918-1696442929-512", "PrincipalType": "Group", "RightName": "Enroll", "IsInherited": false}, {"PrincipalSID": "S-1-5-21-2719813644-4043245918-1696442929-515", "PrincipalType": "Group", "RightName": "Enroll", "IsInherited": false}, {"PrincipalSID": "S-1-5-21-2719813644-4043245918-1696442929-519", "PrincipalType": "Group", "RightName": "WriteOwner", "IsInherited": false}, {"PrincipalSID": "S-1-5-21-2719813644-4043245918-1696442929-519", "PrincipalType": "Group", "RightName": "WriteDacl", "IsInherited": false}, {"PrincipalSID": "S-1-5-21-2719813644-4043245918-1696442929-519", "PrincipalType": "Group", "RightName": "WriteProperty", "IsInherited": false}, {"PrincipalSID": "S-1-5-21-2719813644-4043245918-1696442929-519", "PrincipalType": "Group", "RightName": "Enroll", "IsInherited": false}]}, {"Properties": {"name": "MACHINEENROLLMENTAGENT@PANTHEON.GOD", "highvalue": false, "Template Name": "MachineEnrollmentAgent", "Display Name": "Enrollment Agent (Computer)", "Enabled": false, "Client Authentication": false, "Enrollment Agent": true, "Any Purpose": false, "Enrollee Supplies Subject": false, "Certificate Name Flag": ["SubjectRequireDnsAsCn", "SubjectAltRequireDns"], "Enrollment Flag": ["AutoEnrollment"], "Private Key Flag": ["AttestNone"], "Extended Key Usage": ["Certificate Request Agent"], "Requires Manager Approval": false, "Requires Key Archival": false, "Authorized Signatures Required": 0, "Validity Period": "2 years", "Renewal Period": "6 weeks", "Minimum RSA Key Length": 2048, "domain": "PANTHEON.GOD", "type": "Certificate Template"}, "ObjectIdentifier": "97d12406-18d4-4309-95c9-be2c0a7069a6", "Aces": [{"PrincipalSID": "S-1-5-21-2719813644-4043245918-1696442929-519", "PrincipalType": "Group", "RightName": "Owns", "IsInherited": false}, {"PrincipalSID": "S-1-5-21-2719813644-4043245918-1696442929-512", "PrincipalType": "Group", "RightName": "WriteOwner", "IsInherited": false}, {"PrincipalSID": "S-1-5-21-2719813644-4043245918-1696442929-512", "PrincipalType": "Group", "RightName": "WriteDacl", "IsInherited": false}, {"PrincipalSID": "S-1-5-21-2719813644-4043245918-1696442929-512", "PrincipalType": "Group", "RightName": "WriteProperty", "IsInherited": false}, {"PrincipalSID": "S-1-5-21-2719813644-4043245918-1696442929-512", "PrincipalType": "Group", "RightName": "Enroll", "IsInherited": false}, {"PrincipalSID": "S-1-5-21-2719813644-4043245918-1696442929-519", "PrincipalType": "Group", "RightName": "WriteOwner", "IsInherited": false}, {"PrincipalSID": "S-1-5-21-2719813644-4043245918-1696442929-519", "PrincipalType": "Group", "RightName": "WriteDacl", "IsInherited": false}, {"PrincipalSID": "S-1-5-21-2719813644-4043245918-1696442929-519", "PrincipalType": "Group", "RightName": "WriteProperty", "IsInherited": false}, {"PrincipalSID": "S-1-5-21-2719813644-4043245918-1696442929-519", "PrincipalType": "Group", "RightName": "Enroll", "IsInherited": false}]}, {"Properties": {"name": "ENROLLMENTAGENTOFFLINE@PANTHEON.GOD", "highvalue": false, "Template Name": "EnrollmentAgentOffline", "Display Name": "Exchange Enrollment Agent (Offline request)", "Enabled": false, "Client Authentication": false, "Enrollment Agent": true, "Any Purpose": false, "Enrollee Supplies Subject": true, "Certificate Name Flag": ["EnrolleeSuppliesSubject"], "Enrollment Flag": ["None"], "Private Key Flag": ["AttestNone"], "Extended Key Usage": ["Certificate Request Agent"], "Requires Manager Approval": false, "Requires Key Archival": false, "Authorized Signatures Required": 0, "Validity Period": "2 years", "Renewal Period": "6 weeks", "Minimum RSA Key Length": 2048, "domain": "PANTHEON.GOD", "type": "Certificate Template"}, "ObjectIdentifier": "53532e6c-ca98-4db1-bd33-e7cecd3c8ca2", "Aces": [{"PrincipalSID": "S-1-5-21-2719813644-4043245918-1696442929-519", "PrincipalType": "Group", "RightName": "Owns", "IsInherited": false}, {"PrincipalSID": "S-1-5-21-2719813644-4043245918-1696442929-512", "PrincipalType": "Group", "RightName": "WriteOwner", "IsInherited": false}, {"PrincipalSID": "S-1-5-21-2719813644-4043245918-1696442929-512", "PrincipalType": "Group", "RightName": "WriteDacl", "IsInherited": false}, {"PrincipalSID": "S-1-5-21-2719813644-4043245918-1696442929-512", "PrincipalType": "Group", "RightName": "WriteProperty", "IsInherited": false}, {"PrincipalSID": "S-1-5-21-2719813644-4043245918-1696442929-512", "PrincipalType": "Group", "RightName": "Enroll", "IsInherited": false}, {"PrincipalSID": "S-1-5-21-2719813644-4043245918-1696442929-519", "PrincipalType": "Group", "RightName": "WriteOwner", "IsInherited": false}, {"PrincipalSID": "S-1-5-21-2719813644-4043245918-1696442929-519", "PrincipalType": "Group", "RightName": "WriteDacl", "IsInherited": false}, {"PrincipalSID": "S-1-5-21-2719813644-4043245918-1696442929-519", "PrincipalType": "Group", "RightName": "WriteProperty", "IsInherited": false}, {"PrincipalSID": "S-1-5-21-2719813644-4043245918-1696442929-519", "PrincipalType": "Group", "RightName": "Enroll", "IsInherited": false}]}, {"Properties": {"name": "ENROLLMENTAGENT@PANTHEON.GOD", "highvalue": false, "Template Name": "EnrollmentAgent", "Display Name": "Enrollment Agent", "Enabled": false, "Client Authentication": false, "Enrollment Agent": true, "Any Purpose": false, "Enrollee Supplies Subject": false, "Certificate Name Flag": ["SubjectRequireDirectoryPath", "SubjectAltRequireUpn"], "Enrollment Flag": ["AutoEnrollment"], "Private Key Flag": ["AttestNone"], "Extended Key Usage": ["Certificate Request Agent"], "Requires Manager Approval": false, "Requires Key Archival": false, "Authorized Signatures Required": 0, "Validity Period": "2 years", "Renewal Period": "6 weeks", "Minimum RSA Key Length": 2048, "domain": "PANTHEON.GOD", "type": "Certificate Template"}, "ObjectIdentifier": "6a71882a-6209-46bb-8f2b-3aa7bf658cf9", "Aces": [{"PrincipalSID": "S-1-5-21-2719813644-4043245918-1696442929-519", "PrincipalType": "Group", "RightName": "Owns", "IsInherited": false}, {"PrincipalSID": "S-1-5-21-2719813644-4043245918-1696442929-512", "PrincipalType": "Group", "RightName": "WriteOwner", "IsInherited": false}, {"PrincipalSID": "S-1-5-21-2719813644-4043245918-1696442929-512", "PrincipalType": "Group", "RightName": "WriteDacl", "IsInherited": false}, {"PrincipalSID": "S-1-5-21-2719813644-4043245918-1696442929-512", "PrincipalType": "Group", "RightName": "WriteProperty", "IsInherited": false}, {"PrincipalSID": "S-1-5-21-2719813644-4043245918-1696442929-512", "PrincipalType": "Group", "RightName": "Enroll", "IsInherited": false}, {"PrincipalSID": "S-1-5-21-2719813644-4043245918-1696442929-519", "PrincipalType": "Group", "RightName": "WriteOwner", "IsInherited": false}, {"PrincipalSID": "S-1-5-21-2719813644-4043245918-1696442929-519", "PrincipalType": "Group", "RightName": "WriteDacl", "IsInherited": false}, {"PrincipalSID": "S-1-5-21-2719813644-4043245918-1696442929-519", "PrincipalType": "Group", "RightName": "WriteProperty", "IsInherited": false}, {"PrincipalSID": "S-1-5-21-2719813644-4043245918-1696442929-519", "PrincipalType": "Group", "RightName": "Enroll", "IsInherited": false}]}, {"Properties": {"name": "CTLSIGNING@PANTHEON.GOD", "highvalue": false, "Template Name": "CTLSigning", "Display Name": "Trust List Signing", "Enabled": false, "Client Authentication": false, "Enrollment Agent": false, "Any Purpose": false, "Enrollee Supplies Subject": false, "Certificate Name Flag": ["SubjectRequireDirectoryPath", "SubjectAltRequireUpn"], "Enrollment Flag": ["AutoEnrollment"], "Private Key Flag": ["AttestNone"], "Extended Key Usage": ["Microsoft Trust List Signing"], "Requires Manager Approval": false, "Requires Key Archival": false, "Authorized Signatures Required": 0, "Validity Period": "1 year", "Renewal Period": "6 weeks", "Minimum RSA Key Length": 2048, "domain": "PANTHEON.GOD", "type": "Certificate Template"}, "ObjectIdentifier": "4d025209-9223-4b0b-b0f2-0396c2bed7bf", "Aces": [{"PrincipalSID": "S-1-5-21-2719813644-4043245918-1696442929-519", "PrincipalType": "Group", "RightName": "Owns", "IsInherited": false}, {"PrincipalSID": "S-1-5-21-2719813644-4043245918-1696442929-512", "PrincipalType": "Group", "RightName": "WriteOwner", "IsInherited": false}, {"PrincipalSID": "S-1-5-21-2719813644-4043245918-1696442929-512", "PrincipalType": "Group", "RightName": "WriteDacl", "IsInherited": false}, {"PrincipalSID": "S-1-5-21-2719813644-4043245918-1696442929-512", "PrincipalType": "Group", "RightName": "WriteProperty", "IsInherited": false}, {"PrincipalSID": "S-1-5-21-2719813644-4043245918-1696442929-512", "PrincipalType": "Group", "RightName": "Enroll", "IsInherited": false}, {"PrincipalSID": "S-1-5-21-2719813644-4043245918-1696442929-519", "PrincipalType": "Group", "RightName": "WriteOwner", "IsInherited": false}, {"PrincipalSID": "S-1-5-21-2719813644-4043245918-1696442929-519", "PrincipalType": "Group", "RightName": "WriteDacl", "IsInherited": false}, {"PrincipalSID": "S-1-5-21-2719813644-4043245918-1696442929-519", "PrincipalType": "Group", "RightName": "WriteProperty", "IsInherited": false}, {"PrincipalSID": "S-1-5-21-2719813644-4043245918-1696442929-519", "PrincipalType": "Group", "RightName": "Enroll", "IsInherited": false}]}, {"Properties": {"name": "CODESIGNING@PANTHEON.GOD", "highvalue": false, "Template Name": "CodeSigning", "Display Name": "Code Signing", "Enabled": false, "Client Authentication": false, "Enrollment Agent": false, "Any Purpose": false, "Enrollee Supplies Subject": false, "Certificate Name Flag": ["SubjectRequireDirectoryPath", "SubjectAltRequireUpn"], "Enrollment Flag": ["AutoEnrollment"], "Private Key Flag": ["AttestNone"], "Extended Key Usage": ["Code Signing"], "Requires Manager Approval": false, "Requires Key Archival": false, "Authorized Signatures Required": 0, "Validity Period": "1 year", "Renewal Period": "6 weeks", "Minimum RSA Key Length": 2048, "domain": "PANTHEON.GOD", "type": "Certificate Template"}, "ObjectIdentifier": "33a12d51-0b43-4f8c-b4d5-778b4cfe21e8", "Aces": [{"PrincipalSID": "S-1-5-21-2719813644-4043245918-1696442929-519", "PrincipalType": "Group", "RightName": "Owns", "IsInherited": false}, {"PrincipalSID": "S-1-5-21-2719813644-4043245918-1696442929-512", "PrincipalType": "Group", "RightName": "WriteOwner", "IsInherited": false}, {"PrincipalSID": "S-1-5-21-2719813644-4043245918-1696442929-512", "PrincipalType": "Group", "RightName": "WriteDacl", "IsInherited": false}, {"PrincipalSID": "S-1-5-21-2719813644-4043245918-1696442929-512", "PrincipalType": "Group", "RightName": "WriteProperty", "IsInherited": false}, {"PrincipalSID": "S-1-5-21-2719813644-4043245918-1696442929-512", "PrincipalType": "Group", "RightName": "Enroll", "IsInherited": false}, {"PrincipalSID": "S-1-5-21-2719813644-4043245918-1696442929-519", "PrincipalType": "Group", "RightName": "WriteOwner", "IsInherited": false}, {"PrincipalSID": "S-1-5-21-2719813644-4043245918-1696442929-519", "PrincipalType": "Group", "RightName": "WriteDacl", "IsInherited": false}, {"PrincipalSID": "S-1-5-21-2719813644-4043245918-1696442929-519", "PrincipalType": "Group", "RightName": "WriteProperty", "IsInherited": false}, {"PrincipalSID": "S-1-5-21-2719813644-4043245918-1696442929-519", "PrincipalType": "Group", "RightName": "Enroll", "IsInherited": false}]}, {"Properties": {"name": "EFSRECOVERY@PANTHEON.GOD", "highvalue": false, "Template Name": "EFSRecovery", "Display Name": "EFS Recovery Agent", "Certificate Authorities": ["pantheon-dc01-CA"], "Enabled": true, "Client Authentication": false, "Enrollment Agent": false, "Any Purpose": false, "Enrollee Supplies Subject": false, "Certificate Name Flag": ["SubjectRequireDirectoryPath", "SubjectAltRequireUpn"], "Enrollment Flag": ["AutoEnrollment", "IncludeSymmetricAlgorithms"], "Private Key Flag": ["ExportableKey"], "Extended Key Usage": ["File Recovery"], "Requires Manager Approval": false, "Requires Key Archival": false, "Authorized Signatures Required": 0, "Validity Period": "5 years", "Renewal Period": "6 weeks", "Minimum RSA Key Length": 2048, "domain": "PANTHEON.GOD", "type": "Certificate Template"}, "ObjectIdentifier": "a54b50f2-6c67-4a9b-ace2-7dd469e368e9", "Aces": [{"PrincipalSID": "S-1-5-21-2719813644-4043245918-1696442929-519", "PrincipalType": "Group", "RightName": "Owns", "IsInherited": false}, {"PrincipalSID": "S-1-5-21-2719813644-4043245918-1696442929-512", "PrincipalType": "Group", "RightName": "WriteOwner", "IsInherited": false}, {"PrincipalSID": "S-1-5-21-2719813644-4043245918-1696442929-512", "PrincipalType": "Group", "RightName": "WriteDacl", "IsInherited": false}, {"PrincipalSID": "S-1-5-21-2719813644-4043245918-1696442929-512", "PrincipalType": "Group", "RightName": "WriteProperty", "IsInherited": false}, {"PrincipalSID": "S-1-5-21-2719813644-4043245918-1696442929-512", "PrincipalType": "Group", "RightName": "Enroll", "IsInherited": false}, {"PrincipalSID": "S-1-5-21-2719813644-4043245918-1696442929-519", "PrincipalType": "Group", "RightName": "WriteOwner", "IsInherited": false}, {"PrincipalSID": "S-1-5-21-2719813644-4043245918-1696442929-519", "PrincipalType": "Group", "RightName": "WriteDacl", "IsInherited": false}, {"PrincipalSID": "S-1-5-21-2719813644-4043245918-1696442929-519", "PrincipalType": "Group", "RightName": "WriteProperty", "IsInherited": false}, {"PrincipalSID": "S-1-5-21-2719813644-4043245918-1696442929-519", "PrincipalType": "Group", "RightName": "Enroll", "IsInherited": false}]}, {"Properties": {"name": "ADMINISTRATOR@PANTHEON.GOD", "highvalue": false, "Template Name": "Administrator", "Display Name": "Administrator", "Certificate Authorities": ["pantheon-dc01-CA"], "Enabled": true, "Client Authentication": true, "Enrollment Agent": false, "Any Purpose": false, "Enrollee Supplies Subject": false, "Certificate Name Flag": ["SubjectRequireDirectoryPath", "SubjectRequireEmail", "SubjectAltRequireEmail", "SubjectAltRequireUpn"], "Enrollment Flag": ["AutoEnrollment", "PublishToDs", "IncludeSymmetricAlgorithms"], "Private Key Flag": ["ExportableKey"], "Extended Key Usage": ["Microsoft Trust List Signing", "Encrypting File System", "Secure Email", "Client Authentication"], "Requires Manager Approval": false, "Requires Key Archival": false, "Authorized Signatures Required": 0, "Validity Period": "1 year", "Renewal Period": "6 weeks", "Minimum RSA Key Length": 2048, "domain": "PANTHEON.GOD", "type": "Certificate Template"}, "ObjectIdentifier": "c331bef9-b092-499e-b1e8-7f53912b59eb", "Aces": [{"PrincipalSID": "S-1-5-21-2719813644-4043245918-1696442929-519", "PrincipalType": "Group", "RightName": "Owns", "IsInherited": false}, {"PrincipalSID": "S-1-5-21-2719813644-4043245918-1696442929-512", "PrincipalType": "Group", "RightName": "WriteOwner", "IsInherited": false}, {"PrincipalSID": "S-1-5-21-2719813644-4043245918-1696442929-512", "PrincipalType": "Group", "RightName": "WriteDacl", "IsInherited": false}, {"PrincipalSID": "S-1-5-21-2719813644-4043245918-1696442929-512", "PrincipalType": "Group", "RightName": "WriteProperty", "IsInherited": false}, {"PrincipalSID": "S-1-5-21-2719813644-4043245918-1696442929-512", "PrincipalType": "Group", "RightName": "Enroll", "IsInherited": false}, {"PrincipalSID": "S-1-5-21-2719813644-4043245918-1696442929-519", "PrincipalType": "Group", "RightName": "WriteOwner", "IsInherited": false}, {"PrincipalSID": "S-1-5-21-2719813644-4043245918-1696442929-519", "PrincipalType": "Group", "RightName": "WriteDacl", "IsInherited": false}, {"PrincipalSID": "S-1-5-21-2719813644-4043245918-1696442929-519", "PrincipalType": "Group", "RightName": "WriteProperty", "IsInherited": false}, {"PrincipalSID": "S-1-5-21-2719813644-4043245918-1696442929-519", "PrincipalType": "Group", "RightName": "Enroll", "IsInherited": false}]}, {"Properties": {"name": "EFS@PANTHEON.GOD", "highvalue": false, "Template Name": "EFS", "Display Name": "Basic EFS", "Certificate Authorities": ["pantheon-dc01-CA"], "Enabled": true, "Client Authentication": false, "Enrollment Agent": false, "Any Purpose": false, "Enrollee Supplies Subject": false, "Certificate Name Flag": ["SubjectRequireDirectoryPath", "SubjectAltRequireUpn"], "Enrollment Flag": ["AutoEnrollment", "PublishToDs", "IncludeSymmetricAlgorithms"], "Private Key Flag": ["ExportableKey"], "Extended Key Usage": ["Encrypting File System"], "Requires Manager Approval": false, "Requires Key Archival": false, "Authorized Signatures Required": 0, "Validity Period": "1 year", "Renewal Period": "6 weeks", "Minimum RSA Key Length": 2048, "domain": "PANTHEON.GOD", "type": "Certificate Template"}, "ObjectIdentifier": "9cc60c0a-7a54-403d-bad7-10c4f0fa47b3", "Aces": [{"PrincipalSID": "S-1-5-21-2719813644-4043245918-1696442929-519", "PrincipalType": "Group", "RightName": "Owns", "IsInherited": false}, {"PrincipalSID": "S-1-5-21-2719813644-4043245918-1696442929-512", "PrincipalType": "Group", "RightName": "WriteOwner", "IsInherited": false}, {"PrincipalSID": "S-1-5-21-2719813644-4043245918-1696442929-512", "PrincipalType": "Group", "RightName": "WriteDacl", "IsInherited": false}, {"PrincipalSID": "S-1-5-21-2719813644-4043245918-1696442929-512", "PrincipalType": "Group", "RightName": "WriteProperty", "IsInherited": false}, {"PrincipalSID": "S-1-5-21-2719813644-4043245918-1696442929-512", "PrincipalType": "Group", "RightName": "Enroll", "IsInherited": false}, {"PrincipalSID": "S-1-5-21-2719813644-4043245918-1696442929-513", "PrincipalType": "Group", "RightName": "Enroll", "IsInherited": false}, {"PrincipalSID": "S-1-5-21-2719813644-4043245918-1696442929-519", "PrincipalType": "Group", "RightName": "WriteOwner", "IsInherited": false}, {"PrincipalSID": "S-1-5-21-2719813644-4043245918-1696442929-519", "PrincipalType": "Group", "RightName": "WriteDacl", "IsInherited": false}, {"PrincipalSID": "S-1-5-21-2719813644-4043245918-1696442929-519", "PrincipalType": "Group", "RightName": "WriteProperty", "IsInherited": false}, {"PrincipalSID": "S-1-5-21-2719813644-4043245918-1696442929-519", "PrincipalType": "Group", "RightName": "Enroll", "IsInherited": false}]}, {"Properties": {"name": "SMARTCARDLOGON@PANTHEON.GOD", "highvalue": false, "Template Name": "SmartcardLogon", "Display Name": "Smartcard Logon", "Enabled": false, "Client Authentication": true, "Enrollment Agent": false, "Any Purpose": false, "Enrollee Supplies Subject": false, "Certificate Name Flag": ["SubjectRequireDirectoryPath", "SubjectAltRequireUpn"], "Enrollment Flag": ["None"], "Private Key Flag": ["AttestNone"], "Extended Key Usage": ["Client Authentication", "Smart Card Logon"], "Requires Manager Approval": false, "Requires Key Archival": false, "Authorized Signatures Required": 0, "Validity Period": "1 year", "Renewal Period": "6 weeks", "Minimum RSA Key Length": 2048, "domain": "PANTHEON.GOD", "type": "Certificate Template"}, "ObjectIdentifier": "26a1e331-24c4-4aae-b473-46378f5c1fc0", "Aces": [{"PrincipalSID": "S-1-5-21-2719813644-4043245918-1696442929-519", "PrincipalType": "Group", "RightName": "Owns", "IsInherited": false}, {"PrincipalSID": "S-1-5-21-2719813644-4043245918-1696442929-512", "PrincipalType": "Group", "RightName": "WriteOwner", "IsInherited": false}, {"PrincipalSID": "S-1-5-21-2719813644-4043245918-1696442929-512", "PrincipalType": "Group", "RightName": "WriteDacl", "IsInherited": false}, {"PrincipalSID": "S-1-5-21-2719813644-4043245918-1696442929-512", "PrincipalType": "Group", "RightName": "WriteProperty", "IsInherited": false}, {"PrincipalSID": "S-1-5-21-2719813644-4043245918-1696442929-512", "PrincipalType": "Group", "RightName": "Enroll", "IsInherited": false}, {"PrincipalSID": "S-1-5-21-2719813644-4043245918-1696442929-519", "PrincipalType": "Group", "RightName": "WriteOwner", "IsInherited": false}, {"PrincipalSID": "S-1-5-21-2719813644-4043245918-1696442929-519", "PrincipalType": "Group", "RightName": "WriteDacl", "IsInherited": false}, {"PrincipalSID": "S-1-5-21-2719813644-4043245918-1696442929-519", "PrincipalType": "Group", "RightName": "WriteProperty", "IsInherited": false}, {"PrincipalSID": "S-1-5-21-2719813644-4043245918-1696442929-519", "PrincipalType": "Group", "RightName": "Enroll", "IsInherited": false}]}, {"Properties": {"name": "CLIENTAUTH@PANTHEON.GOD", "highvalue": false, "Template Name": "ClientAuth", "Display Name": "Authenticated Session", "Enabled": false, "Client Authentication": true, "Enrollment Agent": false, "Any Purpose": false, "Enrollee Supplies Subject": false, "Certificate Name Flag": ["SubjectRequireDirectoryPath", "SubjectAltRequireUpn"], "Enrollment Flag": ["AutoEnrollment"], "Private Key Flag": ["AttestNone"], "Extended Key Usage": ["Client Authentication"], "Requires Manager Approval": false, "Requires Key Archival": false, "Authorized Signatures Required": 0, "Validity Period": "1 year", "Renewal Period": "6 weeks", "Minimum RSA Key Length": 2048, "domain": "PANTHEON.GOD", "type": "Certificate Template"}, "ObjectIdentifier": "ea4d3df8-488d-4b81-b285-7a3465269d62", "Aces": [{"PrincipalSID": "S-1-5-21-2719813644-4043245918-1696442929-519", "PrincipalType": "Group", "RightName": "Owns", "IsInherited": false}, {"PrincipalSID": "S-1-5-21-2719813644-4043245918-1696442929-512", "PrincipalType": "Group", "RightName": "WriteOwner", "IsInherited": false}, {"PrincipalSID": "S-1-5-21-2719813644-4043245918-1696442929-512", "PrincipalType": "Group", "RightName": "WriteDacl", "IsInherited": false}, {"PrincipalSID": "S-1-5-21-2719813644-4043245918-1696442929-512", "PrincipalType": "Group", "RightName": "WriteProperty", "IsInherited": false}, {"PrincipalSID": "S-1-5-21-2719813644-4043245918-1696442929-512", "PrincipalType": "Group", "RightName": "Enroll", "IsInherited": false}, {"PrincipalSID": "S-1-5-21-2719813644-4043245918-1696442929-513", "PrincipalType": "Group", "RightName": "Enroll", "IsInherited": false}, {"PrincipalSID": "S-1-5-21-2719813644-4043245918-1696442929-519", "PrincipalType": "Group", "RightName": "WriteOwner", "IsInherited": false}, {"PrincipalSID": "S-1-5-21-2719813644-4043245918-1696442929-519", "PrincipalType": "Group", "RightName": "WriteDacl", "IsInherited": false}, {"PrincipalSID": "S-1-5-21-2719813644-4043245918-1696442929-519", "PrincipalType": "Group", "RightName": "WriteProperty", "IsInherited": false}, {"PrincipalSID": "S-1-5-21-2719813644-4043245918-1696442929-519", "PrincipalType": "Group", "RightName": "Enroll", "IsInherited": false}]}, {"Properties": {"name": "SMARTCARDUSER@PANTHEON.GOD", "highvalue": false, "Template Name": "SmartcardUser", "Display Name": "Smartcard User", "Enabled": false, "Client Authentication": true, "Enrollment Agent": false, "Any Purpose": false, "Enrollee Supplies Subject": false, "Certificate Name Flag": ["SubjectRequireDirectoryPath", "SubjectRequireEmail", "SubjectAltRequireEmail", "SubjectAltRequireUpn"], "Enrollment Flag": ["PublishToDs", "IncludeSymmetricAlgorithms"], "Private Key Flag": ["AttestNone"], "Extended Key Usage": ["Secure Email", "Client Authentication", "Smart Card Logon"], "Requires Manager Approval": false, "Requires Key Archival": false, "Authorized Signatures Required": 0, "Validity Period": "1 year", "Renewal Period": "6 weeks", "Minimum RSA Key Length": 2048, "domain": "PANTHEON.GOD", "type": "Certificate Template"}, "ObjectIdentifier": "7a9076cf-e8de-4b0e-8a99-9f589c146bd7", "Aces": [{"PrincipalSID": "S-1-5-21-2719813644-4043245918-1696442929-519", "PrincipalType": "Group", "RightName": "Owns", "IsInherited": false}, {"PrincipalSID": "S-1-5-21-2719813644-4043245918-1696442929-512", "PrincipalType": "Group", "RightName": "WriteOwner", "IsInherited": false}, {"PrincipalSID": "S-1-5-21-2719813644-4043245918-1696442929-512", "PrincipalType": "Group", "RightName": "WriteDacl", "IsInherited": false}, {"PrincipalSID": "S-1-5-21-2719813644-4043245918-1696442929-512", "PrincipalType": "Group", "RightName": "WriteProperty", "IsInherited": false}, {"PrincipalSID": "S-1-5-21-2719813644-4043245918-1696442929-512", "PrincipalType": "Group", "RightName": "Enroll", "IsInherited": false}, {"PrincipalSID": "S-1-5-21-2719813644-4043245918-1696442929-519", "PrincipalType": "Group", "RightName": "WriteOwner", "IsInherited": false}, {"PrincipalSID": "S-1-5-21-2719813644-4043245918-1696442929-519", "PrincipalType": "Group", "RightName": "WriteDacl", "IsInherited": false}, {"PrincipalSID": "S-1-5-21-2719813644-4043245918-1696442929-519", "PrincipalType": "Group", "RightName": "WriteProperty", "IsInherited": false}, {"PrincipalSID": "S-1-5-21-2719813644-4043245918-1696442929-519", "PrincipalType": "Group", "RightName": "Enroll", "IsInherited": false}]}, {"Properties": {"name": "USERSIGNATURE@PANTHEON.GOD", "highvalue": false, "Template Name": "UserSignature", "Display Name": "User Signature Only", "Enabled": false, "Client Authentication": true, "Enrollment Agent": false, "Any Purpose": false, "Enrollee Supplies Subject": false, "Certificate Name Flag": ["SubjectRequireDirectoryPath", "SubjectRequireEmail", "SubjectAltRequireEmail", "SubjectAltRequireUpn"], "Enrollment Flag": ["AutoEnrollment"], "Private Key Flag": ["AttestNone"], "Extended Key Usage": ["Secure Email", "Client Authentication"], "Requires Manager Approval": false, "Requires Key Archival": false, "Authorized Signatures Required": 0, "Validity Period": "1 year", "Renewal Period": "6 weeks", "Minimum RSA Key Length": 2048, "domain": "PANTHEON.GOD", "type": "Certificate Template"}, "ObjectIdentifier": "c1bd6bca-f066-493a-8751-752a9687e363", "Aces": [{"PrincipalSID": "S-1-5-21-2719813644-4043245918-1696442929-519", "PrincipalType": "Group", "RightName": "Owns", "IsInherited": false}, {"PrincipalSID": "S-1-5-21-2719813644-4043245918-1696442929-512", "PrincipalType": "Group", "RightName": "WriteOwner", "IsInherited": false}, {"PrincipalSID": "S-1-5-21-2719813644-4043245918-1696442929-512", "PrincipalType": "Group", "RightName": "WriteDacl", "IsInherited": false}, {"PrincipalSID": "S-1-5-21-2719813644-4043245918-1696442929-512", "PrincipalType": "Group", "RightName": "WriteProperty", "IsInherited": false}, {"PrincipalSID": "S-1-5-21-2719813644-4043245918-1696442929-512", "PrincipalType": "Group", "RightName": "Enroll", "IsInherited": false}, {"PrincipalSID": "S-1-5-21-2719813644-4043245918-1696442929-513", "PrincipalType": "Group", "RightName": "Enroll", "IsInherited": false}, {"PrincipalSID": "S-1-5-21-2719813644-4043245918-1696442929-519", "PrincipalType": "Group", "RightName": "WriteOwner", "IsInherited": false}, {"PrincipalSID": "S-1-5-21-2719813644-4043245918-1696442929-519", "PrincipalType": "Group", "RightName": "WriteDacl", "IsInherited": false}, {"PrincipalSID": "S-1-5-21-2719813644-4043245918-1696442929-519", "PrincipalType": "Group", "RightName": "WriteProperty", "IsInherited": false}, {"PrincipalSID": "S-1-5-21-2719813644-4043245918-1696442929-519", "PrincipalType": "Group", "RightName": "Enroll", "IsInherited": false}]}, {"Properties": {"name": "USER@PANTHEON.GOD", "highvalue": false, "Template Name": "User", "Display Name": "User", "Certificate Authorities": ["pantheon-dc01-CA"], "Enabled": true, "Client Authentication": true, "Enrollment Agent": false, "Any Purpose": false, "Enrollee Supplies Subject": false, "Certificate Name Flag": ["SubjectRequireDirectoryPath", "SubjectRequireEmail", "SubjectAltRequireEmail", "SubjectAltRequireUpn"], "Enrollment Flag": ["AutoEnrollment", "PublishToDs", "IncludeSymmetricAlgorithms"], "Private Key Flag": ["ExportableKey"], "Extended Key Usage": ["Encrypting File System", "Secure Email", "Client Authentication"], "Requires Manager Approval": false, "Requires Key Archival": false, "Authorized Signatures Required": 0, "Validity Period": "1 year", "Renewal Period": "6 weeks", "Minimum RSA Key Length": 2048, "domain": "PANTHEON.GOD", "type": "Certificate Template"}, "ObjectIdentifier": "123b0aa3-d6c4-4def-97f3-6bf6070ca068", "Aces": [{"PrincipalSID": "S-1-5-21-2719813644-4043245918-1696442929-519", "PrincipalType": "Group", "RightName": "Owns", "IsInherited": false}, {"PrincipalSID": "S-1-5-21-2719813644-4043245918-1696442929-512", "PrincipalType": "Group", "RightName": "WriteOwner", "IsInherited": false}, {"PrincipalSID": "S-1-5-21-2719813644-4043245918-1696442929-512", "PrincipalType": "Group", "RightName": "WriteDacl", "IsInherited": false}, {"PrincipalSID": "S-1-5-21-2719813644-4043245918-1696442929-512", "PrincipalType": "Group", "RightName": "WriteProperty", "IsInherited": false}, {"PrincipalSID": "S-1-5-21-2719813644-4043245918-1696442929-512", "PrincipalType": "Group", "RightName": "Enroll", "IsInherited": false}, {"PrincipalSID": "S-1-5-21-2719813644-4043245918-1696442929-513", "PrincipalType": "Group", "RightName": "Enroll", "IsInherited": false}, {"PrincipalSID": "S-1-5-21-2719813644-4043245918-1696442929-519", "PrincipalType": "Group", "RightName": "WriteOwner", "IsInherited": false}, {"PrincipalSID": "S-1-5-21-2719813644-4043245918-1696442929-519", "PrincipalType": "Group", "RightName": "WriteDacl", "IsInherited": false}, {"PrincipalSID": "S-1-5-21-2719813644-4043245918-1696442929-519", "PrincipalType": "Group", "RightName": "WriteProperty", "IsInherited": false}, {"PrincipalSID": "S-1-5-21-2719813644-4043245918-1696442929-519", "PrincipalType": "Group", "RightName": "Enroll", "IsInherited": false}]}], "meta": {"count": 34, "type": "gpos", "version": 4}}